Date,Open,High,Low,Close,Adj Close,Volume
2006-01-03,57.169998,58.490002,56.740002,58.310001,39.888046,5377000
2006-01-04,58.700001,59.279999,58.349998,58.349998,39.915413,7977800
2006-01-05,58.549999,58.590000,58.020000,58.509998,40.024864,5778000
2006-01-06,58.770000,58.849998,58.049999,58.570000,40.065922,6889800
2006-01-09,58.630001,59.290001,58.619999,59.189999,40.490028,4144500
2006-01-10,58.849998,59.220001,58.580002,59.220001,40.510544,4713600
2006-01-11,59.150002,59.880001,58.840000,59.570000,40.936615,5837900
2006-01-12,59.630001,59.779999,59.270000,59.470001,40.867886,3817700
2006-01-13,59.570000,59.669998,59.060001,59.380001,40.806042,3430900
2006-01-17,59.450001,59.459999,58.680000,58.810001,40.414333,2624700
2006-01-18,58.549999,58.900002,58.049999,58.450001,40.166954,2903000
2006-01-19,58.750000,59.980000,58.709999,59.349998,40.785427,3813000
2006-01-20,59.299999,59.549999,57.410000,57.849998,39.754623,5445900
2006-01-23,57.700001,58.689999,57.700001,58.480000,40.187561,3767000
2006-01-24,58.820000,59.450001,58.619999,58.689999,40.331879,3813600
2006-01-25,59.000000,59.419998,58.549999,59.169998,40.661728,4011700
2006-01-26,60.490002,60.500000,59.490002,59.970001,41.211494,5790400
2006-01-27,60.000000,61.000000,59.790001,60.779999,41.768131,3700100
2006-01-30,61.450001,61.849998,60.639999,60.669998,41.692543,4246600
2006-01-31,60.500000,61.910000,60.490002,61.450001,42.228546,5178400
2006-02-01,61.099998,61.959999,60.889999,61.830002,42.489700,3496000
2006-02-02,61.650002,62.139999,60.849998,61.270000,42.104866,3469800
2006-02-03,60.599998,62.150002,60.360001,61.439999,42.221680,3891600
2006-02-06,61.259998,61.910000,61.230000,61.730000,42.420971,2629500
2006-02-07,61.349998,61.540001,60.270000,60.529999,41.596340,3811300
2006-02-08,61.150002,61.360001,60.799999,61.270000,42.104866,2718000
2006-02-09,61.270000,61.900002,61.099998,61.180000,42.043015,2714000
2006-02-10,61.000000,61.139999,59.410000,60.310001,41.445148,4483600
2006-02-13,60.200001,60.580002,59.389999,59.810001,41.101536,4104900
2006-02-14,59.810001,60.459999,59.209999,60.070000,41.280216,3715100
2006-02-15,60.060001,61.060001,59.650002,60.860001,41.823101,2935600
2006-02-16,60.830002,61.349998,60.500000,61.299999,42.125465,2645100
2006-02-17,61.250000,61.349998,60.509998,60.810001,41.788738,3317700
2006-02-21,60.900002,61.279999,60.509998,60.770000,41.761261,2772000
2006-02-22,60.950001,61.779999,60.939999,61.580002,42.317894,3499500
2006-02-23,61.500000,61.500000,60.830002,60.849998,41.816231,2952700
2006-02-24,60.650002,61.380001,60.500000,60.830002,41.802486,3073400
2006-02-27,60.900002,61.150002,60.529999,60.740002,41.740631,3012700
2006-02-28,60.299999,60.750000,59.290001,59.660000,40.998459,4140700
2006-03-01,59.700001,60.400002,59.689999,60.130001,41.321461,2479200
2006-03-02,59.799999,60.080002,59.639999,59.790001,41.087795,2477900
2006-03-03,59.549999,60.250000,59.320000,59.720001,41.039700,2623600
2006-03-06,59.849998,60.369999,59.349998,59.919998,41.177124,2862800
2006-03-07,59.610001,59.880001,59.110001,59.660000,40.998459,3148800
2006-03-08,59.650002,59.709999,58.500000,59.070000,40.593018,3935100
2006-03-09,58.970001,59.450001,58.410000,58.660000,40.311249,2879600
2006-03-10,58.650002,59.730000,58.650002,59.119999,40.627377,4135500
2006-03-13,59.250000,59.700001,58.599998,58.790001,40.400585,4090000
2006-03-14,59.790001,60.849998,59.520000,60.029999,41.252728,6962000
2006-03-15,60.150002,60.709999,59.570000,59.639999,40.984718,4918700
2006-03-16,60.480000,60.630001,59.830002,59.939999,41.190861,6215300
2006-03-17,60.240002,60.549999,60.049999,60.259998,41.410774,5724000
2006-03-20,60.310001,60.840000,60.160000,60.369999,41.486374,4206600
2006-03-21,60.470001,60.919998,59.880001,60.410000,41.513874,5698500
2006-03-22,60.630001,62.060001,60.500000,61.939999,42.565281,8538100
2006-03-23,62.060001,62.060001,61.259998,61.570000,42.311016,4306800
2006-03-24,61.500000,62.380001,61.250000,61.470001,42.242302,3759800
2006-03-27,61.450001,62.310001,61.450001,62.119999,42.688980,3545100
2006-03-28,62.250000,63.220001,61.410000,62.060001,42.647747,6886000
2006-03-29,62.049999,63.139999,62.009998,62.900002,43.224998,3767400
2006-03-30,62.490002,63.939999,62.490002,63.619999,43.719780,5568500
2006-03-31,63.349998,64.230003,62.709999,62.820000,43.170021,5030800
2006-04-03,62.820000,63.980000,62.549999,63.250000,43.465508,4910000
2006-04-04,63.060001,64.480003,62.830002,64.269997,44.166462,3845900
2006-04-05,64.470001,65.000000,64.050003,64.309998,44.193943,5192900
2006-04-06,64.379997,64.820000,63.830002,64.500000,44.324516,3844600
2006-04-07,64.309998,64.879997,63.520000,63.770000,43.822884,3362900
2006-04-10,63.759998,65.000000,63.500000,64.190002,44.111492,3385200
2006-04-11,63.930000,64.150002,62.450001,62.730000,43.290260,4030200
2006-04-12,62.750000,63.279999,62.730000,63.080002,43.531803,2372200
2006-04-13,63.200001,63.240002,62.700001,62.980000,43.462784,2521700
2006-04-17,63.000000,63.930000,63.000000,63.610001,43.897560,3255200
2006-04-18,64.220001,65.790001,64.220001,65.639999,45.298454,6641600
2006-04-19,65.699997,65.739998,64.900002,65.160004,44.967205,2845600
2006-04-20,65.099998,65.680000,64.980003,64.980003,44.843014,2451900
2006-04-21,65.449997,65.449997,64.730003,65.029999,44.877510,3843900
2006-04-24,64.839996,65.440002,64.550003,65.309998,45.070728,3090500
2006-04-25,65.120003,65.300003,64.050003,64.370003,44.422031,3788800
2006-04-26,64.370003,64.699997,63.900002,64.410004,44.449642,3371200
2006-04-27,64.250000,65.309998,63.900002,64.970001,44.836109,3402900
2006-04-28,65.089996,65.419998,63.680000,64.300003,44.373730,6030100
2006-05-01,64.650002,65.029999,63.040001,63.160000,43.587009,3672300
2006-05-02,63.400002,64.250000,63.369999,64.139999,44.263306,3962300
2006-05-03,64.250000,64.360001,63.139999,63.419998,43.766426,3022500
2006-05-04,63.770000,64.449997,63.709999,63.799999,44.028679,3166600
2006-05-05,64.300003,65.559998,64.239998,65.529999,45.222553,3189500
2006-05-08,65.529999,65.879997,64.879997,65.400002,45.132843,3147300
2006-05-09,65.150002,65.879997,65.150002,65.750000,45.374363,1976400
2006-05-10,65.400002,65.720001,64.589996,65.209999,45.001728,2148300
2006-05-11,65.580002,66.000000,63.779999,64.260002,44.346123,4421300
2006-05-12,64.050003,64.900002,63.160000,63.290001,43.676712,3792600
2006-05-15,63.000000,63.490002,61.340000,62.070000,42.834793,4725400
2006-05-16,62.500000,63.139999,61.340000,62.060001,42.827885,3540500
2006-05-17,61.369999,61.430000,59.349998,59.990002,41.399380,5723300
2006-05-18,60.000000,60.799999,59.799999,59.860001,41.309654,3871900
2006-05-19,60.049999,60.939999,59.750000,59.939999,41.364864,4884600
2006-05-22,59.500000,59.770000,57.610001,59.169998,40.833485,6114700
2006-05-23,59.700001,60.200001,58.660000,58.770000,40.557457,3867400
2006-05-24,58.500000,59.230000,57.580002,59.099998,40.785187,5759700
2006-05-25,59.590000,59.860001,59.150002,59.770000,41.247551,3870100
2006-05-26,60.250000,60.950001,59.970001,60.570000,41.799637,3267300
2006-05-30,59.880001,60.099998,58.900002,59.110001,40.792084,3094100
2006-05-31,59.049999,59.799999,58.820000,59.619999,41.144039,3692700
2006-06-01,59.349998,60.669998,59.299999,60.580002,41.806545,3452200
2006-06-02,61.250000,61.529999,60.410000,60.590000,41.813438,4234200
2006-06-05,60.500000,60.619999,58.500000,58.650002,40.474648,5033400
2006-06-06,58.950001,59.299999,58.080002,58.900002,40.647163,4919900
2006-06-07,59.250000,60.060001,58.639999,59.139999,40.812782,4574200
2006-06-08,59.139999,59.590000,57.759998,58.980000,40.702374,5650600
2006-06-09,59.049999,59.959999,59.000000,59.189999,40.847279,3498400
2006-06-12,59.400002,59.700001,57.889999,58.200001,40.164089,4407800
2006-06-13,57.980000,58.950001,54.520000,55.240002,38.121387,9996200
2006-06-14,55.500000,56.310001,54.930000,55.590000,38.362915,7575000
2006-06-15,56.400002,57.500000,56.290001,57.330002,39.563694,6198200
2006-06-16,57.330002,57.330002,56.549999,56.990002,39.329056,4355600
2006-06-19,57.240002,57.459999,56.099998,56.520000,39.004707,3186400
2006-06-20,56.700001,57.439999,56.700001,57.020000,39.349766,4906000
2006-06-21,58.720001,60.099998,58.419998,59.480000,41.047421,10974800
2006-06-22,59.500000,60.139999,59.099998,60.009998,41.413174,3716300
2006-06-23,59.450001,60.230000,59.000000,59.700001,41.199245,3392500
2006-06-26,59.700001,60.680000,59.639999,60.400002,41.682331,4351000
2006-06-27,60.500000,60.799999,60.000000,60.040001,41.433880,4202600
2006-06-28,60.250000,60.639999,59.529999,60.139999,41.502888,4407300
2006-06-29,60.799999,62.610001,60.779999,62.540001,43.159138,7372500
2006-06-30,62.799999,63.490002,62.700001,63.209999,43.621502,5578500
2006-07-03,63.389999,64.089996,63.340000,64.019997,44.180496,1881000
2006-07-05,63.799999,63.830002,62.930000,63.650002,43.925159,4247900
2006-07-06,63.650002,64.500000,63.610001,63.869999,44.076969,3271700
2006-07-07,64.080002,64.989998,63.669998,63.950001,44.132191,5678500
2006-07-10,64.449997,64.879997,63.860001,64.209999,44.311623,3488000
2006-07-11,64.000000,64.150002,62.970001,63.930000,44.118385,4450900
2006-07-12,63.610001,63.880001,62.580002,62.630001,43.404568,4857400
2006-07-13,62.060001,62.709999,61.000000,61.470001,42.600632,5483800
2006-07-14,61.400002,61.750000,60.180000,60.689999,42.060089,4974300
2006-07-17,60.639999,61.779999,60.320000,61.200001,42.413536,3919500
2006-07-18,61.029999,62.090000,60.860001,61.959999,42.940224,4726800
2006-07-19,62.549999,64.559998,62.500000,63.849998,44.250069,5730200
2006-07-20,63.840000,64.290001,63.250000,63.340000,43.896626,3651800
2006-07-21,63.500000,63.500000,62.299999,62.509998,43.321388,5799200
2006-07-24,63.000000,64.489998,62.950001,64.220001,44.506493,3671500
2006-07-25,64.000000,65.139999,63.700001,64.970001,45.026264,3856200
2006-07-26,65.000000,65.000000,64.160004,64.449997,44.665890,3675100
2006-07-27,64.900002,65.279999,64.650002,65.059998,45.088623,3539200
2006-07-28,65.150002,66.550003,65.120003,66.230003,45.899490,5062800
2006-07-31,65.769997,66.660004,65.500000,66.500000,46.086597,3801600
2006-08-01,66.000000,66.080002,65.230003,65.940002,45.698509,3749500
2006-08-02,66.449997,66.489998,65.250000,66.230003,45.899490,6161600
2006-08-03,65.099998,68.010002,65.099998,67.800003,46.987530,5167900
2006-08-04,69.220001,69.500000,67.250000,67.690002,46.911304,6509500
2006-08-07,67.239998,67.809998,66.809998,67.139999,46.530128,4599800
2006-08-08,67.139999,67.449997,65.940002,66.279999,45.934132,6174000
2006-08-09,66.739998,67.169998,64.379997,64.680000,44.825287,6132000
2006-08-10,64.050003,65.370003,63.799999,65.230003,45.206455,5219800
2006-08-11,65.250000,65.610001,64.650002,65.360001,45.296539,3607200
2006-08-14,65.570000,66.000000,64.800003,65.029999,45.067833,3523400
2006-08-15,66.000000,66.750000,65.930000,66.239998,45.906406,4449100
2006-08-16,66.739998,67.290001,66.349998,66.949997,46.398472,4151100
2006-08-17,66.849998,67.949997,66.680000,67.570000,46.828129,3187600
2006-08-18,67.570000,67.570000,66.739998,67.139999,46.530128,4072900
2006-08-21,67.000000,67.400002,66.040001,67.199997,46.571709,4345300
2006-08-22,67.449997,68.500000,67.360001,67.849998,47.022190,4687100
2006-08-23,68.099998,68.529999,67.550003,68.050003,47.160793,5090900
2006-08-24,68.050003,68.300003,67.449997,67.750000,46.952881,3401000
2006-08-25,67.500000,67.699997,66.830002,66.980003,46.419250,3272300
2006-08-28,66.300003,67.230003,66.250000,66.889999,46.356888,3409500
2006-08-29,66.889999,66.889999,65.099998,65.639999,45.490585,4728100
2006-08-30,65.599998,65.940002,65.250000,65.500000,45.393562,2623200
2006-08-31,65.500000,66.000000,65.410004,65.790001,45.594547,2497300
2006-09-01,66.150002,66.830002,65.860001,66.830002,46.315304,2486700
2006-09-05,67.599998,67.660004,66.980003,67.419998,46.724190,2990400
2006-09-06,66.699997,67.089996,66.050003,66.099998,45.809364,3401300
2006-09-07,65.599998,66.500000,65.519997,65.959999,45.712364,3582800
2006-09-08,66.790001,66.790001,65.260002,66.690002,46.218266,3137900
2006-09-11,66.080002,66.669998,65.949997,66.669998,46.204414,3240800
2006-09-12,66.849998,68.650002,66.849998,68.349998,47.368694,5213100
2006-09-13,67.970001,70.050003,67.730003,69.730003,48.325077,6152500
2006-09-14,69.300003,70.430000,69.290001,70.320000,48.733994,4548600
2006-09-15,70.769997,71.470001,70.400002,70.949997,49.170586,5655000
2006-09-18,70.949997,71.360001,70.449997,70.860001,49.108208,4655600
2006-09-19,71.400002,71.849998,70.900002,71.849998,49.794312,5791000
2006-09-20,73.300003,73.650002,71.510002,72.349998,50.140839,11274400
2006-09-21,72.349998,72.910004,71.599998,71.639999,49.648773,4747100
2006-09-22,70.500000,72.000000,70.449997,71.779999,49.745815,6172300
2006-09-25,72.400002,73.000000,71.930000,72.570000,50.293282,6229600
2006-09-26,72.250000,73.449997,72.250000,73.260002,50.771492,5734100
2006-09-27,72.800003,72.940002,71.779999,72.389999,50.168541,4433200
2006-09-28,72.400002,73.089996,72.320000,72.889999,50.515068,3180100
2006-09-29,72.889999,73.620003,72.830002,72.910004,50.528912,3290000
2006-10-02,72.250000,73.349998,72.250000,73.040001,50.619026,2724800
2006-10-03,72.699997,73.820000,72.669998,73.559998,50.979408,3776900
2006-10-04,73.400002,74.680000,72.809998,74.540001,51.658577,4602100
2006-10-05,74.349998,74.750000,73.839996,74.559998,51.672424,3957400
2006-10-06,74.250000,74.500000,73.830002,74.410004,51.568470,2784100
2006-10-09,74.419998,75.000000,74.120003,75.000000,51.977364,2936300
2006-10-10,75.000000,75.760002,74.540001,75.000000,51.977364,5676900
2006-10-11,74.250000,74.980003,74.000000,74.779999,52.012146,4380800
2006-10-12,74.949997,76.480003,74.900002,76.349998,53.104137,5083600
2006-10-13,76.050003,76.680000,75.900002,76.570000,53.257149,2947500
2006-10-16,76.500000,77.070000,76.209999,76.809998,53.424072,2224500
2006-10-17,76.550003,76.750000,75.320000,75.779999,52.707668,3563000
2006-10-18,76.400002,76.699997,75.699997,76.300003,53.069355,3622900
2006-10-19,75.879997,76.290001,75.610001,76.180000,52.985878,2685400
2006-10-20,76.400002,76.709999,75.989998,76.400002,53.138916,3085500
2006-10-23,76.300003,77.730003,76.209999,77.349998,53.799667,4317100
2006-10-24,76.849998,78.180000,76.849998,78.160004,54.363052,3223800
2006-10-25,78.199997,78.199997,76.949997,77.470001,53.883129,3252100
2006-10-26,77.550003,77.720001,76.730003,77.620003,53.987461,3270100
2006-10-27,77.379997,77.419998,76.320000,76.440002,53.166733,2869300
2006-10-30,76.300003,76.849998,75.809998,76.580002,53.264107,3863800
2006-10-31,76.750000,76.919998,76.120003,76.430000,53.159775,4047700
2006-11-01,76.599998,77.150002,73.709999,73.769997,51.309643,5959500
2006-11-02,73.300003,75.480003,73.300003,74.160004,51.580914,6119000
2006-11-03,74.639999,74.839996,73.709999,74.279999,51.664375,3205600
2006-11-06,75.000000,76.330002,74.750000,76.040001,52.888523,3856400
2006-11-07,76.449997,76.970001,75.849998,75.900002,52.791126,4500300
2006-11-08,75.379997,76.000000,75.050003,75.540001,52.540741,4462700
2006-11-09,75.389999,75.879997,74.610001,74.849998,52.060837,4431300
2006-11-10,75.250000,76.720001,75.129997,76.680000,53.333652,3667400
2006-11-13,76.849998,78.199997,76.620003,77.330002,53.785751,3801700
2006-11-14,77.989998,78.500000,76.639999,78.230003,54.411743,4075300
2006-11-15,78.500000,79.000000,78.230003,78.660004,54.710827,4525300
2006-11-16,79.250000,79.500000,78.169998,78.680000,54.724720,4137400
2006-11-17,78.349998,79.290001,78.290001,79.120003,55.030769,3436600
2006-11-20,78.699997,80.000000,78.260002,79.309998,55.162922,4449000
2006-11-21,79.389999,79.750000,79.099998,79.230003,55.107277,2627100
2006-11-22,79.650002,80.000000,78.769997,79.199997,55.086411,2783900
2006-11-24,78.300003,79.250000,78.150002,78.949997,54.912529,1120500
2006-11-27,78.699997,78.830002,76.089996,76.250000,53.034573,4469200
2006-11-28,75.940002,77.120003,75.800003,76.919998,53.500576,3881000
2006-11-29,77.739998,77.940002,76.470001,77.410004,53.841412,4036600
2006-11-30,77.129997,77.400002,75.800003,76.160004,52.971992,4164000
2006-12-01,76.300003,76.550003,74.510002,75.269997,52.352951,5333700
2006-12-04,75.629997,77.500000,75.629997,77.260002,53.737076,3949800
2006-12-05,77.220001,78.160004,77.070000,77.980003,54.237850,3567800
2006-12-06,78.320000,78.919998,78.089996,78.610001,54.676041,3221800
2006-12-07,79.250000,79.599998,78.000000,78.180000,54.376965,3416800
2006-12-08,78.180000,79.160004,77.870003,78.610001,54.676041,2481200
2006-12-11,78.790001,79.290001,77.959999,78.769997,54.787315,3220000
2006-12-12,78.360001,79.120003,77.169998,78.400002,54.529968,4203000
2006-12-13,79.050003,79.480003,78.639999,78.959999,54.919464,2927000
2006-12-14,78.500000,79.949997,78.320000,79.599998,55.364628,5176900
2006-12-15,80.129997,80.129997,79.199997,79.260002,55.128143,5869300
2006-12-18,79.260002,80.809998,79.260002,80.370003,55.900185,4419100
2006-12-19,82.400002,83.400002,80.180000,81.699997,56.825237,9710800
2006-12-20,82.290001,82.680000,81.019997,81.279999,56.533131,5643900
2006-12-21,81.099998,81.970001,80.739998,80.790001,56.192314,3297600
2006-12-22,80.629997,81.139999,78.680000,79.699997,55.434174,3581500
2006-12-26,79.599998,80.870003,79.599998,80.730003,56.150581,1848800
2006-12-27,81.529999,82.010002,80.500000,82.000000,57.033897,2655700
2006-12-28,81.449997,81.989998,80.910004,81.589996,56.748730,2079400
2006-12-29,81.389999,82.000000,81.250000,81.430000,56.637459,2394300
2007-01-03,81.930000,82.320000,80.820000,81.620003,56.769600,4816100
2007-01-04,81.269997,82.400002,80.500000,81.910004,56.971310,5036400
2007-01-05,81.349998,81.589996,80.360001,80.860001,56.240993,4674300
2007-01-08,80.610001,81.620003,80.040001,81.349998,56.581806,4852800
2007-01-09,81.199997,81.849998,80.720001,81.160004,56.449654,5039500
2007-01-10,80.730003,81.820000,79.599998,81.570000,56.924206,5970500
2007-01-11,81.449997,82.690002,81.209999,82.370003,57.482479,5162400
2007-01-12,82.120003,83.250000,81.769997,82.860001,57.824440,4374100
2007-01-16,83.080002,83.379997,82.129997,82.610001,57.649982,4301500
2007-01-17,82.610001,83.000000,81.949997,82.379997,57.489471,3211300
2007-01-18,83.279999,83.279999,81.019997,81.209999,56.672966,4150100
2007-01-19,81.550003,82.410004,81.300003,81.500000,56.875359,3548500
2007-01-22,81.500000,84.459999,81.500000,83.309998,58.138462,6322900
2007-01-23,83.139999,83.199997,82.010002,82.620003,57.656948,3702900
2007-01-24,82.790001,84.660004,82.750000,84.650002,59.073597,4471100
2007-01-25,84.459999,84.570000,81.720001,82.220001,57.377804,4132400
2007-01-26,82.230003,82.500000,80.760002,82.120003,57.308018,4228400
2007-01-29,82.699997,82.699997,80.849998,81.120003,56.610168,4217900
2007-01-30,81.500000,82.110001,81.000000,81.720001,57.028877,3912100
2007-01-31,81.720001,82.970001,80.720001,82.790001,57.775585,5832900
2007-02-01,83.459999,84.389999,83.099998,83.849998,58.515312,5157000
2007-02-02,83.879997,84.269997,83.110001,84.040001,58.647903,3868900
2007-02-05,83.669998,83.910004,83.010002,83.269997,58.110554,3323900
2007-02-06,83.449997,83.870003,82.970001,83.129997,58.012867,3835100
2007-02-07,83.699997,83.699997,82.919998,83.239998,58.089607,3291100
2007-02-08,82.980003,83.239998,81.500000,82.820000,57.796524,3708700
2007-02-09,82.769997,84.080002,80.830002,81.779999,57.070736,7112700
2007-02-12,81.839996,81.919998,79.910004,80.279999,56.023956,4911400
2007-02-13,80.330002,81.660004,80.279999,81.250000,56.700890,3921500
2007-02-14,81.669998,82.940002,81.290001,82.360001,57.475513,4194800
2007-02-15,82.110001,83.230003,82.029999,82.820000,57.796524,3013800
2007-02-16,82.330002,82.849998,81.519997,82.360001,57.475513,4449600
2007-02-20,82.339996,83.599998,81.540001,83.309998,58.138462,4612400
2007-02-21,82.690002,83.690002,82.250000,83.190002,58.054722,4392300
2007-02-22,83.400002,83.750000,82.190002,82.750000,57.747669,4159400
2007-02-23,82.449997,82.690002,80.620003,80.970001,56.505489,5406200
2007-02-26,81.099998,81.480003,78.150002,78.519997,54.795746,7948100
2007-02-27,76.480003,76.849998,73.040001,74.129997,51.732128,13121000
2007-02-28,74.580002,75.790001,73.220001,74.919998,52.283459,10751100
2007-03-01,72.669998,75.620003,72.199997,75.089996,52.402081,10629700
2007-03-02,74.669998,75.290001,73.400002,73.400002,51.222710,7822500
2007-03-05,72.150002,73.410004,70.300003,71.639999,49.994484,11011300
2007-03-06,72.500000,74.169998,72.500000,73.550003,51.327377,10785800
2007-03-07,73.800003,75.010002,73.360001,73.889999,51.564659,8245400
2007-03-08,74.559998,76.610001,74.559998,75.410004,52.625397,7356600
2007-03-09,75.980003,76.349998,74.500000,76.000000,53.037136,8619100
2007-03-12,74.949997,76.320000,74.610001,76.059998,53.079018,7317600
2007-03-13,75.339996,75.540001,71.820000,72.080002,50.301537,11909300
2007-03-14,71.910004,74.040001,70.930000,73.809998,51.508827,13037700
2007-03-15,73.349998,75.559998,73.349998,74.889999,52.262508,6363100
2007-03-16,75.269997,75.500000,74.239998,74.410004,51.927547,7464500
2007-03-19,75.000000,76.150002,74.940002,75.019997,52.353237,6141200
2007-03-20,74.989998,76.660004,74.820000,76.110001,53.113907,5740900
2007-03-21,78.449997,81.940002,77.830002,81.330002,56.756702,17638600
2007-03-22,80.820000,82.000000,80.589996,81.129997,56.617153,8110000
2007-03-23,80.230003,81.330002,80.160004,81.099998,56.596207,6088300
2007-03-26,81.500000,81.500000,79.730003,80.370003,56.086765,9221500
2007-03-27,80.370003,80.430000,78.910004,79.470001,55.458706,6341600
2007-03-28,79.250000,80.250000,78.040001,78.330002,54.663132,6971200
2007-03-29,78.830002,79.889999,77.400002,78.430000,54.732937,7361700
2007-03-30,78.639999,79.470001,77.660004,78.760002,54.963223,6030900
2007-04-02,78.699997,79.000000,77.260002,78.690002,54.914375,5492500
2007-04-03,79.110001,80.339996,78.989998,80.180000,55.954159,6307000
2007-04-04,80.250000,80.419998,79.510002,79.809998,55.695976,4410500
2007-04-05,79.500000,80.570000,79.400002,80.300003,56.037926,4052400
2007-04-09,80.400002,80.559998,79.540001,80.300003,56.037926,3427100
2007-04-10,80.430000,81.339996,80.050003,80.279999,56.023956,5596700
2007-04-11,79.910004,80.120003,78.750000,79.400002,55.596832,5741700
2007-04-12,79.209999,80.129997,78.540001,80.070000,56.065987,4149300
2007-04-13,81.519997,81.519997,79.570000,79.989998,56.009960,4497600
2007-04-16,80.599998,82.379997,80.540001,82.070000,57.466408,5986900
2007-04-17,82.099998,82.510002,81.360001,81.589996,57.130302,5506800
2007-04-18,81.500000,83.959999,81.500000,81.820000,57.291348,9406800
2007-04-19,81.820000,82.980003,80.050003,82.589996,57.830498,7016000
2007-04-20,83.699997,83.820000,82.150002,82.910004,58.054581,8290000
2007-04-23,83.500000,84.459999,83.199997,83.559998,58.509712,4634600
2007-04-24,84.199997,84.199997,82.690002,83.510002,58.474712,4363000
2007-04-25,84.010002,84.669998,83.190002,84.519997,59.181923,5498600
2007-04-26,84.019997,84.830002,83.540001,84.379997,59.083889,5287600
2007-04-27,84.000000,85.099998,83.209999,85.010002,59.525021,4466200
2007-04-30,84.989998,85.169998,83.699997,84.010002,58.824821,5418900
2007-05-01,84.309998,84.599998,82.510002,84.110001,58.894833,4379700
2007-05-02,84.019997,85.410004,83.709999,84.360001,59.069893,4474300
2007-05-03,84.900002,85.300003,83.879997,85.279999,59.714077,2983500
2007-05-04,85.500000,86.820000,85.199997,86.570000,60.617348,4738100
2007-05-07,86.800003,87.440002,85.629997,85.980003,60.204224,3315800
2007-05-08,85.559998,85.769997,84.459999,85.650002,59.973160,3241700
2007-05-09,85.199997,86.309998,85.190002,86.050003,60.253262,3328000
2007-05-10,85.540001,86.000000,84.379997,84.379997,59.083889,3842000
2007-05-11,84.419998,85.459999,84.379997,85.150002,59.623051,4216600
2007-05-14,85.459999,85.620003,84.320000,84.900002,59.447990,3515800
2007-05-15,85.500000,86.000000,83.349998,83.480003,58.453701,6423500
2007-05-16,83.620003,84.220001,82.930000,84.080002,58.873814,5004600
2007-05-17,83.779999,84.790001,83.680000,84.169998,58.936844,3834100
2007-05-18,84.339996,85.580002,84.169998,85.050003,59.553043,4453200
2007-05-21,84.500000,86.000000,84.500000,85.610001,59.945156,5401000
2007-05-22,85.610001,86.059998,85.099998,85.629997,59.959148,3260800
2007-05-23,85.699997,87.000000,85.500000,85.750000,60.043186,3629200
2007-05-24,86.500000,86.870003,84.050003,84.459999,59.139908,4387500
2007-05-25,83.050003,84.709999,83.050003,84.260002,58.999866,3694300
2007-05-29,84.320000,85.589996,84.019997,85.290001,59.721069,3248300
2007-05-30,84.750000,85.820000,84.209999,85.820000,60.092197,3518300
2007-05-31,86.910004,87.160004,84.900002,85.040001,59.546059,4881600
2007-06-01,85.139999,86.230003,84.860001,86.070000,60.267231,5350200
2007-06-04,86.239998,86.489998,85.180000,85.849998,60.113197,3703000
2007-06-05,85.199997,85.900002,85.029999,85.650002,59.973160,4644700
2007-06-06,85.279999,86.349998,84.500000,85.959999,60.190231,7639400
2007-06-07,85.510002,88.470001,84.730003,84.730003,59.328979,10803500
2007-06-08,84.900002,87.260002,84.660004,87.099998,60.988468,6493900
2007-06-11,87.120003,89.099998,86.940002,88.540001,61.996780,5706500
2007-06-12,88.699997,89.320000,86.690002,86.699997,60.708385,9084600
2007-06-13,87.559998,89.220001,87.279999,89.169998,62.437908,7700200
2007-06-14,88.639999,90.529999,88.330002,89.300003,62.528931,9562600
2007-06-15,90.769997,90.949997,88.260002,88.480003,61.954777,10335000
2007-06-18,89.830002,90.339996,88.160004,88.500000,61.968758,11238000
2007-06-19,88.830002,88.900002,87.139999,87.800003,61.478607,9268200
2007-06-20,89.449997,90.330002,87.099998,87.320000,61.142502,15278600
2007-06-21,87.860001,87.860001,85.599998,87.290001,61.121494,11540200
2007-06-22,87.000000,87.199997,84.309998,84.599998,59.237953,12711100
2007-06-25,84.849998,86.980003,83.500000,84.540001,59.195911,13035600
2007-06-26,85.279999,85.709999,84.029999,84.110001,58.894833,9155700
2007-06-27,83.500000,85.550003,83.000000,85.320000,59.742081,10641900
2007-06-28,85.349998,85.949997,84.809998,84.879997,59.434006,7096100
2007-06-29,85.500000,85.900002,82.730003,83.879997,58.733784,9030100
2007-07-02,70.940002,72.150002,70.519997,71.330002,60.167774,9110200
2007-07-03,71.820000,73.339996,71.750000,73.220001,61.762001,5964900
2007-07-05,73.500000,73.580002,72.169998,72.940002,61.525829,9145600
2007-07-06,73.019997,73.599998,72.370003,73.089996,61.652355,6144700
2007-07-09,73.089996,73.250000,72.220001,72.660004,61.289642,6078200
2007-07-10,72.000000,72.029999,70.029999,70.459999,59.433910,10785700
2007-07-11,69.720001,71.360001,69.589996,70.650002,59.823437,9486600
2007-07-12,70.720001,72.430000,70.650002,72.400002,61.305241,8428000
2007-07-13,71.949997,73.639999,71.580002,73.260002,62.033447,7478200
2007-07-16,73.550003,73.550003,72.150002,72.300003,61.220585,7023400
2007-07-17,72.849998,73.220001,72.160004,72.849998,61.686264,6357500
2007-07-18,71.349998,72.209999,69.699997,70.849998,59.992779,12567500
2007-07-19,70.610001,71.500000,69.160004,69.879997,59.171421,9928100
2007-07-20,69.889999,70.239998,66.779999,67.570000,57.215397,15623400
2007-07-23,67.949997,68.449997,67.169998,67.709999,57.333946,9878000
2007-07-24,66.900002,67.139999,65.010002,65.550003,55.504959,15269900
2007-07-25,66.050003,66.599998,64.989998,65.860001,55.767429,14736800
2007-07-26,64.290001,64.949997,61.500000,64.500000,54.615860,21899900
2007-07-27,64.500000,65.910004,63.259998,64.370003,54.505775,18615000
2007-07-30,65.279999,65.279999,62.450001,64.610001,54.709007,18479700
2007-07-31,65.540001,67.309998,63.599998,63.869999,54.082401,17311400
2007-08-01,62.939999,65.000000,61.840000,64.379997,54.514233,16651000
2007-08-02,64.589996,65.300003,62.740002,63.880001,54.090878,12024200
2007-08-03,63.160000,64.150002,60.490002,60.619999,51.330437,17756500
2007-08-06,60.919998,64.160004,58.750000,64.029999,54.217880,17222100
2007-08-07,63.709999,65.860001,62.389999,64.330002,54.471905,15860000
2007-08-08,64.980003,66.800003,63.849998,65.389999,55.369469,20804800
2007-08-09,62.299999,64.150002,61.389999,61.810001,52.338078,23865400
2007-08-10,60.400002,62.389999,59.119999,60.029999,50.830849,23334300
2007-08-13,62.049999,63.130001,59.529999,59.639999,50.500614,15439500
2007-08-14,60.169998,60.349998,56.900002,57.580002,48.756298,19214600
2007-08-15,57.349998,59.400002,56.380001,56.630001,47.951866,14947200
2007-08-16,55.820000,59.790001,54.900002,58.970001,49.933277,22913900
2007-08-17,62.619999,63.200001,61.130001,62.230000,52.693718,23742800
2007-08-20,62.509998,63.220001,61.070000,62.660000,53.057816,14072100
2007-08-21,62.650002,63.900002,61.799999,62.889999,53.252586,10226200
2007-08-22,63.860001,64.500000,62.590000,64.089996,54.268677,10784600
2007-08-23,64.720001,64.919998,62.880001,64.309998,54.454975,11323400
2007-08-24,64.220001,64.750000,63.099998,64.540001,54.649723,7126700
2007-08-27,64.389999,64.410004,63.450001,63.730000,53.963852,8576100
2007-08-28,62.549999,62.849998,60.660000,60.770000,51.457443,10481800
2007-08-29,61.200001,61.459999,59.860001,61.209999,51.830021,9787100
2007-08-30,59.779999,60.910000,59.549999,60.160000,50.940918,8662400
2007-08-31,61.950001,62.869999,61.130001,62.369999,52.812252,10375600
2007-09-04,62.540001,65.050003,62.070000,63.930000,54.133198,8798000
2007-09-05,63.400002,63.439999,61.919998,62.560001,52.973148,8051200
2007-09-06,62.889999,62.919998,61.130001,62.500000,52.922344,7138100
2007-09-07,61.110001,63.540001,60.540001,62.500000,52.922344,11879900
2007-09-10,63.349998,64.050003,61.700001,63.080002,53.413452,7934200
2007-09-11,63.360001,64.239998,63.099998,63.540001,53.802967,6765400
2007-09-12,62.990002,63.900002,62.759998,63.459999,53.735245,7378000
2007-09-13,64.570000,67.180000,64.010002,66.790001,56.554935,12243300
2007-09-14,66.050003,66.320000,64.919998,66.110001,55.979141,7644000
2007-09-17,65.519997,65.660004,63.980000,64.910004,54.963032,7660900
2007-09-18,66.230003,69.279999,64.809998,68.510002,58.011349,17094400
2007-09-19,69.080002,69.870003,66.440002,67.029999,56.758156,17633900
2007-09-20,67.589996,67.589996,63.360001,64.629997,54.725925,17066900
2007-09-21,65.070000,65.070000,63.150002,64.440002,54.565052,13310300
2007-09-24,64.910004,65.000000,62.110001,62.290001,52.744526,8230000
2007-09-25,61.919998,61.950001,60.500000,61.369999,51.965504,10411100
2007-09-26,61.740002,64.279999,60.799999,62.970001,53.320320,14916100
2007-09-27,62.750000,64.980003,62.720001,64.550003,54.658195,10021900
2007-09-28,64.309998,64.550003,62.400002,63.000000,53.345715,13313800
2007-10-01,62.599998,64.489998,62.599998,64.010002,54.200947,9371500
2007-10-02,64.470001,66.680000,64.220001,66.099998,55.970665,10851700
2007-10-03,66.000000,67.550003,65.750000,67.000000,56.732742,9141500
2007-10-04,67.169998,67.599998,66.320000,67.110001,56.825886,7590500
2007-10-05,67.930000,68.900002,67.010002,68.900002,58.341587,8303900
2007-10-08,68.650002,68.800003,67.769997,67.940002,57.528702,5028500
2007-10-09,68.540001,69.230003,66.669998,69.089996,58.502483,7969700
2007-10-10,68.459999,69.019997,67.019997,67.529999,57.405872,7604300
2007-10-11,67.980003,68.389999,66.169998,67.059998,57.006321,8421000
2007-10-12,67.489998,67.730003,66.589996,67.250000,57.167858,4498800
2007-10-15,67.190002,67.349998,65.209999,66.099998,56.190262,6848700
2007-10-16,65.440002,65.919998,64.709999,65.300003,55.510189,8264700
2007-10-17,65.989998,66.529999,64.120003,65.809998,55.943741,9583600
2007-10-18,64.820000,66.080002,63.880001,65.400002,55.595200,8384100
2007-10-19,65.019997,65.489998,61.450001,61.950001,52.662430,16036400
2007-10-22,61.950001,63.389999,61.380001,62.590000,53.206467,10225500
2007-10-23,63.369999,63.919998,61.509998,63.619999,54.082054,9077300
2007-10-24,62.959999,63.500000,60.000000,62.889999,53.461487,12739000
2007-10-25,62.959999,63.430000,60.500000,62.000000,52.704926,16626000
2007-10-26,63.630001,65.000000,62.930000,64.779999,55.068142,11332700
2007-10-29,64.839996,66.480003,64.629997,66.269997,56.334755,8606800
2007-10-30,65.919998,66.949997,64.820000,65.489998,55.671703,9055300
2007-10-31,66.220001,67.599998,64.269997,67.260002,57.176346,16782800
2007-11-01,65.019997,65.019997,62.060001,62.419998,53.061951,15660700
2007-11-02,62.369999,62.369999,56.880001,58.900002,50.069687,28807100
2007-11-05,57.880001,58.090000,54.200001,55.590000,47.255920,26713600
2007-11-06,55.639999,56.330002,52.820000,54.509998,46.337833,27876000
2007-11-07,52.680000,53.389999,50.080002,51.189999,43.515568,30047400
2007-11-08,53.220001,54.020000,50.840000,53.680000,45.632256,32757300
2007-11-09,51.750000,56.110001,51.750000,54.200001,46.074314,21374900
2007-11-12,53.500000,55.709999,53.099998,53.770000,45.708778,14061000
2007-11-13,54.400002,56.040001,52.759998,55.860001,47.485428,17707100
2007-11-14,57.250000,58.099998,55.020000,55.610001,47.272919,15193800
2007-11-15,54.770000,55.919998,52.130001,53.270000,45.283730,19456000
2007-11-16,53.560001,53.730000,51.830002,52.900002,44.969208,11804100
2007-11-19,52.020000,52.490002,50.500000,51.130001,43.464569,11741300
2007-11-20,50.750000,51.560001,48.720001,50.430000,42.869514,19281900
2007-11-21,49.360001,49.689999,47.560001,48.509998,41.237358,19768200
2007-11-23,48.930000,50.250000,48.930000,49.889999,42.410458,5986000
2007-11-26,49.990002,49.990002,47.930000,47.950001,40.761307,10141800
2007-11-27,48.299999,50.299999,48.200001,49.799999,42.333950,15862100
2007-11-28,50.310001,53.619999,50.200001,53.500000,45.479252,19738600
2007-11-29,53.200001,53.430000,51.830002,52.340000,44.493164,10439700
2007-11-30,54.220001,55.200001,52.209999,52.720001,44.816185,17838100
2007-12-03,51.790001,52.759998,51.279999,52.279999,44.442154,9360300
2007-12-04,50.950001,50.990002,49.110001,50.009998,42.512470,17126100
2007-12-05,50.770000,51.259998,49.270000,50.110001,42.597485,10375100
2007-12-06,49.410000,51.650002,49.220001,51.580002,43.847115,11061200
2007-12-07,51.610001,53.099998,51.490002,51.689999,43.940613,10274600
2007-12-10,52.419998,54.509998,51.779999,54.369999,46.218822,16518200
2007-12-11,54.470001,54.889999,49.950001,49.950001,42.461472,23332300
2007-12-12,51.750000,52.439999,48.849998,50.369999,42.818497,22486200
2007-12-13,49.810001,50.450001,47.490002,50.200001,42.673988,20173600
2007-12-14,49.500000,51.139999,48.950001,50.299999,42.758991,13465400
2007-12-17,50.020000,50.799999,48.720001,49.529999,42.104427,13994200
2007-12-18,48.930000,49.889999,47.250000,48.070000,40.863323,24012100
2007-12-19,48.820000,51.369999,47.900002,50.080002,42.571987,36264900
2007-12-20,50.549999,52.520000,49.490002,51.369999,43.668583,29675600
2007-12-21,52.080002,54.900002,52.080002,54.369999,46.218822,31172000
2007-12-24,53.900002,55.389999,53.669998,54.970001,46.728870,5522400
2007-12-26,54.650002,55.139999,53.900002,55.000000,46.754372,6960200
2007-12-27,54.619999,54.799999,53.009998,53.320000,45.326233,10933000
2007-12-28,53.540001,53.959999,51.939999,53.220001,45.241234,9002600
2007-12-31,53.000000,53.849998,51.910000,53.110001,45.147728,8019200
2008-01-02,52.980000,53.400002,50.310001,50.950001,43.311554,17624100
2008-01-03,51.209999,51.889999,50.580002,50.939999,43.303043,11422200
2008-01-04,49.919998,50.689999,48.860001,49.299999,41.908913,14448500
2008-01-07,49.500000,49.840000,47.950001,48.310001,41.067337,18767500
2008-01-08,48.650002,48.970001,45.880001,46.400002,39.443687,22467500
2008-01-09,45.799999,48.009998,44.939999,47.730000,40.811771,20061800
2008-01-10,46.560001,49.130001,45.919998,48.410000,41.393211,20270800
2008-01-11,47.930000,49.790001,47.580002,48.389999,41.376114,15874500
2008-01-14,48.930000,49.490002,48.590000,48.900002,41.812195,10954300
2008-01-15,47.750000,48.580002,46.650002,47.130001,40.298752,12448800
2008-01-16,46.820000,48.790001,46.810001,47.389999,40.521053,15582700
2008-01-17,47.560001,47.980000,45.000000,45.250000,38.691246,18516000
2008-01-18,45.549999,46.549999,43.570000,45.110001,38.571537,19736300
2008-01-22,42.849998,50.130001,42.570000,48.529999,41.495831,36857100
2008-01-23,46.990002,52.090000,46.500000,51.700001,44.206352,27599200
2008-01-24,51.900002,52.090000,50.299999,51.230000,43.804466,16341300
2008-01-25,51.610001,52.389999,48.070000,48.889999,41.803638,19071500
2008-01-28,48.860001,49.680000,48.009998,49.590000,42.402176,12982300
2008-01-29,49.130001,50.209999,48.599998,49.459999,42.291027,12291100
2008-01-30,49.340000,51.119999,48.439999,48.630001,41.581329,16018700
2008-01-31,47.869999,50.029999,46.450001,49.340000,42.188416,22824300
2008-02-01,49.040001,49.450001,47.689999,48.250000,41.256405,26818300
2008-02-04,48.070000,48.360001,47.470001,48.029999,41.068291,10749700
2008-02-05,46.900002,47.200001,45.450001,45.560001,38.956310,13172400
2008-02-06,45.900002,46.310001,44.410000,44.950001,38.434727,12474000
2008-02-07,44.560001,46.189999,44.380001,44.880001,38.374866,17074600
2008-02-08,44.560001,44.880001,42.860001,43.189999,36.929821,17177100
2008-02-11,43.700001,43.700001,42.150002,42.529999,36.365490,14941100
2008-02-12,42.750000,43.590000,42.259998,42.709999,36.519390,18691400
2008-02-13,42.500000,43.369999,41.900002,43.230000,36.964031,19850100
2008-02-14,42.660000,43.740002,42.130001,42.619999,36.442448,20165600
2008-02-15,42.150002,42.980000,41.849998,42.320000,36.185936,23014400
2008-02-19,42.779999,43.080002,41.369999,41.490002,35.476234,17433900
2008-02-20,41.150002,43.669998,40.759998,43.549999,37.237637,19134400
2008-02-21,44.000000,44.279999,42.980000,43.169998,36.912720,13388700
2008-02-22,43.209999,44.279999,42.279999,44.189999,37.784878,12847800
2008-02-25,43.950001,45.450001,43.490002,45.279999,38.716900,14734800
2008-02-26,44.970001,45.709999,44.250000,44.930000,38.417622,15693400
2008-02-27,44.480000,46.419998,44.310001,45.880001,39.229923,12172500
2008-02-28,45.419998,45.580002,44.029999,44.400002,37.964439,10733600
2008-02-29,43.599998,44.000000,41.930000,42.119999,36.014927,15564300
2008-03-03,42.150002,42.209999,41.060001,41.580002,35.553188,16895200
2008-03-04,41.110001,41.709999,40.330002,41.349998,35.356514,13558800
2008-03-05,41.400002,42.459999,40.889999,41.470001,35.459126,13105900
2008-03-06,40.849998,41.439999,39.560001,39.669998,33.920036,16193500
2008-03-07,39.110001,41.029999,38.610001,39.860001,34.082493,17079800
2008-03-10,39.980000,40.700001,38.180000,38.299999,32.748611,21098300
2008-03-11,40.459999,42.680000,39.650002,42.490002,36.331295,29294900
2008-03-12,42.400002,43.360001,40.840000,41.009998,35.065807,16000700
2008-03-13,40.020000,42.020000,39.220001,41.599998,35.570297,19445600
2008-03-14,42.049999,42.650002,38.509998,39.549999,33.817421,30910600
2008-03-17,35.759998,37.869999,33.560001,36.380001,31.106897,49435100
2008-03-18,39.419998,43.410000,38.439999,42.860001,36.647667,42966900
2008-03-19,45.259998,47.070000,43.080002,43.450001,37.152122,40282100
2008-03-20,43.389999,50.049999,43.080002,49.669998,42.470581,44450200
2008-03-24,49.490002,51.799999,48.500000,48.750000,41.683926,29519000
2008-03-25,48.939999,50.279999,48.279999,49.450001,42.282463,16657000
2008-03-26,48.700001,48.900002,47.049999,47.790001,40.863091,15984300
2008-03-27,48.180000,48.820000,45.230000,45.689999,39.067463,25482100
2008-03-28,45.799999,46.509998,44.240002,44.740002,38.255161,15430100
2008-03-31,44.599998,46.750000,44.290001,45.700001,39.076019,15426700
2008-04-01,48.029999,49.200001,47.540001,48.849998,41.769428,21696300
2008-04-02,48.880001,50.160000,48.660000,49.090000,41.974644,13723000
2008-04-03,48.720001,49.750000,47.750000,48.880001,41.795086,11975700
2008-04-04,48.880001,49.000000,47.360001,47.599998,40.700619,13185300
2008-04-07,48.070000,49.020000,47.020000,48.090000,41.119591,10753800
2008-04-08,47.939999,48.490002,47.020000,47.619999,40.717720,11016500
2008-04-09,47.230000,48.080002,45.669998,46.099998,39.642792,14166000
2008-04-10,45.740002,46.320000,44.230000,44.439999,38.215317,16609200
2008-04-11,43.869999,45.349998,43.419998,43.630001,37.518780,14168600
2008-04-14,43.500000,43.849998,42.490002,42.970001,36.951221,10709500
2008-04-15,43.349998,43.930000,42.529999,43.520000,37.424191,11955000
2008-04-16,44.689999,45.580002,43.610001,45.419998,39.058056,14045300
2008-04-17,44.840000,46.919998,44.840000,46.419998,39.917988,13448600
2008-04-18,47.730000,48.990002,47.580002,47.770000,41.078884,15776400
2008-04-21,47.740002,47.939999,46.849998,47.200001,40.588734,11768600
2008-04-22,47.189999,47.599998,46.209999,47.189999,40.580128,12605200
2008-04-23,47.080002,48.189999,46.919998,47.380001,40.743526,11054000
2008-04-24,47.810001,50.860001,47.770000,50.389999,43.331894,17436600
2008-04-25,51.080002,51.549999,49.680000,50.650002,43.555481,14537000
2008-04-28,50.970001,51.090000,49.880001,49.910000,42.919147,8131500
2008-04-29,49.750000,50.049999,48.380001,48.959999,42.102211,11470100
2008-04-30,49.060001,49.610001,48.209999,48.599998,41.792641,15257100
2008-05-01,48.860001,51.000000,48.270000,50.330002,43.280308,12492300
2008-05-02,51.250000,51.419998,49.459999,50.310001,43.263119,13613400
2008-05-05,49.830002,50.410000,48.520000,48.720001,41.895802,11369600
2008-05-06,48.189999,49.480000,47.419998,49.049999,42.179596,10489800
2008-05-07,49.270000,49.490002,47.040001,47.209999,40.597324,11152800
2008-05-08,47.540001,47.540001,45.369999,46.480000,39.969578,12711400
2008-05-09,46.200001,47.509998,45.590000,45.959999,39.522419,10807700
2008-05-12,46.410000,48.130001,46.060001,47.650002,40.975697,10583400
2008-05-13,47.610001,47.910000,46.419998,46.610001,40.081371,8922500
2008-05-14,46.860001,47.779999,46.259998,46.959999,40.382347,10480200
2008-05-15,47.099998,47.790001,46.570000,47.709999,41.027306,8657100
2008-05-16,47.740002,47.900002,46.660000,47.209999,40.597324,6489100
2008-05-19,47.310001,47.750000,45.970001,46.200001,39.728802,9152400
2008-05-20,45.840000,45.910000,44.290001,44.799999,38.524899,12986400
2008-05-21,44.799999,44.880001,42.540001,42.889999,36.882423,20105800
2008-05-22,42.270000,43.639999,42.250000,42.950001,36.934021,15192500
2008-05-23,42.660000,42.790001,41.529999,41.830002,35.970913,10991100
2008-05-27,41.360001,42.490002,41.119999,42.240002,36.323467,10523100
2008-05-28,42.619999,42.770000,41.759998,42.770000,36.779236,12121200
2008-05-29,42.610001,44.290001,42.480000,43.779999,37.647774,10044800
2008-05-30,44.180000,44.509998,43.770000,44.230000,38.034729,9472200
2008-06-02,44.200001,44.540001,42.299999,43.099998,37.063011,15502600
2008-06-03,43.450001,43.950001,41.570000,42.650002,36.676056,16031000
2008-06-04,43.000000,44.169998,42.790001,43.360001,37.286602,15419000
2008-06-05,43.520000,44.810001,43.270000,44.590000,38.344315,13548200
2008-06-06,44.160000,44.270000,40.669998,40.810001,35.093761,24261300
2008-06-09,40.939999,41.259998,38.730000,39.389999,33.872677,22427200
2008-06-10,38.950001,39.860001,38.220001,39.230000,33.735081,22014900
2008-06-11,39.200001,39.520000,36.900002,37.130001,31.929224,25041100
2008-06-12,37.759998,40.090000,37.730000,38.380001,33.004135,25077300
2008-06-13,38.930000,41.049999,38.549999,41.040001,35.291561,25572100
2008-06-16,41.520000,43.130001,41.270000,42.290001,36.366474,18126500
2008-06-17,43.099998,43.459999,39.740002,40.590000,34.904591,25995800
2008-06-18,37.880001,41.700001,37.419998,40.689999,34.990582,41563300
2008-06-19,40.630001,40.680000,38.590000,40.189999,34.560623,27248800
2008-06-20,39.730000,39.889999,38.509998,38.680000,33.262123,23897700
2008-06-23,38.889999,38.889999,37.349998,37.459999,32.213005,17296300
2008-06-24,37.500000,39.250000,36.660000,38.430000,33.047138,21551100
2008-06-25,38.990002,39.500000,37.950001,38.180000,32.832157,23605600
2008-06-26,37.500000,38.180000,36.689999,36.830002,31.671240,21958700
2008-06-27,36.950001,37.500000,36.070000,36.709999,31.568058,25884800
2008-06-30,36.490002,37.590000,35.720001,36.070000,31.017689,18433700
2008-07-01,35.500000,36.919998,34.860001,36.599998,31.473469,24814600
2008-07-02,36.580002,37.020000,35.750000,35.869999,30.845713,17818800
2008-07-03,36.029999,36.540001,35.520000,35.910000,30.880110,9268800
2008-07-07,36.020000,36.490002,34.080002,35.070000,30.157770,22913800
2008-07-08,35.360001,36.660000,34.110001,36.490002,31.378876,26886100
2008-07-09,36.480000,36.740002,33.400002,33.990002,29.446932,26145700
2008-07-10,33.720001,34.840000,32.770000,33.509998,29.031086,29068200
2008-07-11,32.840000,34.400002,32.380001,33.439999,28.970448,31936400
2008-07-14,34.320000,34.689999,31.590000,31.750000,27.506327,23739900
2008-07-15,31.420000,32.580002,29.600000,31.000000,26.856565,36155700
2008-07-16,32.250000,35.110001,31.020000,35.049999,30.365255,33824200
2008-07-17,36.099998,40.150002,35.980000,38.320000,33.198189,53727300
2008-07-18,39.439999,39.770000,37.060001,38.570000,33.414772,21280500
2008-07-21,38.799999,39.150002,36.000000,36.459999,31.586792,22337200
2008-07-22,35.840000,38.919998,35.400002,38.669998,33.501400,19000900
2008-07-23,38.869999,40.349998,37.889999,39.110001,33.882610,20744700
2008-07-24,39.150002,39.529999,36.689999,37.240002,32.262535,17389700
2008-07-25,37.310001,37.549999,35.930000,36.750000,31.838028,15356000
2008-07-28,36.610001,37.500000,34.599998,34.959999,30.287285,18664300
2008-07-29,35.680000,36.650002,33.950001,36.500000,31.621443,25001500
2008-07-30,37.130001,39.450001,37.049999,38.599998,33.440777,25573900
2008-07-31,38.099998,40.240002,37.900002,39.480000,34.203144,17235700
2008-08-01,39.669998,41.730000,39.150002,41.110001,35.615284,19549100
2008-08-04,40.560001,42.509998,40.099998,41.480000,35.935825,18233300
2008-08-05,41.910000,43.740002,41.549999,43.200001,37.425938,20017200
2008-08-06,42.900002,43.500000,42.290001,43.180000,37.408619,12978600
2008-08-07,42.369999,43.599998,42.259998,42.660000,36.958099,21930500
2008-08-08,42.639999,45.759998,42.599998,45.040001,39.019997,23077500
2008-08-11,44.770000,46.580002,44.310001,45.389999,39.323208,16618300
2008-08-12,44.279999,44.349998,41.310001,42.500000,36.819489,23164700
2008-08-13,42.139999,42.330002,39.009998,40.150002,34.783596,29494200
2008-08-14,40.070000,40.970001,39.590000,40.639999,35.208111,14861600
2008-08-15,40.700001,41.380001,40.270000,40.880001,35.416019,10677700
2008-08-18,40.950001,40.950001,39.290001,39.590000,34.298447,13122200
2008-08-19,39.000000,39.000000,37.400002,38.080002,32.990261,17941800
2008-08-20,38.410000,38.580002,36.200001,37.400002,32.401161,26613500
2008-08-21,36.549999,37.540001,36.400002,37.060001,32.106602,15685600
2008-08-22,38.029999,39.130001,37.860001,38.889999,33.692001,15628500
2008-08-25,38.310001,38.680000,37.950001,38.220001,33.111565,12318000
2008-08-26,38.189999,38.799999,37.770000,38.580002,33.423443,8475600
2008-08-27,38.630001,39.200001,38.009998,39.049999,33.830616,9599500
2008-08-28,39.500000,40.810001,39.150002,40.599998,35.173454,12267300
2008-08-29,40.080002,41.290001,40.009998,40.830002,35.372707,10499700
2008-09-02,41.959999,43.020000,40.529999,41.299999,35.779888,16819100
2008-09-03,41.070000,42.279999,40.730000,42.169998,36.533615,12350700
2008-09-04,41.400002,42.369999,39.950001,40.340000,34.948204,18916200
2008-09-05,39.540001,41.509998,39.540001,41.360001,35.831856,16761700
2008-09-08,44.240002,44.500000,41.650002,43.270000,37.486588,26428700
2008-09-09,42.610001,43.200001,40.060001,40.400002,35.000175,27418000
2008-09-10,40.110001,40.540001,38.080002,38.919998,33.717987,24490000
2008-09-11,35.919998,39.560001,35.630001,38.709999,33.536064,36335100
2008-09-12,37.980000,39.900002,37.049999,37.230000,32.253883,31468200
2008-09-15,33.299999,35.000000,30.730000,32.189999,27.887518,67701700
2008-09-16,23.889999,30.990000,23.209999,28.700001,24.863983,118926500
2008-09-17,22.830000,26.120001,16.080000,21.750000,18.842915,329786100
2008-09-18,20.200001,24.719999,11.700000,22.549999,19.535992,321561400
2008-09-19,27.209999,27.209999,24.799999,27.209999,23.573143,1209900
2008-09-22,30.760000,31.650000,26.610001,27.090000,23.469177,56512300
2008-09-23,26.750000,28.070000,25.360001,28.000000,24.257555,35085000
2008-09-24,29.000000,29.350000,23.799999,24.790001,21.476591,44652600
2008-09-25,25.139999,27.940001,23.059999,27.100000,23.477842,34234400
2008-09-26,23.730000,27.100000,23.520000,24.750000,21.441936,41149700
2008-09-29,24.400000,24.639999,19.139999,20.990000,18.184500,53602300
2008-09-30,22.000000,25.360001,21.520000,23.000000,19.925842,38220700
2008-10-01,22.719999,24.870001,21.760000,24.420000,21.156046,36127100
2008-10-02,23.910000,25.120001,23.100000,23.209999,20.107777,17881400
2008-10-03,24.400000,26.730000,22.510000,23.920000,20.722881,30168400
2008-10-06,22.490000,24.400000,20.170000,23.500000,20.359015,27017800
2008-10-07,24.280001,24.280001,14.130000,17.650000,15.290922,90486600
2008-10-08,16.990000,19.469999,16.230000,16.799999,14.554527,40961400
2008-10-09,17.980000,18.299999,11.950000,12.450000,10.785949,102865400
2008-10-10,9.190000,11.300000,6.710000,9.680000,8.386184,206852900
2008-10-13,15.430000,19.059999,12.660000,18.100000,15.680770,199684000
2008-10-14,21.209999,24.200001,20.549999,21.940001,19.007524,138504900
2008-10-15,20.230000,20.459999,17.610001,18.129999,15.902460,86911100
2008-10-16,18.600000,19.250000,16.930000,18.690001,16.393658,63120500
2008-10-17,17.969999,20.260000,17.520000,19.240000,16.876085,46656900
2008-10-20,20.170000,20.790001,19.070000,19.770000,17.340967,32972400
2008-10-21,20.139999,21.480000,19.340000,20.200001,17.718134,40227100
2008-10-22,19.309999,20.190001,18.129999,19.330000,16.955021,37919600
2008-10-23,19.209999,19.750000,17.389999,18.080000,15.858608,39650000
2008-10-24,15.570000,17.080000,15.380000,16.520000,14.490276,42625700
2008-10-27,15.370000,16.320000,13.730000,13.730000,12.043065,42921500
2008-10-28,15.010000,15.500000,10.150000,15.200000,13.332456,125704800
2008-10-29,15.000000,16.540001,13.400000,14.760000,12.946517,62602100
2008-10-30,15.740000,16.299999,14.920000,16.090000,14.113105,43123400
2008-10-31,15.850000,18.490000,15.650000,17.469999,15.323557,41919700
2008-11-03,17.879999,18.799999,17.129999,18.000000,15.788440,26330600
2008-11-04,18.450001,19.250000,17.650000,18.900000,16.577856,27694700
2008-11-05,18.870001,19.260000,16.900000,17.059999,14.963928,26645100
2008-11-06,16.660000,17.440001,15.190000,15.390000,13.499114,34423200
2008-11-07,15.760000,16.670000,15.120000,15.980000,14.016623,29934700
2008-11-10,16.660000,16.660000,14.150000,14.580000,12.788632,29810900
2008-11-11,14.080000,14.440000,12.800000,14.080000,12.350062,46738800
2008-11-12,13.560000,13.950000,11.940000,11.940000,10.472995,34221200
2008-11-13,12.340000,13.350000,10.770000,13.210000,11.586957,58075400
2008-11-14,12.670000,13.190000,11.510000,12.030000,10.551937,34968900
2008-11-17,11.640000,12.350000,11.010000,11.220000,9.841458,29177800
2008-11-18,11.280000,12.330000,11.010000,12.030000,10.551937,36864800
2008-11-19,11.780000,11.880000,9.930000,10.250000,8.990638,38980100
2008-11-20,9.990000,11.130000,9.000000,9.200000,8.069641,51671600
2008-11-21,9.700000,10.210000,8.800000,10.050000,8.815209,49402000
2008-11-24,10.610000,13.620000,10.610000,13.380000,11.736071,67867800
2008-11-25,14.200000,15.620000,13.430000,14.270000,12.516724,50141900
2008-11-26,13.550000,14.910000,13.300000,14.500000,12.718461,27874700
2008-11-28,14.200000,14.980000,13.990000,14.750000,12.937745,13238700
2008-12-01,13.930000,14.230000,11.350000,11.350000,9.955486,36151200
2008-12-02,11.510000,12.420000,10.850000,12.040000,10.560711,36295600
2008-12-03,11.470000,14.100000,11.170000,13.850000,12.148323,41063000
2008-12-04,13.340000,15.670000,13.100000,14.940000,13.104397,45642900
2008-12-05,14.580000,15.900000,13.960000,15.720000,13.788568,36511300
2008-12-08,16.309999,16.910000,15.310000,16.299999,14.297302,34955200
2008-12-09,15.580000,16.240000,14.910000,14.970000,13.130716,28424800
2008-12-10,15.350000,15.500000,14.010000,14.600000,12.806174,21280200
2008-12-11,14.240000,14.500000,13.550000,13.740000,12.051842,28285100
2008-12-12,13.000000,13.960000,12.650000,13.850000,12.148323,21175100
2008-12-15,14.050000,14.300000,13.300000,13.640000,11.964126,20460200
2008-12-16,14.120000,17.260000,13.860000,16.129999,14.148192,52570400
2008-12-17,15.520000,17.930000,14.800000,16.500000,14.472730,65914400
2008-12-18,16.820000,17.680000,16.100000,16.230000,14.235906,34326400
2008-12-19,16.330000,17.290001,15.450000,15.450000,13.551738,36407100
2008-12-22,15.620000,15.630000,14.540000,14.580000,12.788632,19350500
2008-12-23,14.730000,15.090000,14.400000,14.440000,12.665833,12686200
2008-12-24,14.250000,14.750000,14.210000,14.500000,12.718461,5255100
2008-12-26,14.810000,14.860000,14.350000,14.650000,12.850030,4467100
2008-12-29,14.870000,14.970000,14.170000,14.900000,13.069317,12024200
2008-12-30,15.010000,15.310000,14.630000,15.190000,13.323685,14039300
2008-12-31,15.160000,16.080000,15.030000,16.040001,14.069251,15006200
2009-01-02,16.010000,17.040001,15.750000,16.990000,14.902533,20238000
2009-01-05,16.799999,18.360001,16.780001,17.620001,15.455126,25421400
2009-01-06,18.070000,19.930000,18.000000,19.580000,17.174307,38858500
2009-01-07,19.070000,19.379999,17.760000,18.100000,15.876149,30848100
2009-01-08,17.900000,18.980000,17.650000,18.820000,16.507687,21116300
2009-01-09,18.969999,19.980000,18.690001,19.059999,16.718193,35802100
2009-01-12,20.080000,20.950001,18.070000,18.790001,16.481369,49187500
2009-01-13,18.270000,19.580000,17.860001,18.860001,16.542768,31384000
2009-01-14,18.250000,18.459999,16.959999,17.190001,15.077958,39491900
2009-01-15,17.100000,17.600000,15.390000,16.260000,14.262220,41782400
2009-01-16,16.980000,17.200001,14.050000,15.590000,13.674540,42343900
2009-01-20,14.960000,15.040000,13.100000,13.100000,11.490473,32971800
2009-01-21,13.930000,16.980000,13.830000,16.860001,14.788504,46571000
2009-01-22,16.270000,18.650000,15.660000,17.580000,15.420037,45770900
2009-01-23,16.760000,18.990000,16.320000,18.709999,16.411207,39107000
2009-01-26,18.930000,20.700001,18.450001,19.080000,16.735743,38061400
2009-01-27,19.559999,19.980000,19.110001,19.790001,17.358507,26110500
2009-01-28,21.070000,23.420000,20.770000,23.000000,20.453163,61525400
2009-01-29,21.750000,22.709999,21.270000,21.379999,19.012545,40229200
2009-01-30,21.000000,22.270000,19.950001,20.230000,17.989880,42330500
2009-02-02,19.600000,21.400000,19.280001,20.799999,18.496763,31263900
2009-02-03,21.170000,21.680000,20.350000,20.940001,18.621271,28454000
2009-02-04,21.190001,23.280001,20.980000,22.010000,19.572788,41346500
2009-02-05,21.680000,24.440001,21.520000,23.190001,20.622124,54825900
2009-02-06,23.760000,24.350000,22.260000,22.870001,20.337553,46982500
2009-02-09,22.750000,23.950001,21.610001,23.610001,20.995613,39662000
2009-02-10,23.280001,23.959999,20.510000,20.790001,18.487881,45320400
2009-02-11,22.000000,23.049999,21.059999,22.910000,20.373121,38580200
2009-02-12,22.420000,23.260000,21.760000,22.990000,20.444267,47102200
2009-02-13,22.840000,23.480000,22.200001,22.930000,20.390911,36055200
2009-02-17,21.670000,22.059999,19.629999,19.760000,17.571932,45958500
2009-02-18,20.379999,20.559999,18.820000,20.180000,17.945425,45579100
2009-02-19,20.760000,21.129999,19.870001,19.930000,17.723103,35223300
2009-02-20,19.150000,20.070000,18.110001,19.430000,17.278473,55967800
2009-02-23,20.250000,20.440001,18.780001,18.820000,16.736017,35410300
2009-02-24,19.160000,22.100000,18.889999,22.070000,19.626141,49059700
2009-02-25,21.950001,22.920000,21.200001,21.760000,19.350466,53556300
2009-02-26,22.450001,22.799999,21.160000,21.330000,18.968084,37805300
2009-02-27,20.309999,20.719999,19.360001,19.540001,17.376295,51472400
2009-03-02,18.860001,19.059999,17.580000,17.950001,15.962356,44613200
2009-03-03,18.490000,18.639999,16.770000,18.180000,16.166891,42542800
2009-03-04,18.850000,20.260000,18.490000,19.400000,17.251795,46266800
2009-03-05,18.860001,19.000000,17.330000,17.980000,15.989036,46527200
2009-03-06,18.510000,19.340000,16.700001,17.180000,15.277628,55553300
2009-03-09,16.660000,17.790001,16.120001,16.480000,14.655131,44525700
2009-03-10,17.799999,20.920000,17.510000,20.840000,18.532337,62401400
2009-03-11,22.500000,23.830000,21.790001,22.510000,20.017420,71167200
2009-03-12,22.490000,24.410000,21.900000,24.180000,21.502499,56081300
2009-03-13,24.709999,25.840000,23.750000,25.430000,22.614079,67132800
2009-03-16,25.910000,26.250000,22.920000,23.040001,20.488731,61403100
2009-03-17,22.350000,23.950001,21.770000,23.809999,21.173466,60579600
2009-03-18,22.770000,24.750000,22.100000,24.190001,21.511385,65672100
2009-03-19,24.459999,24.799999,21.010000,21.040001,18.710197,66302600
2009-03-20,21.540001,22.090000,20.010000,20.240000,17.998777,57591100
2009-03-23,22.129999,24.690001,21.360001,24.430000,21.724815,64736900
2009-03-24,23.809999,27.270000,23.549999,25.120001,22.338411,82414600
2009-03-25,25.750000,26.750000,23.860001,25.910000,23.040930,74566200
2009-03-26,26.360001,26.480000,25.030001,25.650000,22.809717,54488400
2009-03-27,25.110001,25.879999,24.219999,24.350000,21.653667,45526800
2009-03-30,22.740000,23.230000,21.799999,22.129999,19.679491,44639500
2009-03-31,22.700001,23.160000,21.670000,22.770000,20.248625,54515100
2009-04-01,22.190001,24.200001,22.010000,23.730000,21.102325,46279700
2009-04-02,24.950001,25.000000,22.950001,23.110001,20.550982,67785600
2009-04-03,22.600000,24.160000,22.070000,24.059999,21.395781,52638500
2009-04-06,23.080000,23.500000,22.650000,23.309999,20.728832,35212900
2009-04-07,22.410000,24.469999,22.400000,23.320000,20.737726,45463000
2009-04-08,23.770000,23.780001,22.120001,22.690001,20.177490,37673700
2009-04-09,24.100000,25.370001,23.250000,25.350000,22.542940,53190900
2009-04-13,24.570000,27.350000,24.500000,26.889999,23.912411,45126500
2009-04-14,25.540001,25.969999,23.559999,23.670000,21.048969,48230500
2009-04-15,23.430000,23.730000,22.020000,23.450001,20.853336,52402900
2009-04-16,23.580000,24.389999,23.190001,23.969999,21.315752,40052600
2009-04-17,23.870001,25.889999,23.570000,25.000000,22.231697,51614300
2009-04-20,24.180000,25.200001,23.510000,23.520000,20.915581,45375900
2009-04-21,23.059999,25.110001,22.629999,24.650000,21.920452,50197600
2009-04-22,22.650000,24.549999,22.260000,22.440001,19.955168,104008800
2009-04-23,22.709999,22.959999,21.160000,21.959999,19.528316,62367200
2009-04-24,22.350000,22.629999,21.320000,21.959999,19.528316,53830900
2009-04-27,21.600000,22.280001,21.160000,21.260000,18.905836,33354300
2009-04-28,20.870001,21.780001,20.690001,21.080000,18.805031,27676600
2009-04-29,21.450001,23.250000,21.260000,23.070000,20.580265,47127600
2009-04-30,23.780001,24.459999,23.480000,23.639999,21.088753,48998400
2009-05-01,23.740000,26.480000,23.690001,25.820000,23.033484,59562100
2009-05-04,26.240000,27.230000,25.660000,27.020000,24.103973,45301100
2009-05-05,26.830000,27.780001,26.559999,27.209999,24.273474,26135900
2009-05-06,27.520000,29.049999,26.820000,28.510000,25.433174,45925100
2009-05-07,28.740000,28.980000,26.209999,27.139999,24.211031,42149000
2009-05-08,24.990000,28.200001,24.730000,28.200001,25.156637,150072600
2009-05-11,27.660000,27.940001,26.020000,26.070000,23.256506,48442400
2009-05-12,26.629999,27.080000,25.040001,26.420000,23.568733,41782000
2009-05-13,25.639999,26.350000,24.889999,25.100000,22.391184,32058300
2009-05-14,25.219999,26.770000,24.850000,26.570000,23.702545,31546600
2009-05-15,26.590000,27.080000,25.969999,26.129999,23.310024,28703200
2009-05-18,26.959999,28.309999,26.690001,28.280001,25.228003,35991500
2009-05-19,28.490000,29.860001,27.059999,28.910000,25.790009,41899400
2009-05-20,29.500000,29.620001,27.770000,28.000000,24.978216,36005400
2009-05-21,27.639999,28.650000,27.530001,28.090000,25.058500,28180900
2009-05-22,28.420000,29.090000,28.090000,28.230000,25.183393,18412800
2009-05-26,28.059999,29.059999,27.950001,29.020000,25.888140,23546600
2009-05-27,29.049999,30.230000,28.600000,28.610001,25.522381,35960500
2009-05-28,28.969999,29.540001,28.420000,29.430000,26.253895,21050600
2009-05-29,30.090000,30.350000,29.570000,30.320000,27.047842,29253100
2009-06-01,30.670000,31.299999,29.670000,29.889999,26.664244,31242100
2009-06-02,28.270000,30.350000,28.200001,30.090000,26.842663,67635700
2009-06-03,29.889999,30.170000,29.100000,29.719999,26.512592,27895900
2009-06-04,29.879999,31.490000,29.879999,31.200001,27.832870,28273400
2009-06-05,31.780001,31.990000,30.940001,30.969999,27.627693,20837800
2009-06-08,30.670000,31.670000,30.430000,31.389999,28.002367,17866800
2009-06-09,31.629999,31.760000,30.510000,30.980000,27.636610,28935100
2009-06-10,31.170000,31.200001,28.629999,29.260000,26.102238,54484000
2009-06-11,29.580000,30.150000,29.000000,29.490000,26.307411,29085000
2009-06-12,29.309999,29.910000,28.900000,29.700001,26.494749,15945200
2009-06-15,29.299999,29.450001,28.150000,28.400000,25.335049,23275200
2009-06-16,28.719999,28.879999,27.809999,28.100000,25.067429,24482200
2009-06-17,27.959999,28.129999,27.040001,27.480000,24.514334,24421700
2009-06-18,27.540001,28.900000,27.490000,28.030001,25.004974,23203700
2009-06-19,28.270000,28.370001,27.639999,28.270000,25.219078,32327600
2009-06-22,27.850000,28.040001,26.629999,26.629999,23.756067,27695300
2009-06-23,26.780001,27.860001,26.129999,27.700001,24.710588,31675700
2009-06-24,27.980000,28.469999,27.260000,27.650000,24.665989,22642900
2009-06-25,27.410000,28.389999,27.120001,27.870001,24.862246,22530800
2009-06-26,27.809999,28.820000,27.790001,28.620001,25.531309,30089800
2009-06-29,28.770000,29.290001,28.299999,29.100000,25.959505,18546300
2009-06-30,28.870001,29.180000,28.200001,28.510000,25.433174,17694900
2009-07-01,28.580000,28.910000,27.930000,28.360001,25.299364,13111500
2009-07-02,27.879999,28.049999,26.910000,26.990000,24.077215,19930300
2009-07-06,26.600000,26.879999,26.250000,26.850000,23.952330,22724600
2009-07-07,26.900000,27.320000,26.120001,26.150000,23.327875,19928100
2009-07-08,26.340000,26.400000,24.850000,25.500000,22.748016,33320100
2009-07-09,25.969999,26.490000,25.709999,25.879999,23.087008,20602200
2009-07-10,25.650000,26.150000,25.340000,25.940001,23.140533,17073400
2009-07-13,26.690001,27.940001,26.299999,27.910000,24.897930,31765500
2009-07-14,27.969999,28.360001,27.299999,27.879999,24.871162,21765200
2009-07-15,28.459999,29.330000,27.950001,28.799999,25.691879,31602500
2009-07-16,28.520000,28.709999,27.920000,28.559999,25.477785,21801000
2009-07-17,28.549999,28.580000,27.520000,27.990000,24.969299,22092800
2009-07-20,28.450001,28.799999,28.059999,28.340000,25.281527,19654500
2009-07-21,28.389999,28.400000,27.129999,27.559999,24.585701,25383700
2009-07-22,26.350000,27.990000,25.879999,27.540001,24.567858,50806600
2009-07-23,27.559999,28.670000,27.160000,28.540001,25.459942,31300100
2009-07-24,28.270000,28.389999,27.540001,28.250000,25.201235,14741200
2009-07-27,28.330000,28.680000,27.820000,28.049999,25.022814,15635200
2009-07-28,27.639999,27.920000,27.340000,27.430000,24.469728,18936100
2009-07-29,26.860001,27.200001,26.440001,27.160000,24.273119,22644200
2009-07-30,27.510000,28.660000,27.430000,28.360001,25.345566,24374900
2009-07-31,28.400000,28.830000,28.190001,28.500000,25.470690,20850300
2009-08-03,28.930000,29.350000,28.770000,29.309999,26.194588,17579900
2009-08-04,29.180000,30.100000,29.040001,30.070000,26.873806,20979900
2009-08-05,29.930000,31.270000,29.520000,31.049999,27.749641,27668600
2009-08-06,31.680000,32.000000,30.230000,30.549999,27.302788,25779800
2009-08-07,30.930000,31.920000,30.549999,31.219999,27.901569,21656400
2009-08-10,31.170000,31.360001,30.379999,30.830000,27.553028,14104800
2009-08-11,30.549999,30.750000,29.889999,29.889999,26.712938,17328200
2009-08-12,29.770000,30.230000,29.610001,29.980000,26.793375,17797500
2009-08-13,30.420000,30.430000,29.309999,29.879999,26.704002,17862900
2009-08-14,29.870001,29.920000,29.260000,29.790001,26.623573,12448700
2009-08-17,28.920000,29.200001,28.510000,28.540001,25.506432,17527800
2009-08-18,28.850000,29.040001,28.510000,28.780001,25.720922,12071000
2009-08-19,28.250000,29.000000,28.100000,28.830000,25.765604,12720500
2009-08-20,28.799999,29.450001,28.719999,29.360001,26.239275,12759800
2009-08-21,29.860001,29.950001,29.000000,29.690001,26.534201,24292800
2009-08-24,29.920000,30.490000,29.549999,29.650000,26.498451,16284300
2009-08-25,29.930000,30.549999,29.920000,30.190001,26.981058,15308300
2009-08-26,30.100000,30.100000,29.360001,29.530001,26.391201,15137800
2009-08-27,29.580000,29.840000,29.200001,29.840000,26.668253,14029900
2009-08-28,30.129999,30.200001,29.309999,29.510000,26.373331,14227800
2009-08-31,28.639999,28.990000,28.209999,28.959999,25.881794,19548500
2009-09-01,28.830000,28.830000,27.430000,27.450001,24.532293,30633700
2009-09-02,27.430000,27.969999,27.010000,27.090000,24.210560,20699700
2009-09-03,27.440001,27.680000,27.190001,27.650000,24.711033,13078500
2009-09-04,27.770000,28.049999,27.360001,27.650000,24.711033,17888300
2009-09-08,28.170000,28.200001,27.709999,27.799999,24.845091,14565500
2009-09-09,28.459999,28.850000,27.900000,28.549999,25.515366,25821800
2009-09-10,28.590000,28.760000,28.120001,28.639999,25.595804,23204400
2009-09-11,28.950001,29.389999,28.510000,28.820000,25.756672,22971700
2009-09-14,28.540001,28.780001,27.969999,28.750000,25.694111,20470200
2009-09-15,28.850000,29.530001,28.530001,28.740000,25.685171,23185200
2009-09-16,28.850000,30.180000,28.650000,30.150000,26.945305,34744300
2009-09-17,30.049999,31.200001,29.990000,31.049999,27.749641,33722800
2009-09-18,30.940001,31.540001,30.850000,31.379999,28.044563,24929000
2009-09-21,30.940001,31.940001,30.900000,31.610001,28.250120,21618800
2009-09-22,31.940001,32.980000,31.850000,32.980000,29.474501,25295300
2009-09-23,33.150002,33.330002,31.900000,32.029999,28.625471,21635200
2009-09-24,31.900000,32.209999,30.639999,30.730000,27.463652,21999200
2009-09-25,30.760000,30.930000,30.000000,30.549999,27.302788,17135800
2009-09-28,30.860001,31.270000,30.700001,31.250000,27.928377,15414900
2009-09-29,31.190001,31.549999,30.959999,31.090000,27.785393,12583000
2009-09-30,30.950001,31.340000,30.559999,30.879999,27.597713,15944900
2009-10-01,30.670000,30.889999,29.750000,29.870001,26.695070,18988600
2009-10-02,29.280001,29.900000,28.750000,29.459999,26.328644,19867900
2009-10-05,29.900000,29.959999,29.379999,29.840000,26.668253,15973700
2009-10-06,30.049999,31.190001,30.000000,30.790001,27.517281,19452500
2009-10-07,30.530001,31.180000,30.520000,31.160000,27.847954,10727200
2009-10-08,31.590000,32.099998,31.389999,31.940001,28.545042,18940500
2009-10-09,31.950001,32.240002,31.850000,32.090000,28.679096,11635400
2009-10-12,31.900000,32.169998,31.450001,31.760000,28.384169,11137800
2009-10-13,31.400000,31.480000,31.020000,31.139999,27.830076,14181500
2009-10-14,32.060001,32.950001,31.740000,32.830002,29.340437,23639100
2009-10-15,31.990000,32.740002,31.910000,32.709999,29.233196,16682300
2009-10-16,31.730000,33.060001,31.700001,32.990002,29.483435,28616000
2009-10-19,33.130001,33.490002,32.570000,33.110001,29.590683,17683600
2009-10-20,33.040001,33.570000,32.180000,32.520000,29.063385,15467800
2009-10-21,33.689999,35.000000,33.580002,34.080002,30.457579,48856600
2009-10-22,34.150002,35.740002,33.669998,35.740002,31.941124,29312800
2009-10-23,35.689999,35.770000,34.759998,35.000000,31.279785,27242900
2009-10-26,35.029999,35.779999,34.560001,34.799999,31.101040,23857700
2009-10-27,34.700001,35.000000,33.779999,34.110001,30.484386,16450100
2009-10-28,34.009998,34.200001,32.150002,32.310001,28.918110,25572500
2009-10-29,33.060001,33.779999,32.730000,33.669998,30.135328,17561000
2009-10-30,33.139999,33.480000,31.700001,32.119999,28.748047,21658800
2009-11-02,32.130001,32.599998,30.920000,31.980000,28.622746,20535800
2009-11-03,31.340000,32.299999,31.250000,32.139999,28.765947,14666300
2009-11-04,32.740002,32.820000,31.299999,31.480000,28.175236,20014400
2009-11-05,31.790001,32.470001,31.250000,32.419998,29.016560,14849800
2009-11-06,31.930000,32.619999,31.809999,32.599998,29.177652,13185200
2009-11-09,32.860001,34.060001,32.820000,33.950001,30.385933,15284700
2009-11-10,33.810001,33.950001,33.400002,33.700001,30.162184,10168300
2009-11-11,33.990002,34.450001,33.400002,33.750000,30.206932,12927000
2009-11-12,33.639999,33.750000,32.939999,33.009998,29.544619,12712800
2009-11-13,33.130001,33.200001,32.700001,33.090000,29.616226,10350000
2009-11-16,33.330002,34.549999,33.230000,34.230000,30.636551,22738800
2009-11-17,34.099998,34.130001,33.240002,33.470001,29.956326,14252100
2009-11-18,33.459999,33.660000,32.869999,33.330002,29.831022,10918800
2009-11-19,33.009998,33.090000,32.169998,32.310001,28.918110,12113700
2009-11-20,32.419998,32.799999,32.060001,32.099998,28.730148,11891700
2009-11-23,32.549999,33.029999,32.430000,32.619999,29.195560,9534600
2009-11-24,32.639999,32.650002,32.020000,32.119999,28.748047,9689400
2009-11-25,32.189999,32.189999,31.270000,31.420000,28.121531,15018400
2009-11-27,30.340000,30.959999,29.990000,30.510000,27.307062,11230300
2009-11-30,30.700001,31.670000,30.530001,31.580000,28.264736,15312500
2009-12-01,31.770000,31.969999,31.400000,31.520000,28.211037,11797300
2009-12-02,31.350000,31.420000,30.520000,30.600000,27.387621,17240500
2009-12-03,30.910000,31.299999,30.160000,30.200001,27.029608,14732500
2009-12-04,30.850000,31.040001,30.260000,30.969999,27.718777,16323300
2009-12-07,30.790001,31.180000,30.219999,30.379999,27.190708,10393800
2009-12-08,30.090000,30.580000,29.910000,30.150000,26.984861,14017900
2009-12-09,30.309999,30.530001,29.830000,30.350000,27.163864,11713800
2009-12-10,30.430000,30.469999,29.910000,30.230000,27.056463,11937000
2009-12-11,30.200001,30.350000,29.680000,29.780001,26.653698,10847300
2009-12-14,29.990000,30.330000,29.570000,30.170000,27.002754,14433400
2009-12-15,29.950001,30.139999,29.629999,29.850000,26.716349,15755400
2009-12-16,30.090000,30.450001,29.959999,30.340000,27.154915,13069200
2009-12-17,29.990000,30.200001,29.049999,29.120001,26.062984,23281100
2009-12-18,29.240000,29.350000,28.809999,29.209999,26.143539,19833000
2009-12-21,29.410000,29.780001,29.340000,29.660000,26.546307,9592000
2009-12-22,29.830000,29.969999,29.379999,29.600000,26.492601,9659400
2009-12-23,29.670000,29.750000,29.299999,29.410000,26.322544,7246600
2009-12-24,29.500000,29.629999,29.450001,29.600000,26.492601,2652800
2009-12-28,29.610001,29.709999,29.250000,29.290001,26.215137,8606900
2009-12-29,29.510000,29.629999,29.150000,29.430000,26.340443,7715000
2009-12-30,29.230000,29.549999,29.200001,29.490000,26.394146,6140900
2009-12-31,29.490000,29.770000,29.440001,29.600000,26.492601,9876900
2010-01-04,30.700001,31.969999,30.629999,30.910000,27.665077,20371000
2010-01-05,31.010000,32.130001,30.930000,32.040001,28.676453,22523400
2010-01-06,31.969999,32.590000,31.790001,32.450001,29.043407,17028500
2010-01-07,32.459999,33.270000,32.270000,32.919998,29.464066,18693000
2010-01-08,32.599998,32.820000,31.980000,32.250000,28.864401,15993400
2010-01-11,32.389999,32.459999,31.760000,32.040001,28.676453,10088500
2010-01-12,31.629999,31.860001,30.990000,31.129999,27.861975,14813400
2010-01-13,31.090000,32.000000,30.709999,31.260000,27.978329,18715500
2010-01-14,31.100000,31.299999,30.350000,31.200001,27.924631,24690000
2010-01-15,30.969999,31.090000,29.980000,30.379999,27.190708,27908700
2010-01-19,30.480000,31.260000,30.330000,31.160000,27.888834,16979500
2010-01-20,30.760000,31.240000,30.350000,30.629999,27.414473,21198800
2010-01-21,30.290001,30.549999,28.240000,29.340000,26.259892,56774400
2010-01-22,28.650000,29.180000,27.420000,27.799999,24.881563,46713700
2010-01-25,28.219999,28.520000,27.360001,27.740000,24.827862,21100900
2010-01-26,27.680000,28.290001,27.209999,27.330000,24.460901,24376400
2010-01-27,27.340000,28.110001,26.910000,27.950001,25.061670,31041900
2010-01-28,28.200001,28.250000,27.120001,27.490000,24.649199,25480700
2010-01-29,27.830000,27.850000,26.650000,26.780001,24.012573,21166100
2010-02-01,26.950001,28.000000,26.920000,27.559999,24.711964,19559900
2010-02-02,27.600000,28.209999,27.510000,28.059999,25.160299,20992500
2010-02-03,28.160000,28.430000,27.690001,27.889999,25.007866,18498800
2010-02-04,27.610001,27.650000,26.500000,26.629999,23.878077,29785300
2010-02-05,26.580000,27.290001,26.150000,27.260000,24.442968,25551300
2010-02-08,27.090000,27.540001,26.389999,26.600000,23.851173,14517500
2010-02-09,26.860001,27.299999,26.590000,27.129999,24.326405,19517300
2010-02-10,27.080000,27.750000,27.030001,27.510000,24.667137,13858300
2010-02-11,27.400000,27.530001,26.879999,27.120001,24.317432,18823500
2010-02-12,26.610001,27.299999,26.450001,27.160000,24.353304,16628700
2010-02-16,27.450001,27.930000,27.360001,27.820000,24.945101,15765300
2010-02-17,27.870001,27.959999,27.230000,27.389999,24.559540,16590200
2010-02-18,27.230000,27.490000,27.000000,27.260000,24.442968,12147400
2010-02-19,27.100000,27.500000,26.920000,27.410000,24.577467,12358500
2010-02-22,27.520000,27.870001,27.309999,27.709999,24.846462,14503100
2010-02-23,27.639999,28.420000,27.100000,27.150000,24.344339,20896400
2010-02-24,27.270000,27.980000,27.090000,27.830000,24.954063,17933600
2010-02-25,27.309999,27.830000,27.100000,27.740000,24.873365,15301300
2010-02-26,27.730000,28.410000,27.600000,28.180000,25.267899,18672100
2010-03-01,28.299999,28.639999,28.110001,28.190001,25.276859,9220800
2010-03-02,28.379999,28.920000,28.330000,28.700001,25.734165,13052300
2010-03-03,28.639999,28.850000,28.290001,28.320000,25.393429,17662800
2010-03-04,28.389999,29.280001,28.389999,29.200001,26.182495,20645400
2010-03-05,29.530001,29.750000,29.270000,29.410000,26.370790,18016100
2010-03-08,29.520000,29.740000,29.330000,29.580000,26.523222,11056900
2010-03-09,29.450001,29.510000,28.959999,29.049999,26.047991,20072800
2010-03-10,29.219999,30.299999,28.830000,29.969999,26.872921,29179500
2010-03-11,29.930000,30.120001,29.629999,30.020000,26.917755,14993600
2010-03-12,30.150000,30.790001,29.830000,29.910000,26.819122,19440400
2010-03-15,29.770000,30.000000,29.280001,29.639999,26.577019,17780600
2010-03-16,29.740000,30.420000,29.540001,30.309999,27.177790,16673100
2010-03-17,30.530001,30.670000,30.059999,30.280001,27.150885,18425700
2010-03-18,30.200001,30.360001,29.700001,30.080000,26.971556,16285100
2010-03-19,29.629999,30.209999,29.500000,29.629999,26.568054,24666000
2010-03-22,29.299999,29.740000,29.080000,29.600000,26.541157,12571400
2010-03-23,29.629999,29.740000,29.350000,29.530001,26.478388,12139800
2010-03-24,29.420000,29.680000,29.260000,29.370001,26.334927,12954600
2010-03-25,29.540001,29.790001,28.870001,28.910000,25.922461,21705900
2010-03-26,29.080000,29.219999,28.580000,28.850000,25.868664,18225900
2010-03-29,29.280001,29.600000,29.000000,29.430000,26.388725,15036000
2010-03-30,29.309999,29.459999,28.820000,29.209999,26.191456,14466600
2010-03-31,28.950001,29.510000,28.799999,29.290001,26.263191,12761400
2010-04-01,29.459999,29.870001,29.090000,29.200001,26.182495,17770400
2010-04-05,29.280001,29.490000,29.129999,29.290001,26.263191,11429600
2010-04-06,29.250000,29.620001,28.959999,29.360001,26.325958,13642100
2010-04-07,29.309999,30.370001,29.250000,30.020000,26.917755,21879400
2010-04-08,29.900000,30.950001,29.730000,30.879999,27.688883,20867700
2010-04-09,31.100000,31.450001,30.750000,30.980000,27.778547,18779900
2010-04-12,31.139999,31.309999,30.750000,30.930000,27.733717,13093600
2010-04-13,30.830000,30.990000,30.400000,30.480000,27.330217,13988600
2010-04-14,30.950001,31.450001,30.500000,31.139999,27.922010,28735600
2010-04-15,31.110001,31.209999,30.730000,30.879999,27.688883,15022200
2010-04-16,30.750000,30.790001,28.670000,29.160000,26.146622,60500600
2010-04-19,28.900000,29.889999,28.760000,29.559999,26.505285,29210000
2010-04-20,29.830000,30.520000,29.440001,30.450001,27.303318,29167000
2010-04-21,31.379999,32.290001,31.090000,31.680000,28.406208,44637300
2010-04-22,31.139999,32.099998,30.889999,31.900000,28.603476,22972300
2010-04-23,31.969999,32.160000,31.620001,31.940001,28.639345,13899800
2010-04-26,31.879999,31.959999,30.760000,30.940001,27.742685,17900900
2010-04-27,30.610001,31.230000,29.760000,29.930000,26.837057,27671000
2010-04-28,30.270000,30.900000,29.950001,30.330000,27.241232,19166500
2010-04-29,30.650000,31.760000,30.430000,31.309999,28.121426,18862200
2010-04-30,30.990000,31.080000,30.200001,30.219999,27.142426,25201500
2010-05-03,30.250000,30.600000,29.799999,30.430000,27.331034,14632100
2010-05-04,30.049999,30.049999,29.330000,29.490000,26.486771,20459800
2010-05-05,28.969999,29.600000,28.750000,29.290001,26.307142,15766700
2010-05-06,29.000000,29.270000,26.309999,27.639999,24.825169,36393700
2010-05-07,27.830000,28.240000,26.959999,27.750000,24.923971,32446500
2010-05-10,29.030001,29.430000,28.320000,28.860001,25.920929,21759900
2010-05-11,28.389999,28.990000,28.180000,28.379999,25.489815,16373200
2010-05-12,27.340000,27.900000,26.860001,27.799999,24.968880,44435100
2010-05-13,28.070000,28.360001,27.610001,27.620001,24.807211,18748800
2010-05-14,27.200001,27.250000,26.760000,27.080000,24.322203,25318000
2010-05-17,27.040001,27.260000,26.510000,27.110001,24.349150,19187500
2010-05-18,27.440001,27.440001,26.459999,26.730000,24.007847,19700400
2010-05-19,26.590000,27.250000,26.410000,27.040001,24.286276,23831500
2010-05-20,26.400000,26.590000,25.639999,25.639999,23.028847,26155600
2010-05-21,25.080000,27.270000,25.020000,27.110001,24.349150,32435700
2010-05-24,27.309999,27.309999,25.709999,25.750000,23.127649,22723700
2010-05-25,24.850000,26.150000,24.760000,26.110001,23.450989,26927700
2010-05-26,26.590000,27.080000,26.500000,26.530001,23.828218,29530500
2010-05-27,27.010000,27.700001,26.719999,27.660000,24.843138,18211000
2010-05-28,27.570000,27.750000,26.830000,27.110001,24.349150,15335300
2010-06-01,26.790001,27.209999,26.080000,26.129999,23.468946,13915400
2010-06-02,26.379999,27.209999,26.170000,27.180000,24.412022,13005800
2010-06-03,27.299999,27.389999,26.570000,26.850000,24.115627,10481400
2010-06-04,26.250000,26.650000,25.940001,25.990000,23.343210,17110300
2010-06-07,26.160000,26.350000,25.230000,25.290001,22.714495,14704700
2010-06-08,25.450001,25.680000,24.770000,25.590000,22.983940,18291700
2010-06-09,25.750000,25.870001,24.940001,25.129999,22.570786,16158600
2010-06-10,25.480000,25.709999,25.000000,25.590000,22.983940,20947000
2010-06-11,25.250000,26.070000,25.209999,26.000000,23.352184,11360000
2010-06-14,26.240000,26.250000,25.299999,25.330000,22.750418,15658900
2010-06-15,25.530001,26.000000,25.160000,25.950001,23.307281,17954700
2010-06-16,25.770000,25.870001,25.450001,25.770000,23.145617,15134900
2010-06-17,25.860001,25.889999,25.190001,25.320000,22.741438,18418900
2010-06-18,25.420000,25.760000,25.200001,25.700001,23.082741,15779800
2010-06-21,26.020000,26.150000,25.530001,25.610001,23.001905,15209500
2010-06-22,25.610001,25.920000,25.150000,25.180000,22.615698,16182500
2010-06-23,25.139999,25.410000,24.930000,25.030001,22.480976,16133900
2010-06-24,24.879999,24.950001,24.190001,24.260000,21.789389,23822700
2010-06-25,24.650000,25.230000,24.400000,25.010000,22.463007,22664600
2010-06-28,25.010000,25.049999,24.410000,24.520000,22.022907,12874600
2010-06-29,24.020000,24.040001,23.270000,23.450001,21.061874,22892300
2010-06-30,23.469999,23.799999,23.139999,23.209999,20.846315,19768000
2010-07-01,23.209999,23.370001,22.400000,23.090000,20.738539,21812500
2010-07-02,23.309999,23.340000,22.639999,22.830000,20.505018,11922300
2010-07-06,23.250000,23.420000,22.709999,22.969999,20.630760,12214600
2010-07-07,23.090000,24.030001,23.059999,23.950001,21.510960,15838800
2010-07-08,24.280001,24.450001,23.860001,24.200001,21.735497,14913200
2010-07-09,24.110001,24.740000,24.040001,24.700001,22.184574,10201600
2010-07-12,24.620001,24.670000,24.190001,24.559999,22.058838,7885800
2010-07-13,24.920000,25.760000,24.920000,25.660000,23.046814,17831200
2010-07-14,25.450001,25.620001,25.090000,25.540001,22.939037,13316900
2010-07-15,25.559999,25.709999,24.790001,25.590000,22.983940,14313900
2010-07-16,25.170000,25.360001,24.500000,24.740000,22.220503,16981200
2010-07-19,24.750000,24.990000,24.360001,24.780001,22.256428,8964200
2010-07-20,24.129999,25.280001,24.010000,25.219999,22.651623,15097200
2010-07-21,27.129999,27.889999,26.690001,26.799999,24.070721,62655900
2010-07-22,27.100000,27.309999,26.440001,26.790001,24.061735,24957500
2010-07-23,26.700001,27.150000,26.440001,26.889999,24.151550,14624200
2010-07-26,26.980000,27.200001,26.670000,27.000000,24.250349,12095500
2010-07-27,27.290001,27.490000,26.980000,27.000000,24.250349,19293500
2010-07-28,26.940001,27.360001,26.940001,27.010000,24.304342,11282200
2010-07-29,27.139999,27.459999,26.760000,26.990000,24.286341,14785300
2010-07-30,26.719999,27.309999,26.610001,26.990000,24.286341,16038300
2010-08-02,27.430000,27.700001,27.120001,27.680000,24.907223,15048700
2010-08-03,27.559999,27.639999,27.379999,27.490000,24.736259,10296000
2010-08-04,27.580000,28.049999,27.459999,27.870001,25.078194,11218200
2010-08-05,27.580000,27.870001,27.450001,27.840000,25.051199,6751400
2010-08-06,27.559999,27.750000,27.170000,27.650000,24.880226,8836100
2010-08-09,27.799999,27.830000,27.299999,27.450001,24.700262,7785900
2010-08-10,27.150000,27.600000,27.090000,27.330000,24.592281,9709700
2010-08-11,26.840000,27.070000,26.389999,26.430000,23.782438,11998700
2010-08-12,26.110001,26.440001,26.030001,26.120001,23.503489,10035200
2010-08-13,26.049999,26.180000,25.850000,25.900000,23.305529,8966100
2010-08-16,25.770000,26.100000,25.559999,25.700001,23.125559,7950600
2010-08-17,25.980000,26.540001,25.830000,26.200001,23.575472,8935800
2010-08-18,26.139999,26.559999,26.000000,26.260000,23.629465,8818800
2010-08-19,26.150000,26.410000,25.709999,25.990000,23.386511,11616300
2010-08-20,25.930000,26.010000,25.450001,25.920000,23.323528,10812100
2010-08-23,26.110001,26.170000,25.570000,25.719999,23.143562,9360700
2010-08-24,25.309999,25.420000,25.070000,25.129999,22.612661,11819500
2010-08-25,24.889999,25.230000,24.790001,25.100000,22.585672,9630800
2010-08-26,25.180000,25.180000,24.420000,24.629999,22.162746,15006000
2010-08-27,24.809999,25.059999,24.389999,25.030001,22.522682,11782600
2010-08-30,24.879999,25.049999,24.420000,24.430000,21.982784,8095700
2010-08-31,24.389999,24.809999,24.240000,24.690001,22.216745,13682700
2010-09-01,25.049999,25.430000,24.809999,25.410000,22.864614,10319100
2010-09-02,25.320000,25.690001,25.180000,25.680000,23.107573,6628300
2010-09-03,26.040001,26.809999,26.000000,26.660000,23.989401,13011700
2010-09-07,26.400000,26.469999,25.650000,25.670000,23.098570,12068100
2010-09-08,25.820000,26.230000,25.780001,25.969999,23.368519,11277300
2010-09-09,26.540001,27.200001,26.400000,27.010000,24.304342,19300700
2010-09-10,27.030001,27.270000,26.840000,27.190001,24.466305,8936600
2010-09-13,27.590000,27.799999,27.510000,27.770000,24.988205,10924300
2010-09-14,27.709999,27.790001,27.240000,27.520000,24.763252,8461300
2010-09-15,27.299999,27.360001,26.879999,27.240000,24.511305,10465300
2010-09-16,27.080000,27.090000,26.709999,26.780001,24.097380,10770600
2010-09-17,26.959999,27.000000,26.400000,26.469999,23.818432,11766300
2010-09-20,26.530001,26.940001,26.180000,26.840000,24.151371,14972700
2010-09-21,26.879999,27.049999,26.010000,26.059999,23.449497,16588600
2010-09-22,25.780001,26.010000,24.850000,24.950001,22.450699,26778100
2010-09-23,24.770000,25.330000,24.660000,24.740000,22.261730,17621800
2010-09-24,25.010000,25.230000,24.750000,25.150000,22.630657,15267700
2010-09-27,25.100000,25.180000,24.799999,24.870001,22.378702,14496200
2010-09-28,24.980000,24.990000,24.350000,24.500000,22.045774,19458800
2010-09-29,24.430000,24.610001,24.180000,24.480000,22.027775,18195900
2010-09-30,24.690001,25.200001,24.559999,24.680000,22.207745,21464700
2010-10-01,24.930000,25.200001,24.680000,25.020000,22.513685,16292200
2010-10-04,24.959999,25.219999,24.549999,24.709999,22.234737,11955800
2010-10-05,25.030001,25.840000,24.760000,25.469999,22.918600,19234700
2010-10-06,25.510000,25.850000,25.280001,25.379999,22.837622,15158700
2010-10-07,25.610001,25.680000,25.010000,25.070000,22.558674,11649500
2010-10-08,25.080000,25.420000,25.000000,25.320000,22.783630,10721000
2010-10-11,25.280001,25.350000,25.049999,25.150000,22.630657,7125900
2010-10-12,25.090000,26.059999,25.059999,25.930000,23.332521,15289400
2010-10-13,26.180000,26.230000,25.680000,25.940001,23.341524,16049600
2010-10-14,25.830000,25.900000,25.030001,25.440001,22.891615,15552800
2010-10-15,25.610001,25.610001,24.870001,25.020000,22.513685,21583300
2010-10-18,24.930000,25.600000,24.820000,25.400000,22.855618,15728300
2010-10-19,25.309999,26.059999,25.200001,25.389999,22.846613,19796200
2010-10-20,25.000000,25.750000,24.260000,25.379999,22.837622,41015300
2010-10-21,25.160000,25.200001,24.500000,24.600000,22.135759,22775800
2010-10-22,24.610001,24.889999,24.320000,24.520000,22.063768,11260100
2010-10-25,24.690001,24.790001,24.350000,24.379999,21.937796,11599700
2010-10-26,24.180000,24.590000,24.100000,24.190001,21.766823,12126300
2010-10-27,23.980000,24.440001,23.950001,24.400000,22.001265,11555800
2010-10-28,24.510000,24.980000,24.299999,24.860001,22.416040,13444700
2010-10-29,24.910000,25.120001,24.770000,24.870001,22.425068,18086200
2010-11-01,24.950001,25.040001,24.490000,24.680000,22.253744,10173600
2010-11-02,24.860001,24.969999,24.570000,24.610001,22.190620,10212600
2010-11-03,24.719999,25.400000,24.650000,25.400000,22.902960,15553500
2010-11-04,25.780001,26.500000,25.700001,26.370001,23.777596,20293000
2010-11-05,26.469999,27.360001,26.260000,27.280001,24.598133,26025100
2010-11-08,27.000000,27.290001,26.600000,27.209999,24.535021,14602200
2010-11-09,27.010000,27.209999,26.219999,26.320000,23.732513,21825800
2010-11-10,26.110001,26.650000,25.879999,26.549999,23.939898,45033100
2010-11-11,26.379999,26.730000,26.120001,26.309999,23.723497,9780500
2010-11-12,26.150000,26.240000,25.480000,25.570000,23.056240,12560000
2010-11-15,25.740000,26.490000,25.650000,26.000000,23.443972,15275800
2010-11-16,25.809999,25.950001,25.510000,25.629999,23.110342,17713200
2010-11-17,25.629999,25.700001,25.020000,25.090000,22.623436,13718900
2010-11-18,25.520000,26.160000,25.490000,25.570000,23.056240,11625300
2010-11-19,25.480000,25.840000,25.450001,25.620001,23.101330,10114700
2010-11-22,25.370001,25.389999,24.690001,25.059999,22.596384,16677000
2010-11-23,24.760000,24.990000,24.650000,24.660000,22.235708,12929100
2010-11-24,24.889999,25.170000,24.770000,25.150000,22.677538,10505600
2010-11-26,24.830000,24.879999,24.680000,24.700001,22.271774,4967600
2010-11-29,24.570000,25.000000,24.420000,24.920000,22.470142,9638200
2010-11-30,24.549999,24.770000,24.370001,24.459999,22.055365,11776300
2010-12-01,24.820000,25.110001,24.730000,24.920000,22.470142,13969000
2010-12-02,25.070000,26.049999,25.000000,25.610001,23.092310,18415300
2010-12-03,25.350000,25.730000,25.200001,25.639999,23.119362,10969500
2010-12-06,25.520000,25.799999,25.420000,25.540001,23.029190,6503200
2010-12-07,25.910000,26.260000,25.639999,25.660000,23.137394,15843000
2010-12-08,25.680000,26.660000,25.660000,26.469999,23.867769,15080000
2010-12-09,26.530001,26.709999,26.180000,26.709999,24.084171,14198800
2010-12-10,26.700001,27.040001,26.520000,26.950001,24.300579,11224000
2010-12-13,27.150000,27.190001,26.900000,26.940001,24.291559,9368200
2010-12-14,26.830000,27.049999,26.549999,26.629999,24.012035,10321700
2010-12-15,26.500000,26.700001,26.070000,26.200001,23.624311,12583400
2010-12-16,26.190001,26.379999,25.889999,26.010000,23.452988,13280300
2010-12-17,25.870001,26.520000,25.559999,26.240000,23.660374,20300600
2010-12-20,26.270000,26.400000,26.150000,26.260000,23.678413,8966100
2010-12-21,26.389999,26.959999,26.200001,26.860001,24.219421,13912500
2010-12-22,26.950001,27.430000,26.820000,27.400000,24.706343,14120200
2010-12-23,27.360001,27.490000,27.209999,27.410000,24.715353,7201800
2010-12-27,27.250000,27.540001,27.139999,27.510000,24.805523,5368200
2010-12-28,27.600000,27.770000,27.469999,27.660000,24.940781,6794200
2010-12-29,27.459999,27.580000,27.230000,27.280001,24.598133,6921500
2010-12-30,27.270000,27.450001,27.080000,27.330000,24.643221,6618500
2010-12-31,27.219999,27.340000,27.120001,27.209999,24.535021,6643200
2011-01-03,27.629999,28.570000,27.480000,28.230000,25.454741,21176700
2011-01-04,28.459999,28.500000,28.000000,28.469999,25.671150,12859900
2011-01-05,28.360001,28.830000,28.299999,28.830000,25.995758,15101100
2011-01-06,28.850000,28.980000,28.580000,28.799999,25.968700,13200900
2011-01-07,28.840000,28.889999,28.000000,28.200001,25.427691,17512600
2011-01-10,28.129999,28.150000,27.629999,28.049999,25.292439,15184900
2011-01-11,28.309999,28.469999,27.799999,27.959999,25.211288,11189900
2011-01-12,28.219999,28.719999,28.129999,28.709999,25.887552,13444200
2011-01-13,28.670000,28.750000,28.250000,28.299999,25.517862,13359700
2011-01-14,28.209999,29.170000,28.209999,28.980000,26.131010,14752000
2011-01-18,28.950001,28.980000,28.500000,28.750000,25.923622,12166100
2011-01-19,28.490000,28.500000,27.570000,27.750000,25.021931,21726100
2011-01-20,28.330000,29.180000,27.590000,29.020000,26.167076,34556600
2011-01-21,29.350000,30.250000,29.309999,30.010000,27.059753,35955900
2011-01-24,29.440001,29.990000,29.400000,29.750000,26.825317,16702600
2011-01-25,29.459999,29.620001,28.860001,29.340000,26.455624,14148100
2011-01-26,29.150000,29.400000,28.790001,29.010000,26.158068,15477100
2011-01-27,28.950001,29.879999,28.840000,29.850000,26.961954,16615800
2011-01-28,29.700001,30.000000,28.959999,29.040001,26.230324,16786200
2011-01-31,29.000000,29.459999,28.750000,29.400000,26.555489,13164200
2011-02-01,29.540001,30.070000,29.469999,29.920000,27.025181,11630100
2011-02-02,29.799999,30.010000,29.580000,29.660000,26.790335,9230300
2011-02-03,29.670000,29.870001,29.100000,29.809999,26.925821,8568500
2011-02-04,29.750000,29.860001,29.500000,29.850000,26.961954,9134800
2011-02-07,29.990000,30.610001,29.889999,30.420000,27.476807,11387800
2011-02-08,30.400000,30.870001,30.280001,30.639999,27.675516,13042700
2011-02-09,30.389999,30.440001,29.650000,30.080000,27.169703,16429400
2011-02-10,29.920000,30.200001,29.500000,29.730000,26.853559,12855900
2011-02-11,29.639999,30.240000,29.540001,30.160000,27.241959,10002000
2011-02-14,29.990000,30.150000,29.879999,29.980000,27.079370,7959400
2011-02-15,29.830000,30.450001,29.830000,30.320000,27.386475,10197300
2011-02-16,30.410000,30.840000,30.400000,30.709999,27.738747,9820800
2011-02-17,30.280001,30.750000,30.280001,30.690001,27.720678,6817200
2011-02-18,30.700001,31.040001,30.690001,30.990000,27.991655,10898000
2011-02-22,30.180000,30.299999,29.420000,29.520000,26.663879,12648900
2011-02-23,29.620001,29.959999,29.110001,29.650000,26.781303,10941400
2011-02-24,29.540001,29.570000,28.870001,29.490000,26.636784,13454200
2011-02-25,29.680000,30.020000,29.570000,29.870001,26.980015,8519400
2011-02-28,29.969999,30.040001,29.400000,29.680000,26.808395,12189700
2011-03-01,29.690001,29.780001,28.820000,28.820000,26.031610,12571400
2011-03-02,28.820000,29.250000,28.660000,28.969999,26.167088,9040100
2011-03-03,29.290001,29.559999,29.180000,29.309999,26.474195,9745600
2011-03-04,29.049999,29.080000,28.120001,28.440001,25.688375,18883700
2011-03-07,28.520000,28.670000,28.049999,28.320000,25.579979,12366700
2011-03-08,28.430000,28.969999,28.320000,28.799999,26.013538,10976700
2011-03-09,28.730000,28.920000,28.480000,28.719999,25.941278,8493500
2011-03-10,28.330000,28.430000,27.950001,28.070000,25.354170,11351200
2011-03-11,28.040001,28.400000,28.000000,28.340000,25.598047,7061300
2011-03-14,28.040001,28.160000,27.670000,27.910000,25.209650,10278600
2011-03-15,27.280001,27.860001,26.980000,27.650000,24.974804,14819400
2011-03-16,27.680000,27.760000,26.700001,27.110001,24.487057,18534200
2011-03-17,27.480000,27.590000,27.049999,27.450001,24.794155,12798300
2011-03-18,27.469999,27.870001,27.260000,27.430000,24.776093,17690400
2011-03-21,27.820000,27.980000,27.670000,27.790001,25.101265,7910600
2011-03-22,27.820000,28.200001,27.740000,27.760000,25.074167,8098200
2011-03-23,27.510000,27.639999,27.100000,27.570000,24.902548,12971200
2011-03-24,27.650000,27.719999,27.370001,27.610001,24.938677,10202000
2011-03-25,27.670000,27.700001,27.080000,27.129999,24.505121,12693600
2011-03-28,27.150000,27.459999,27.129999,27.180000,24.550280,6422900
2011-03-29,27.150000,27.250000,26.920000,27.230000,24.595440,8499800
2011-03-30,27.340000,27.370001,27.010000,27.230000,24.595440,12116600
2011-03-31,27.090000,27.590000,27.049999,27.320000,24.676735,8633700
2011-04-01,27.400000,27.480000,27.170000,27.260000,24.622538,11454600
2011-04-04,27.590000,27.600000,27.030001,27.100000,24.478018,9020200
2011-04-05,27.100000,27.230000,26.990000,27.180000,24.550280,6683100
2011-04-06,27.309999,27.870001,27.110001,27.760000,25.074167,11984500
2011-04-07,27.799999,28.240000,27.600000,27.620001,24.947710,10640800
2011-04-08,27.830000,27.830000,27.120001,27.250000,24.613504,8474400
2011-04-11,27.299999,27.459999,26.870001,26.910000,24.306406,9806700
2011-04-12,26.570000,26.879999,26.450001,26.809999,24.216080,13994500
2011-04-13,27.240000,27.340000,26.600000,26.790001,24.198015,12426900
2011-04-14,26.629999,26.820000,26.360001,26.790001,24.198015,10711400
2011-04-15,26.910000,27.160000,26.780001,26.980000,24.369629,13492900
2011-04-18,26.650000,26.680000,26.240000,26.549999,23.981230,12056000
2011-04-19,26.670000,26.730000,26.000000,26.100000,23.574772,12442500
2011-04-20,26.430000,26.879999,25.900000,26.040001,23.520576,22876400
2011-04-21,26.719999,27.379999,26.420000,26.480000,23.918009,18267800
2011-04-25,26.290001,26.450001,25.750000,25.780001,23.285730,13031500
2011-04-26,25.840000,26.059999,25.809999,25.850000,23.348965,10703500
2011-04-27,25.910000,25.920000,25.320000,25.500000,23.077457,15269500
2011-04-28,25.459999,25.940001,25.389999,25.820000,23.367062,16088100
2011-04-29,25.950001,26.250000,25.820000,26.150000,23.665705,11049300
2011-05-02,26.280001,26.490000,26.010000,26.030001,23.557112,9108300
2011-05-03,26.040001,26.219999,25.629999,25.719999,23.276560,13251900
2011-05-04,25.780001,25.959999,25.250000,25.400000,22.986959,10795400
2011-05-05,25.219999,25.400000,24.980000,25.139999,22.751656,11669400
2011-05-06,25.400000,25.670000,25.200001,25.240000,22.842161,15247900
2011-05-09,25.150000,25.270000,24.980000,25.080000,22.697357,7061700
2011-05-10,25.180000,25.680000,25.129999,25.459999,23.041258,13878700
2011-05-11,25.290001,25.299999,24.580000,24.610001,22.272007,16484700
2011-05-12,24.590000,24.790001,24.200001,24.510000,22.181515,22261600
2011-05-13,24.500000,24.540001,24.070000,24.129999,21.837614,11340700
2011-05-16,24.010000,24.500000,23.830000,23.879999,21.611364,10277500
2011-05-17,23.889999,24.340000,23.840000,24.200001,21.900963,15138600
2011-05-18,24.309999,24.530001,24.110001,24.370001,22.054817,10897900
2011-05-19,24.459999,24.530001,24.129999,24.299999,21.991457,7977000
2011-05-20,24.250000,24.450001,23.799999,23.830000,21.566114,12566000
2011-05-23,23.530001,24.010000,23.480000,23.690001,21.439413,10709200
2011-05-24,23.719999,23.740000,23.330000,23.530001,21.294613,10429200
2011-05-25,23.360001,23.670000,23.350000,23.559999,21.321762,10188000
2011-05-26,23.510000,23.629999,23.379999,23.549999,21.312717,9428700
2011-05-27,23.629999,24.139999,23.549999,24.070000,21.783316,8655600
2011-05-31,24.270000,24.490000,23.950001,24.160000,21.864763,11243200
2011-06-01,24.020000,24.049999,23.080000,23.129999,20.932615,15076000
2011-06-02,23.110001,23.400000,22.850000,23.010000,20.824015,14299200
2011-06-03,22.680000,23.430000,22.680000,23.120001,20.923565,13668300
2011-06-06,23.030001,23.030001,22.480000,22.520000,20.380564,17419600
2011-06-07,22.660000,22.809999,22.260000,22.260000,20.145266,11712500
2011-06-08,22.219999,22.480000,21.910000,21.930000,19.846619,13174900
2011-06-09,21.959999,22.660000,21.879999,22.510000,20.371519,14004600
2011-06-10,22.370001,22.969999,22.090000,22.690001,20.534418,20402200
2011-06-13,22.790001,23.389999,22.670000,23.360001,21.140764,17245100
2011-06-14,23.540001,23.540001,22.730000,22.799999,20.633963,17697500
2011-06-15,22.620001,22.840000,22.059999,22.080000,19.982363,21793700
2011-06-16,22.129999,22.469999,21.950001,22.139999,20.036667,18839700
2011-06-17,22.480000,22.920000,22.450001,22.830000,20.661116,22212500
2011-06-20,22.670000,22.730000,22.330000,22.389999,20.262909,12537200
2011-06-21,22.469999,22.770000,22.200001,22.760000,20.597769,13693000
2011-06-22,22.629999,23.070000,22.590000,22.600000,20.452961,12713700
2011-06-23,22.320000,22.430000,21.910000,22.350000,20.226715,19490000
2011-06-24,22.340000,22.410000,21.760000,22.209999,20.100014,23203000
2011-06-27,22.080000,22.629999,22.000000,22.540001,20.398666,16736800
2011-06-28,22.650000,22.709999,22.219999,22.330000,20.208616,13488100
2011-06-29,22.469999,23.440001,22.389999,23.389999,21.167912,22350100
2011-06-30,23.500000,23.500000,22.730000,23.010000,20.824015,22250600
2011-07-01,23.080000,23.780001,22.930000,23.760000,21.502762,15368500
2011-07-05,23.660000,23.719999,23.110001,23.150000,20.950716,14713900
2011-07-06,23.030001,23.090000,22.559999,22.730000,20.570618,13424200
2011-07-07,23.030001,23.100000,22.719999,23.000000,20.814962,15305700
2011-07-08,22.540001,22.700001,22.250000,22.299999,20.181467,19202300
2011-07-11,22.040001,22.160000,21.500000,21.580000,19.529865,17617800
2011-07-12,21.490000,21.850000,21.200001,21.219999,19.204065,23072300
2011-07-13,21.389999,21.700001,21.260000,21.299999,19.276464,25317000
2011-07-14,21.559999,21.620001,21.000000,21.110001,19.104517,20070900
2011-07-15,21.340000,21.400000,20.790001,21.090000,19.086416,20598000
2011-07-18,20.900000,20.940001,20.180000,20.690001,18.724424,21011900
2011-07-19,20.389999,21.070000,20.350000,20.980000,18.986868,21836700
2011-07-20,21.129999,21.889999,21.059999,21.719999,19.656569,25314400
2011-07-21,22.950001,24.459999,22.750000,24.200001,21.900963,65705300
2011-07-22,23.900000,24.000000,23.600000,23.900000,21.629467,18845200
2011-07-25,23.420000,23.610001,23.190001,23.299999,21.086466,20313100
2011-07-26,23.340000,23.879999,23.200001,23.520000,21.285564,17133100
2011-07-27,23.320000,23.320000,22.500000,22.540001,20.442116,21904800
2011-07-28,22.580000,23.059999,22.320000,22.360001,20.278875,17508500
2011-07-29,21.940001,22.770000,21.879999,22.250000,20.179115,20361100
2011-08-01,22.750000,22.860001,22.090000,22.290001,20.215385,16584200
2011-08-02,22.020000,22.230000,21.290001,21.309999,19.326607,25073000
2011-08-03,21.340000,21.469999,20.730000,21.020000,19.063601,28502900
2011-08-04,20.740000,20.850000,19.600000,19.700001,17.866446,32116000
2011-08-05,20.020000,20.389999,19.049999,20.020000,18.156670,41270300
2011-08-08,19.280001,19.809999,16.950001,17.120001,15.526583,47863500
2011-08-09,17.650000,18.400000,16.500000,18.209999,16.515129,43213400
2011-08-10,17.860001,17.889999,16.410000,16.450001,14.918941,53088300
2011-08-11,17.090000,18.450001,16.850000,18.209999,16.515129,44330100
2011-08-12,18.559999,18.889999,16.809999,16.889999,15.317986,46290400
2011-08-15,17.360001,17.959999,17.190001,17.920000,16.252123,24868100
2011-08-16,17.760000,17.860001,16.940001,17.070000,15.481230,26127600
2011-08-17,17.370001,17.620001,16.930000,17.010000,15.426821,21215200
2011-08-18,16.230000,16.340000,15.440000,16.200001,14.692211,39008800
2011-08-19,16.080000,16.670000,15.910000,16.000000,14.510824,36263500
2011-08-22,16.490000,16.540001,15.620000,15.670000,14.211538,22168100
2011-08-23,15.750000,16.020000,15.210000,15.760000,14.293161,28129300
2011-08-24,15.730000,16.379999,15.680000,16.330000,14.810108,26105100
2011-08-25,17.680000,17.879999,16.660000,16.770000,15.209161,33819500
2011-08-26,16.590000,16.900000,16.000000,16.610001,15.064049,20501400
2011-08-29,17.010000,17.350000,16.799999,17.320000,15.707965,14894100
2011-08-30,17.110001,17.420000,16.889999,17.040001,15.454024,15852800
2011-08-31,17.209999,17.730000,17.100000,17.500000,15.871214,19171200
2011-09-01,17.500000,17.549999,16.920000,16.930000,15.354261,17439100
2011-09-02,16.440001,16.570000,15.850000,15.960000,14.474546,16513300
2011-09-06,15.310000,15.490000,15.150000,15.330000,13.903181,21634500
2011-09-07,15.720000,16.400000,15.510000,16.330000,14.810108,15972200
2011-09-08,16.129999,16.270000,15.710000,15.840000,14.365715,19166600
2011-09-09,15.640000,15.740000,15.210000,15.280000,13.857834,19772400
2011-09-12,14.950000,15.180000,14.710000,15.050000,13.649241,23244800
2011-09-13,15.160000,15.850000,15.080000,15.540000,14.093637,20470200
2011-09-14,15.700000,15.870000,15.180000,15.480000,14.039220,20106900
2011-09-15,15.860000,16.639999,15.770000,16.590000,15.045912,27515900
2011-09-16,16.830000,16.930000,16.020000,16.450001,14.918941,27178100
2011-09-19,15.860000,15.950000,15.150000,15.150000,13.739937,26679100
2011-09-20,15.290000,15.500000,15.060000,15.120000,13.712726,30159300
2011-09-21,15.120000,15.230000,13.790000,13.820000,12.533726,41513500
2011-09-22,13.270000,13.320000,12.490000,13.060000,11.844457,63458900
2011-09-23,12.950000,13.860000,12.890000,13.720000,12.443033,37300800
2011-09-26,13.940000,14.610000,13.630000,14.610000,13.250196,29554000
2011-09-27,15.350000,15.830000,14.810000,14.970000,13.576689,42455500
2011-09-28,14.980000,15.060000,14.140000,14.160000,12.842077,24231400
2011-09-29,14.650000,15.160000,14.440000,15.090000,13.685520,44847100
2011-09-30,14.420000,14.480000,13.490000,13.510000,12.252578,51532900
2011-10-03,13.540000,14.050000,12.360000,12.470000,11.309374,53873700
2011-10-04,11.900000,14.010000,11.580000,14.010000,12.706041,76594400
2011-10-05,13.820000,14.780000,13.410000,14.480000,13.132293,67720700
2011-10-06,14.460000,15.530000,13.920000,15.180000,13.767144,49437800
2011-10-07,15.430000,15.480000,14.190000,14.240000,12.914634,47983700
2011-10-10,14.750000,15.440000,14.750000,15.290000,13.866906,36348200
2011-10-11,15.100000,15.950000,14.880000,15.390000,13.957597,35000400
2011-10-12,15.730000,16.290001,15.340000,15.840000,14.365715,36426800
2011-10-13,15.590000,15.590000,14.800000,15.140000,13.730864,30447600
2011-10-14,15.380000,15.440000,14.830000,15.220000,13.803419,30698400
2011-10-17,15.180000,15.390000,15.000000,15.250000,13.830628,29580900
2011-10-18,15.550000,16.940001,15.450000,16.629999,15.082187,51760300
2011-10-19,17.070000,17.719999,16.400000,16.639999,15.091257,66831000
2011-10-20,16.610001,16.770000,16.000000,16.610001,15.064049,35380300
2011-10-21,16.920000,17.200001,16.730000,17.020000,15.435886,33004700
2011-10-24,17.299999,17.420000,16.910000,17.150000,15.553789,26051800
2011-10-25,16.930000,16.969999,16.459999,16.520000,14.982423,23647600
2011-10-26,16.969999,17.040001,16.360001,16.639999,15.091257,30490700
2011-10-27,18.049999,19.570000,17.900000,19.410000,17.656496,64100300
2011-10-28,18.980000,19.670000,18.830000,19.309999,17.565529,32877200
2011-10-31,18.629999,18.660000,17.620001,17.639999,16.046398,32488300
2011-11-01,16.139999,16.780001,15.440000,16.230000,14.763774,48498000
2011-11-02,16.940001,17.040001,16.290001,16.760000,15.245901,23876900
2011-11-03,17.620001,17.750000,15.920000,16.950001,15.418731,50797200
2011-11-04,16.580000,16.870001,16.150000,16.719999,15.209510,29340100
2011-11-07,16.860001,16.980000,16.299999,16.920000,15.391445,26971200
2011-11-08,17.120001,17.370001,16.750000,17.320000,15.755310,26418800
2011-11-09,16.500000,16.520000,15.680000,15.760000,14.336237,33822500
2011-11-10,16.280001,16.320000,15.510000,15.860000,14.427204,35148400
2011-11-11,16.270000,16.530001,16.150000,16.360001,14.882033,19969700
2011-11-14,16.240000,16.340000,15.740000,15.920000,14.481782,31961700
2011-11-15,15.780000,16.160000,15.620000,15.930000,14.490880,21580100
2011-11-16,15.750000,15.750000,14.620000,14.660000,13.335611,48861600
2011-11-17,14.890000,14.940000,13.980000,14.130000,12.853492,45254300
2011-11-18,14.280000,14.460000,13.950000,14.210000,12.926266,28193500
2011-11-21,13.820000,13.860000,13.210000,13.600000,12.371374,43250000
2011-11-22,13.550000,13.850000,13.320000,13.520000,12.298600,28507500
2011-11-23,13.300000,13.330000,12.860000,13.030000,11.852866,31756400
2011-11-25,13.150000,13.630000,13.060000,13.260000,12.062090,13540100
2011-11-28,14.220000,14.350000,13.530000,13.800000,12.553306,37036100
2011-11-29,13.580000,13.670000,13.280000,13.310000,12.107572,35547100
2011-11-30,14.260000,14.820000,13.870000,14.790000,13.453869,48837100
2011-12-01,14.560000,14.900000,14.350000,14.510000,13.199165,25387900
2011-12-02,15.090000,15.900000,14.980000,15.520000,14.117921,52525100
2011-12-05,16.100000,16.620001,15.990000,16.570000,15.073064,67235400
2011-12-06,16.410000,16.740000,16.270000,16.580000,15.082161,33481600
2011-12-07,16.360001,17.500000,16.280001,17.340000,15.773499,41598400
2011-12-08,17.120001,17.379999,15.760000,15.880000,14.445395,44160000
2011-12-09,16.350000,16.830000,16.250000,16.379999,14.900228,34670000
2011-12-12,15.790000,15.810000,15.220000,15.380000,13.990566,28770500
2011-12-13,16.490000,16.549999,14.910000,15.170000,13.799538,40873800
2011-12-14,15.010000,15.390000,14.850000,15.060000,13.699479,30075500
2011-12-15,15.620000,15.660000,14.980000,15.010000,13.653993,28218400
2011-12-16,15.230000,15.460000,14.940000,14.980000,13.626701,31307900
2011-12-19,14.960000,15.030000,14.030000,14.160000,12.880781,31225900
2011-12-20,14.730000,14.900000,14.390000,14.800000,13.462963,31173200
2011-12-21,14.810000,14.980000,14.480000,14.910000,13.563027,20955300
2011-12-22,15.070000,15.950000,15.030000,15.880000,14.445395,30203000
2011-12-23,16.010000,16.030001,15.540000,15.760000,14.336237,14677300
2011-12-27,15.640000,15.800000,15.290000,15.290000,13.908698,13135100
2011-12-28,15.360000,15.380000,14.880000,14.900000,13.553930,17015400
2011-12-29,14.920000,15.300000,14.900000,15.240000,13.863215,14000600
2011-12-30,15.140000,15.290000,15.000000,15.130000,13.763153,16065400
2012-01-03,15.760000,16.290001,15.710000,16.080000,14.627327,25777400
2012-01-04,15.750000,16.080000,15.500000,15.940000,14.499977,20699600
2012-01-05,15.590000,16.400000,15.430000,16.280001,14.809260,30615100
2012-01-06,16.080000,16.250000,15.800000,15.900000,14.463590,21677700
2012-01-09,16.000000,16.450001,15.930000,16.200001,14.736486,19102900
2012-01-10,16.670000,16.959999,16.490000,16.889999,15.364157,25241000
2012-01-11,16.660000,17.139999,16.510000,17.100000,15.555185,21695000
2012-01-12,17.120001,17.320000,16.650000,17.170000,15.618863,22256700
2012-01-13,16.580000,16.850000,16.350000,16.629999,15.127640,22020700
2012-01-17,16.590000,16.990000,16.100000,16.250000,14.781970,24135700
2012-01-18,16.299999,17.400000,16.030001,17.350000,15.782600,37202500
2012-01-19,18.430000,18.600000,18.030001,18.280001,16.628586,46368600
2012-01-20,17.900000,18.420000,17.820000,18.389999,16.728643,27909000
2012-01-23,17.990000,18.670000,17.920000,18.209999,16.564903,24346300
2012-01-24,17.850000,18.260000,17.639999,18.139999,16.501228,19028800
2012-01-25,17.840000,18.250000,17.709999,18.129999,16.492130,22144000
2012-01-26,18.290001,18.879999,18.059999,18.200001,16.555809,22780400
2012-01-27,17.950001,18.660000,17.889999,18.559999,16.929796,26265600
2012-01-30,18.790001,18.799999,18.170000,18.200001,16.601418,31773300
2012-01-31,18.400000,18.680000,18.049999,18.650000,17.011894,27734600
2012-02-01,19.190001,20.090000,19.010000,19.389999,17.686892,51396600
2012-02-02,19.730000,19.740000,19.420000,19.520000,17.805471,21612100
2012-02-03,19.969999,20.500000,19.840000,20.309999,18.526089,32521300
2012-02-06,20.510000,20.549999,20.180000,20.510000,18.708517,22866600
2012-02-07,20.360001,20.480000,20.129999,20.260000,18.480480,21276100
2012-02-08,20.250000,20.440001,20.100000,20.440001,18.644672,25262600
2012-02-09,20.540001,20.700001,20.219999,20.340000,18.553453,21028000
2012-02-10,19.990000,19.990000,19.500000,19.660000,17.933176,21980700
2012-02-13,19.980000,20.090000,19.459999,19.540001,17.823721,21993300
2012-02-14,19.270000,19.280001,18.760000,19.049999,17.376759,31791900
2012-02-15,19.190001,19.350000,18.850000,18.959999,17.294664,23800300
2012-02-16,18.570000,19.260000,18.200001,19.190001,17.504461,33070100
2012-02-17,19.520000,19.540001,19.040001,19.160000,17.477095,16745200
2012-02-21,19.430000,19.530001,19.150000,19.260000,17.568314,16347600
2012-02-22,19.240000,19.260000,18.680000,18.730000,17.084864,15979100
2012-02-23,18.930000,18.980000,18.520000,18.969999,17.303785,17149900
2012-02-24,19.030001,19.030001,18.400000,18.490000,16.865944,19403600
2012-02-27,18.330000,18.830000,18.209999,18.750000,17.103106,16093100
2012-02-28,18.680000,19.030001,18.430000,18.709999,17.066618,21725300
2012-02-29,18.830000,19.110001,18.459999,18.540001,16.911554,22033200
2012-03-01,18.740000,19.320000,18.620001,19.190001,17.504461,29812700
2012-03-02,19.219999,19.420000,18.830000,18.870001,17.212568,22798900
2012-03-05,18.780001,18.780001,18.170000,18.290001,16.683519,27019000
2012-03-06,17.770000,17.820000,17.240000,17.320000,15.798711,38827700
2012-03-07,17.540001,17.969999,17.500000,17.879999,16.309521,20925800
2012-03-08,18.209999,18.340000,18.020000,18.180000,16.583174,17986100
2012-03-09,18.250000,18.549999,18.059999,18.370001,16.756485,22098500
2012-03-12,18.370001,18.400000,17.930000,18.200001,16.601418,15071500
2012-03-13,18.590000,19.110001,18.389999,18.930000,17.267296,41817700
2012-03-14,19.209999,19.299999,18.469999,18.600000,16.966280,40971500
2012-03-15,18.760000,19.540001,18.549999,19.510000,17.796356,27264900
2012-03-16,19.670000,19.750000,19.299999,19.530001,17.814596,31754300
2012-03-19,19.450001,20.500000,19.309999,20.059999,18.298044,32102300
2012-03-20,19.850000,20.700001,19.790001,20.410000,18.617302,29701300
2012-03-21,20.360001,20.480000,20.000000,20.059999,18.298044,23039500
2012-03-22,19.809999,19.920000,19.360001,19.590000,17.869328,17652200
2012-03-23,19.670000,20.450001,19.600000,20.330000,18.544327,33599800
2012-03-26,20.610001,21.190001,20.580000,21.170000,19.310547,33065000
2012-03-27,20.920000,21.170000,20.719999,20.719999,18.900074,32420300
2012-03-28,20.690001,20.889999,20.080000,20.240000,18.462233,26485300
2012-03-29,20.049999,20.150000,19.379999,19.740000,18.006149,21942200
2012-03-30,19.830000,19.900000,19.360001,19.639999,17.914930,16142000
2012-04-02,19.639999,20.049999,19.440001,19.809999,18.070005,16217900
2012-04-03,19.709999,19.820000,19.200001,19.370001,17.668652,21315000
2012-04-04,18.930000,19.100000,18.600000,18.690001,17.048378,22202200
2012-04-05,18.580000,18.870001,18.320000,18.389999,16.774729,19891300
2012-04-09,17.959999,18.160000,17.790001,17.980000,16.400736,18652000
2012-04-10,18.170000,18.230000,17.260000,17.309999,15.789584,34606300
2012-04-11,17.870001,18.000000,17.420000,17.510000,15.972022,24378200
2012-04-12,17.620001,18.240000,17.500000,18.219999,16.619659,22665400
2012-04-13,18.110001,18.110001,17.260000,17.280001,15.762228,30596100
2012-04-16,17.610001,17.799999,17.219999,17.500000,15.962901,22987600
2012-04-17,17.860001,18.030001,17.709999,17.850000,16.282164,24429000
2012-04-18,17.559999,17.900000,17.500000,17.660000,16.108841,25795400
2012-04-19,18.530001,18.540001,17.770000,18.070000,16.482834,49785500
2012-04-20,18.129999,18.129999,17.440001,17.480000,15.944659,26969400
2012-04-23,16.910000,17.150000,16.629999,16.980000,15.488577,28949100
2012-04-24,17.040001,17.410000,16.750000,17.400000,15.871679,26875700
2012-04-25,17.600000,17.680000,16.889999,17.139999,15.634515,30184200
2012-04-26,16.860001,17.360001,16.809999,17.209999,15.744300,22707000
2012-04-27,17.280001,17.330000,16.809999,16.950001,15.506442,35467000
2012-04-30,16.820000,17.420000,16.760000,17.280001,15.808342,26501700
2012-05-01,17.230000,17.680000,17.100000,17.490000,16.000450,20620900
2012-05-02,17.290001,17.320000,16.900000,16.950001,15.506442,21032100
2012-05-03,16.969999,17.010000,16.200001,16.230000,14.847762,46949600
2012-05-04,16.100000,16.150000,15.900000,16.000000,14.637352,31208900
2012-05-07,15.850000,16.260000,15.830000,16.150000,14.774574,18287300
2012-05-08,15.890000,16.090000,15.550000,15.840000,14.490977,34812500
2012-05-09,15.430000,15.780000,15.350000,15.490000,14.170784,33177300
2012-05-10,15.900000,15.950000,15.510000,15.600000,14.271418,23652200
2012-05-11,15.010000,15.230000,14.700000,14.950000,13.676776,56237300
2012-05-14,14.590000,14.730000,14.250000,14.300000,13.082134,33857600
2012-05-15,14.410000,14.550000,14.070000,14.140000,12.935760,33837600
2012-05-16,14.320000,14.390000,13.530000,13.540000,12.386858,40665000
2012-05-17,13.620000,13.930000,13.340000,13.460000,12.313672,37206700
2012-05-18,13.830000,13.830000,13.230000,13.350000,12.213040,37704200
2012-05-21,13.120000,13.440000,13.060000,13.190000,12.066665,32394400
2012-05-22,13.310000,13.900000,13.210000,13.310000,12.176445,35996700
2012-05-23,13.060000,13.450000,12.810000,13.370000,12.231338,47059000
2012-05-24,13.460000,13.480000,13.120000,13.310000,12.176445,26212200
2012-05-25,13.220000,13.410000,13.170000,13.250000,12.121557,16627700
2012-05-29,13.420000,13.660000,13.270000,13.640000,12.478340,18585300
2012-05-30,13.310000,13.360000,13.070000,13.090000,11.975183,24816700
2012-05-31,13.120000,13.480000,12.900000,13.360000,12.222189,29034200
2012-06-01,12.970000,13.020000,12.630000,12.730000,11.645844,31752500
2012-06-04,12.760000,12.800000,12.260000,12.360000,11.307352,23735500
2012-06-05,12.300000,12.950000,12.290000,12.860000,11.764770,25264700
2012-06-06,13.160000,13.990000,13.050000,13.940000,12.752791,39047100
2012-06-07,14.220000,14.270000,13.390000,13.410000,12.267930,42815800
2012-06-08,13.320000,13.760000,13.150000,13.710000,12.542379,20410000
2012-06-11,14.070000,14.220000,13.330000,13.370000,12.231338,23560500
2012-06-12,13.520000,13.980000,13.380000,13.930000,12.743643,26987100
2012-06-13,13.780000,14.120000,13.550000,13.650000,12.487491,23361000
2012-06-14,13.660000,14.020000,13.540000,13.930000,12.743643,20306000
2012-06-15,13.990000,14.300000,13.700000,14.300000,13.082134,28808800
2012-06-18,14.100000,14.340000,13.790000,13.820000,12.643011,28741200
2012-06-19,14.030000,14.500000,13.920000,14.260000,13.045538,30216300
2012-06-20,14.320000,14.460000,14.000000,14.200000,12.990648,28428000
2012-06-21,14.260000,14.440000,13.870000,13.960000,12.771089,35058800
2012-06-22,14.360000,14.420000,13.950000,14.140000,12.935760,44276800
2012-06-25,13.810000,13.810000,13.360000,13.480000,12.331969,31764200
2012-06-26,13.300000,13.730000,13.300000,13.510000,12.359412,26104300
2012-06-27,13.580000,14.010000,13.420000,13.910000,12.725348,18167500
2012-06-28,13.630000,13.930000,13.560000,13.870000,12.688753,21586000
2012-06-29,14.460000,14.610000,14.060000,14.590000,13.347434,32233000
2012-07-02,14.610000,14.980000,14.510000,14.940000,13.667627,25580200
2012-07-03,14.800000,15.210000,14.770000,15.110000,13.823147,16563300
2012-07-05,14.950000,15.080000,14.500000,14.510000,13.274247,22538100
2012-07-06,14.250000,14.450000,14.110000,14.140000,12.935760,24562500
2012-07-09,14.130000,14.180000,13.810000,13.930000,12.743643,17689100
2012-07-10,14.090000,14.150000,13.580000,13.710000,12.542379,17878000
2012-07-11,13.750000,14.120000,13.720000,13.810000,12.633862,23952100
2012-07-12,13.610000,13.720000,13.500000,13.550000,12.396008,19514900
2012-07-13,13.670000,14.100000,13.590000,14.050000,12.853421,23078400
2012-07-16,14.150000,14.300000,13.890000,14.250000,13.036391,17246600
2012-07-17,14.380000,14.450000,13.910000,14.340000,13.118725,19718200
2012-07-18,14.240000,14.260000,13.880000,13.990000,12.798532,21021300
2012-07-19,13.490000,13.730000,13.000000,13.250000,12.121557,61251700
2012-07-20,13.110000,13.240000,12.770000,12.780000,11.691585,33452600
2012-07-23,12.440000,12.700000,12.290000,12.640000,11.563508,23396100
2012-07-24,13.060000,13.080000,12.410000,12.620000,11.545210,22631700
2012-07-25,12.730000,13.070000,12.670000,12.960000,11.856255,25081600
2012-07-26,13.280000,13.320000,12.860000,13.000000,11.892847,33523200
2012-07-27,13.090000,13.650000,12.950000,13.490000,12.388767,32845000
2012-07-30,13.340000,13.600000,13.300000,13.510000,12.407132,17374800
2012-07-31,13.420000,13.740000,13.300000,13.660000,12.544888,16591100
2012-08-01,13.730000,13.750000,13.430000,13.510000,12.407132,17840800
2012-08-02,13.130000,13.360000,12.980000,13.030000,11.966317,25873800
2012-08-03,13.390000,13.880000,13.310000,13.780000,12.655092,20978500
2012-08-06,13.890000,14.220000,13.790000,14.140000,12.985704,17252700
2012-08-07,14.200000,14.620000,14.160000,14.500000,13.316316,22901000
2012-08-08,14.380000,14.680000,14.260000,14.570000,13.380602,13767600
2012-08-09,14.460000,14.730000,14.360000,14.710000,13.509173,13960100
2012-08-10,14.610000,14.680000,14.440000,14.610000,13.417336,10560000
2012-08-13,14.480000,14.650000,14.460000,14.550000,13.362234,10787800
2012-08-14,14.660000,14.790000,14.360000,14.390000,13.215295,14589200
2012-08-15,14.340000,14.640000,14.290000,14.580000,13.389784,12441000
2012-08-16,14.640000,14.790000,14.490000,14.590000,13.398966,13214900
2012-08-17,14.610000,14.660000,14.510000,14.590000,13.398966,13839800
2012-08-20,14.580000,14.880000,14.510000,14.830000,13.619377,11502600
2012-08-21,14.960000,15.340000,14.760000,14.890000,13.674479,23169700
2012-08-22,14.710000,15.150000,14.660000,14.860000,13.646930,17341700
2012-08-23,14.860000,14.890000,14.450000,14.500000,13.316316,17988800
2012-08-24,14.340000,14.670000,14.180000,14.560000,13.371419,15693900
2012-08-27,14.620000,14.700000,14.470000,14.530000,13.343866,9107500
2012-08-28,14.490000,14.730000,14.450000,14.600000,13.408154,10958300
2012-08-29,14.650000,14.960000,14.570000,14.810000,13.601010,28938700
2012-08-30,14.680000,14.930000,14.610000,14.900000,13.683663,20122200
2012-08-31,15.040000,15.250000,14.810000,15.000000,13.775500,25759500
2012-09-04,15.290000,15.650000,15.130000,15.510000,14.243868,31820800
2012-09-05,15.520000,15.810000,15.400000,15.680000,14.399990,31345100
2012-09-06,15.840000,16.360001,15.800000,16.250000,14.923460,33577300
2012-09-07,16.510000,17.110001,16.400000,17.080000,15.685699,37944700
2012-09-10,16.930000,17.049999,16.600000,16.610001,15.254073,25983100
2012-09-11,16.910000,17.280001,16.690001,17.250000,15.841820,24605100
2012-09-12,17.410000,17.469999,17.110001,17.420000,15.997950,24508000
2012-09-13,17.320000,18.059999,17.070000,17.900000,16.438763,39763900
2012-09-14,18.160000,18.500000,18.100000,18.240000,16.751003,36010200
2012-09-17,17.990000,18.090000,17.700001,17.799999,16.346926,23210400
2012-09-18,17.719999,17.799999,17.549999,17.629999,16.190802,20749400
2012-09-19,17.760000,17.830000,17.510000,17.570000,16.135700,20723700
2012-09-20,16.959999,17.240000,16.840000,17.209999,15.805093,25015800
2012-09-21,17.500000,17.500000,16.980000,17.080000,15.685699,35060300
2012-09-24,16.850000,17.330000,16.770000,17.040001,15.648971,19625200
2012-09-25,17.180000,17.240000,16.570000,16.600000,15.244885,20483800
2012-09-26,16.650000,16.700001,16.299999,16.430000,15.088767,23131300
2012-09-27,16.770000,16.969999,16.540001,16.840000,15.465296,19249800
2012-09-28,16.850000,16.950001,16.639999,16.740000,15.373460,17753000
2012-10-01,16.940001,17.200001,16.730000,16.790001,15.419377,20283300
2012-10-02,16.920000,17.030001,16.809999,16.910000,15.529583,17031300
2012-10-03,16.980000,17.240000,16.760000,17.030001,15.639785,20785000
2012-10-04,17.270000,17.580000,17.240000,17.469999,16.043865,19626200
2012-10-05,17.709999,17.879999,17.320000,17.500000,16.071419,21838600
2012-10-08,17.170000,17.559999,17.170000,17.450001,16.025501,13635400
2012-10-09,17.510000,17.610001,17.250000,17.350000,15.933660,17241700
2012-10-10,17.360001,17.520000,17.160000,17.400000,15.979582,15204000
2012-10-11,17.750000,17.910000,17.680000,17.860001,16.402029,16506700
2012-10-12,17.580000,17.740000,17.219999,17.309999,15.896924,20821400
2012-10-15,17.510000,17.780001,17.400000,17.750000,16.301008,17808900
2012-10-16,17.879999,18.040001,17.700001,17.870001,16.411217,18636900
2012-10-17,17.980000,18.500000,17.840000,18.490000,16.980600,24018500
2012-10-18,18.559999,18.570000,17.700001,17.790001,16.337744,51097100
2012-10-19,17.590000,18.049999,17.309999,17.530001,16.098969,29226000
2012-10-22,17.510000,17.670000,17.170000,17.450001,16.025501,21274000
2012-10-23,17.110001,17.260000,16.940001,17.110001,15.713252,24205700
2012-10-24,17.250000,17.400000,17.120001,17.180000,15.777534,14264500
2012-10-25,17.440001,17.549999,16.889999,17.100000,15.704067,18872800
2012-10-26,17.040001,17.129999,16.860001,17.040001,15.648971,13195100
2012-10-31,17.190001,17.600000,17.129999,17.379999,16.008184,26046300
2012-11-01,17.410000,17.610001,17.320000,17.610001,16.220034,25089900
2012-11-02,17.760000,17.840000,17.520000,17.780001,16.376612,19752700
2012-11-05,17.650000,17.770000,17.410000,17.750000,16.348984,16147600
2012-11-06,17.840000,18.240000,17.830000,18.190001,16.754253,15345900
2012-11-07,17.580000,17.639999,16.629999,16.629999,15.317384,42700600
2012-11-08,16.770000,17.010000,16.510000,16.520000,15.216063,21125000
2012-11-09,16.420000,16.980000,16.299999,16.610001,15.298961,20657200
2012-11-12,16.700001,16.900000,16.590000,16.770000,15.446335,10731100
2012-11-13,16.500000,16.910000,16.440001,16.520000,15.216063,14431200
2012-11-14,16.650000,16.709999,15.990000,16.090000,14.820006,20059100
2012-11-15,16.410000,16.420000,16.100000,16.260000,14.976585,16252800
2012-11-16,16.299999,16.360001,15.950000,16.180000,14.902902,16940700
2012-11-19,16.490000,16.799999,16.430000,16.520000,15.216063,14758800
2012-11-20,16.430000,16.620001,16.260000,16.350000,15.059485,15426700
2012-11-21,16.459999,16.510000,16.150000,16.250000,14.967375,12734400
2012-11-23,16.410000,16.559999,16.350000,16.430000,15.133167,8600700
2012-11-26,16.320000,16.629999,16.230000,16.610001,15.298961,13217700
2012-11-27,16.530001,16.840000,16.469999,16.629999,15.317384,19041400
2012-11-28,16.410000,16.940001,16.260000,16.879999,15.547650,23800600
2012-11-29,16.969999,17.100000,16.650000,16.860001,15.529229,19084300
2012-11-30,16.870001,17.049999,16.740000,16.870001,15.538441,17198700
2012-12-03,17.010000,17.010000,16.430000,16.469999,15.170011,15532000
2012-12-04,16.459999,16.650000,16.350000,16.610001,15.298961,14287900
2012-12-05,16.700001,17.120001,16.700001,16.980000,15.639756,15736300
2012-12-06,16.950001,17.049999,16.690001,16.740000,15.418701,16042600
2012-12-07,16.969999,17.080000,16.870001,16.969999,15.630549,11488400
2012-12-10,16.910000,17.040001,16.799999,17.010000,15.667388,9740400
2012-12-11,17.260000,17.889999,17.219999,17.750000,16.348984,36051800
2012-12-12,17.790001,17.940001,17.610001,17.700001,16.302929,27771300
2012-12-13,17.660000,17.930000,17.580000,17.799999,16.395037,19220900
2012-12-14,17.719999,18.090000,17.700001,18.049999,16.625299,16296500
2012-12-17,18.080000,18.549999,18.070000,18.530001,17.067413,16686000
2012-12-18,18.620001,19.219999,18.620001,19.120001,17.610847,25465100
2012-12-19,19.270000,19.450001,18.840000,19.090000,17.583212,21889300
2012-12-20,19.049999,19.400000,19.000000,19.270000,17.749004,19134000
2012-12-21,18.740000,19.080000,18.570000,18.920000,17.426630,21669400
2012-12-24,18.900000,18.980000,18.820000,18.950001,17.454264,3205700
2012-12-26,19.020000,19.110001,18.840000,18.879999,17.389791,9052900
2012-12-27,18.940001,19.070000,18.500000,18.770000,17.288475,14656100
2012-12-28,18.559999,18.770000,18.559999,18.620001,17.150311,11258500
2012-12-31,18.600000,19.209999,18.520000,19.120001,17.610847,19954000
2013-01-02,20.160000,20.170000,19.510000,19.620001,18.071381,29812900
2013-01-03,19.459999,19.610001,19.320000,19.580000,18.034534,29859500
2013-01-04,19.680000,20.250000,19.580000,20.190001,18.596392,31983900
2013-01-07,20.020000,20.129999,19.670000,19.799999,18.237171,21445100
2013-01-08,19.740000,19.790001,19.590000,19.650000,18.099012,22206200
2013-01-09,19.700001,19.940001,19.410000,19.620001,18.071381,26993800
2013-01-10,19.860001,20.430000,19.820000,20.340000,18.734552,39869800
2013-01-11,20.160000,20.420000,20.090000,20.170000,18.577969,20880000
2013-01-14,20.240000,20.240000,19.750000,20.070000,18.485863,14590200
2013-01-15,19.930000,20.540001,19.850000,20.430000,18.817446,25277000
2013-01-16,20.730000,20.860001,20.360001,20.540001,18.918764,30630600
2013-01-17,20.549999,20.750000,20.400000,20.750000,19.112188,26063600
2013-01-18,21.980000,22.459999,21.790001,22.379999,20.613531,65729400
2013-01-22,22.129999,22.980000,22.030001,22.980000,21.166170,38089200
2013-01-23,22.860001,22.940001,22.469999,22.670000,20.880644,24266100
2013-01-24,22.570000,23.030001,22.510000,22.600000,20.816166,20294700
2013-01-25,22.750000,22.850000,22.580000,22.700001,20.908272,14059600
2013-01-28,22.790001,22.790001,22.309999,22.309999,20.549057,13892000
2013-01-29,22.280001,22.670000,22.049999,22.590000,20.806955,14548300
2013-01-30,22.360001,23.000000,22.360001,22.980000,21.166170,23160400
2013-01-31,22.799999,23.020000,22.610001,22.850000,21.046432,19819100
2013-02-01,23.040001,23.740000,22.969999,23.510000,21.701828,31744400
2013-02-04,22.840000,23.139999,22.820000,22.879999,21.120279,26405700
2013-02-05,23.170000,23.490000,23.010000,23.400000,21.600285,23873200
2013-02-06,23.240000,23.500000,23.170000,23.389999,21.591055,15851000
2013-02-07,23.360001,23.580000,22.670000,23.100000,21.323360,20157900
2013-02-08,23.080000,23.410000,23.040001,23.320000,21.526442,16025800
2013-02-11,23.209999,23.469999,23.129999,23.280001,21.489519,10258200
2013-02-12,23.299999,23.650000,23.200001,23.629999,21.812595,15347000
2013-02-13,23.670000,23.870001,23.389999,23.629999,21.812595,15783400
2013-02-14,23.530001,23.879999,23.400000,23.830000,21.997215,16316300
2013-02-15,23.879999,23.940001,23.440001,23.870001,22.034140,17504700
2013-02-19,23.990000,24.330000,23.809999,24.320000,22.449533,17457300
2013-02-20,24.379999,24.469999,23.350000,23.420000,21.618750,17432700
2013-02-21,23.219999,23.219999,22.559999,22.830000,21.074129,22324700
2013-02-22,23.209999,23.590000,23.059999,23.580000,21.766443,17827100
2013-02-25,23.830000,23.850000,22.020000,22.030001,20.335655,30074300
2013-02-26,22.350000,22.500000,21.780001,22.440001,20.714127,30923000
2013-02-27,22.440001,22.990000,22.350000,22.900000,21.138746,18051600
2013-02-28,22.910000,22.980000,22.500000,22.549999,20.815660,14890300
2013-03-01,22.389999,22.760000,21.840000,22.430000,20.704889,22333000
2013-03-04,22.360001,22.670000,22.120001,22.600000,20.861822,17138300
2013-03-05,22.799999,23.000000,22.680000,22.740000,20.991049,15014100
2013-03-06,22.990000,22.990000,22.410000,22.910000,21.147972,18583200
2013-03-07,23.010000,23.370001,22.889999,23.219999,21.434130,17820000
2013-03-08,23.290001,23.330000,22.670000,23.030001,21.258743,19394000
2013-03-11,23.030001,23.280001,22.650000,23.100000,21.323360,14219200
2013-03-12,23.049999,23.110001,22.600000,22.670000,20.926439,13077000
2013-03-13,22.709999,22.860001,22.530001,22.780001,21.027969,12025800
2013-03-14,22.950001,23.070000,22.670000,22.799999,21.046432,21068400
2013-03-15,22.830000,23.660000,22.770000,23.590000,21.775677,24186700
2013-03-18,23.030001,23.190001,22.570000,22.990000,21.221823,23417000
2013-03-19,23.070000,23.190001,22.000000,22.389999,20.667967,32781600
2013-03-20,22.590000,22.920000,22.330000,22.740000,20.991049,17813500
2013-03-21,22.570000,22.680000,22.049999,22.059999,20.363348,17557200
2013-03-22,22.200001,22.410000,21.930000,22.180000,20.474117,16558900
2013-03-25,22.370001,22.490000,21.780001,21.969999,20.280268,23992000
2013-03-26,22.160000,22.299999,21.959999,22.219999,20.511042,14889200
2013-03-27,22.020000,22.350000,21.920000,22.290001,20.575665,13926000
2013-03-28,22.350000,22.400000,21.889999,21.980000,20.289503,18376400
2013-04-01,21.990000,22.129999,21.520000,21.660000,19.994108,14219100
2013-04-02,21.430000,21.910000,21.400000,21.700001,20.031034,21701700
2013-04-03,21.680000,21.709999,20.950001,21.110001,19.486406,25406800
2013-04-04,21.120001,21.389999,21.020000,21.330000,19.689491,17321000
2013-04-05,20.910000,21.590000,20.790001,21.559999,19.901808,18163200
2013-04-08,21.480000,21.760000,21.190001,21.740000,20.067957,14263500
2013-04-09,21.770000,22.100000,21.740000,21.740000,20.067957,13196200
2013-04-10,21.889999,22.530001,21.870001,22.219999,20.511042,17467300
2013-04-11,22.280001,22.629999,22.240000,22.270000,20.557198,14692800
2013-04-12,22.090000,22.230000,21.540001,21.820000,20.141808,25150400
2013-04-15,21.750000,22.250000,21.410000,21.480000,19.827957,22458100
2013-04-16,21.809999,21.860001,21.190001,21.850000,20.169500,21839800
2013-04-17,21.540001,21.830000,20.860001,21.469999,19.818729,45475800
2013-04-18,21.350000,21.469999,20.309999,20.309999,18.747942,47193400
2013-04-19,20.370001,20.629999,20.160000,20.580000,18.997181,24644100
2013-04-22,20.610001,20.879999,20.530001,20.709999,19.117178,16156600
2013-04-23,20.969999,21.730000,20.910000,21.610001,19.947960,23437700
2013-04-24,21.660000,21.780001,21.400000,21.450001,19.800264,17955700
2013-04-25,21.559999,21.809999,21.389999,21.430000,19.781805,18496600
2013-04-26,21.389999,21.530001,21.250000,21.400000,19.800308,17348300
2013-04-29,21.559999,22.209999,21.530001,22.209999,20.549759,19028600
2013-04-30,22.219999,22.430000,22.059999,22.150000,20.494240,14015800
2013-05-01,22.110001,22.110001,21.680000,21.850000,20.216667,13070800
2013-05-02,21.910000,22.340000,21.540001,22.290001,20.623774,16779000
2013-05-03,22.879999,23.150000,22.670000,22.760000,21.058647,20261100
2013-05-06,22.799999,23.500000,22.780001,23.280001,21.539774,17400300
2013-05-07,23.350000,23.389999,23.010000,23.270000,21.530519,12100700
2013-05-08,23.190001,23.750000,23.059999,23.670000,21.900618,15207900
2013-05-09,23.660000,23.740000,23.299999,23.410000,21.660055,12965300
2013-05-10,23.400000,23.940001,23.260000,23.940001,22.150436,15032800
2013-05-13,23.799999,23.980000,23.580000,23.680000,21.909870,14510500
2013-05-14,23.530001,24.500000,23.530001,24.270000,22.455763,19210900
2013-05-15,24.240000,24.900000,24.150000,24.860001,23.001665,19670500
2013-05-16,24.660000,24.870001,24.420000,24.580000,22.742592,18863800
2013-05-17,24.780001,25.240000,24.690001,25.190001,23.306993,14505800
2013-05-20,25.110001,25.420000,24.969999,25.070000,23.195967,11410100
2013-05-21,25.059999,25.480000,24.920000,25.120001,23.242228,10442900
2013-05-22,25.340000,25.690001,24.549999,24.700001,22.853632,18372500
2013-05-23,24.190001,24.760000,24.000000,24.250000,22.437262,22658200
2013-05-24,24.170000,24.360001,23.980000,24.350000,22.529791,11617400
2013-05-28,24.809999,25.049999,24.540001,24.730000,22.881384,15357400
2013-05-29,24.620001,25.290001,24.530001,24.980000,23.112690,17451200
2013-05-30,25.000000,25.920000,24.760000,25.820000,23.889904,21200700
2013-05-31,26.000000,26.420000,25.900000,25.900000,23.963923,28330600
2013-06-03,26.059999,26.299999,25.190001,25.650000,23.732609,26208200
2013-06-04,25.799999,26.100000,25.299999,25.469999,23.566061,18632300
2013-06-05,25.420000,25.660000,24.820000,25.030001,23.158957,21478400
2013-06-06,25.100000,25.420000,24.600000,25.410000,23.510550,18339600
2013-06-07,25.780001,27.000000,25.590000,27.000000,24.981693,32830300
2013-06-10,26.969999,27.170000,26.600000,27.150000,25.120481,34956600
2013-06-11,26.770000,26.790001,25.990000,26.090000,24.139717,25321300
2013-06-12,26.580000,26.620001,25.410000,25.570000,23.658590,26046400
2013-06-13,25.549999,26.490000,25.420000,26.370001,24.398790,19571900
2013-06-14,26.290001,26.480000,25.639999,25.830000,23.899153,15473900
2013-06-17,26.080000,26.330000,25.940001,26.209999,24.250751,15087100
2013-06-18,26.230000,26.400000,26.040001,26.320000,24.352528,14805700
2013-06-19,26.379999,26.690001,26.030001,26.110001,24.158224,18210200
2013-06-20,25.719999,25.750000,24.950001,25.150000,23.269985,25968000
2013-06-21,25.500000,25.559999,24.160000,24.910000,23.047924,35690500
2013-06-24,24.290001,24.700001,23.920000,24.400000,22.576048,22715500
2013-06-25,24.709999,25.260000,24.639999,25.030001,23.158957,19049600
2013-06-26,25.350000,25.389999,24.820000,24.879999,23.020166,15125600
2013-06-27,25.160000,25.370001,24.980000,25.040001,23.168211,12139800
2013-06-28,24.770000,24.879999,24.260000,24.430000,22.603807,18545200
2013-07-01,24.639999,25.090000,24.540001,24.590000,22.751848,13776500
2013-07-02,24.510000,25.190001,24.100000,24.440001,22.613058,18627700
2013-07-03,24.150000,24.190001,23.830000,24.040001,22.242960,15395700
2013-07-05,24.250000,24.629999,24.160000,24.570000,22.733345,15322700
2013-07-08,24.809999,25.080000,24.450001,24.879999,23.020166,22795300
2013-07-09,25.100000,25.490000,24.660000,25.440001,23.538313,20640600
2013-07-10,25.330000,25.520000,25.059999,25.340000,23.445780,10066000
2013-07-11,25.830000,26.000000,25.230000,25.549999,23.640081,14064000
2013-07-12,25.760000,26.139999,25.620001,26.129999,24.176727,15134200
2013-07-15,26.469999,26.799999,26.230000,26.690001,24.694870,18378800
2013-07-16,26.850000,26.920000,26.160000,26.379999,24.408047,19035300
2013-07-17,26.500000,26.650000,26.309999,26.540001,24.556086,15826000
2013-07-18,27.680000,27.950001,27.389999,27.700001,25.629368,36282000
2013-07-19,27.670000,27.860001,27.320000,27.600000,25.536846,17528300
2013-07-22,27.750000,27.820000,27.540001,27.610001,25.546099,11820700
2013-07-23,27.850000,27.879999,27.500000,27.809999,25.731148,13093200
2013-07-24,27.920000,27.980000,27.570000,27.730000,25.657120,17560700
2013-07-25,27.680000,27.760000,27.400000,27.760000,25.684887,12866600
2013-07-26,27.670000,27.809999,27.540001,27.700001,25.629368,14850700
2013-07-29,27.580000,27.580000,27.030001,27.309999,25.314213,12764100
2013-07-30,27.420000,27.500000,26.980000,27.070000,25.091753,13304700
2013-07-31,27.059999,27.520000,27.040001,27.209999,25.221518,16452900
2013-08-01,27.570000,27.980000,27.549999,27.920000,25.879641,13316200
2013-08-02,27.830000,28.020000,27.680000,27.850000,25.814753,8442000
2013-08-05,27.750000,27.990000,27.570000,27.850000,25.814753,6868400
2013-08-06,27.799999,27.850000,27.290001,27.309999,25.314213,9181400
2013-08-07,27.150000,27.180000,26.740000,27.070000,25.091753,9172200
2013-08-08,27.480000,27.530001,26.780001,26.920000,24.952717,12365400
2013-08-09,26.889999,27.209999,26.750000,26.760000,24.804407,8314800
2013-08-12,26.639999,26.650000,26.360001,26.620001,24.674643,9603200
2013-08-13,26.680000,27.090000,26.420000,26.959999,24.989794,10159000
2013-08-14,26.910000,27.129999,26.680000,26.790001,24.832218,7221000
2013-08-15,26.450001,26.500000,26.219999,26.360001,24.433636,11316800
2013-08-16,26.260000,26.590000,26.240000,26.469999,24.535601,10512900
2013-08-19,26.330000,26.469999,25.780001,25.809999,23.923830,9602300
2013-08-20,25.809999,26.360001,25.760000,26.309999,24.387295,13977600
2013-08-21,26.170000,26.389999,25.799999,26.010000,24.109221,16496700
2013-08-22,26.170000,26.480000,26.010000,26.219999,24.303869,9938700
2013-08-23,26.260000,26.350000,26.110001,26.320000,24.396566,7089400
2013-08-26,26.330000,26.670000,26.250000,26.379999,24.452181,8665100
2013-08-27,25.950001,26.049999,25.430000,25.450001,23.590143,13209000
2013-08-28,25.389999,25.790001,25.250000,25.580000,23.710640,10091400
2013-08-29,25.450001,26.020000,25.430000,25.910000,24.016523,9225700
2013-08-30,26.040001,26.040001,25.610001,25.760000,23.877489,10285900
2013-09-03,26.219999,26.490000,25.950001,26.270000,24.350216,12810100
2013-09-04,26.270000,26.770000,26.150000,26.510000,24.572678,9621600
2013-09-05,26.670000,26.980000,26.570000,26.650000,24.702446,9483700
2013-09-06,26.830000,27.040001,26.270000,26.809999,24.850756,12356100
2013-09-09,26.959999,27.450001,26.950001,27.440001,25.434713,12704300
2013-09-10,27.670000,28.150000,27.629999,28.040001,25.990868,18153100
2013-09-11,28.290001,28.400000,27.930000,28.250000,26.185522,14901500
2013-09-12,28.200001,28.340000,27.980000,28.020000,25.972332,8353700
2013-09-13,28.120001,28.250000,27.990000,28.129999,26.074289,6883600
2013-09-16,28.480000,29.070000,28.320000,28.730000,26.630445,19752900
2013-09-17,28.790001,29.040001,28.650000,29.010000,26.889980,12886500
2013-09-18,28.910000,29.500000,28.799999,29.020000,26.899252,15229500
2013-09-19,29.290001,29.290001,28.580000,28.600000,26.509943,15502700
2013-09-20,28.830000,28.900000,28.040001,28.190001,26.129906,23730200
2013-09-23,27.980000,28.030001,27.219999,27.219999,25.230791,23544400
2013-09-24,27.240000,27.770000,27.100000,27.270000,25.277140,17115700
2013-09-25,27.320000,27.430000,26.860001,27.219999,25.230791,16379800
2013-09-26,27.270000,27.580000,27.020000,27.150000,25.165911,12894500
2013-09-27,26.900000,27.139999,26.700001,27.080000,25.101021,12110000
2013-09-30,26.690001,27.150000,26.570000,26.950001,24.980526,13654200
2013-10-01,26.950001,27.260000,26.940001,27.139999,25.156643,9559900
2013-10-02,26.900000,27.200001,26.830000,27.120001,25.138102,11894500
2013-10-03,27.100000,27.219999,26.639999,26.850000,24.887829,13279700
2013-10-04,26.969999,27.040001,26.799999,26.990000,25.017601,11738500
2013-10-07,26.709999,27.120001,26.650000,26.840000,24.878563,13353400
2013-10-08,26.860001,27.000000,26.500000,26.549999,24.609755,16446500
2013-10-09,26.730000,27.000000,26.410000,26.770000,24.813675,14190700
2013-10-10,27.120001,27.709999,27.020000,27.639999,25.620098,14463000
2013-10-11,27.799999,28.010000,27.600000,27.950001,25.907446,11202500
2013-10-14,27.730000,28.230000,27.500000,28.180000,26.120636,11927000
2013-10-15,28.150000,28.270000,27.780001,27.990000,25.944523,12513600
2013-10-16,28.180000,28.750000,28.129999,28.629999,26.537750,15465200
2013-10-17,28.360001,28.959999,28.150000,28.930000,26.815826,19157100
2013-10-18,29.920000,29.969999,29.209999,29.690001,27.520287,32411500
2013-10-21,29.540001,29.670000,29.280001,29.430000,27.279287,14547200
2013-10-22,29.590000,29.650000,29.129999,29.459999,27.307096,13076100
2013-10-23,29.219999,29.290001,28.920000,29.080000,26.954865,13240400
2013-10-24,29.160000,29.430000,29.120001,29.389999,27.242208,8932200
2013-10-25,29.330000,29.410000,29.150000,29.230000,27.093904,13311400
2013-10-28,29.230000,29.250000,28.950001,28.969999,26.852903,10599400
2013-10-29,29.040001,29.360001,28.969999,29.360001,27.261454,12035000
2013-10-30,29.420000,29.459999,28.990000,29.110001,27.029322,9718200
2013-10-31,29.080000,29.240000,28.730000,28.730000,26.676485,10357500
2013-11-01,28.889999,29.549999,28.850000,29.200001,27.112894,14964200
2013-11-04,29.230000,29.360001,29.080000,29.340000,27.242884,12224300
2013-11-05,29.059999,29.160000,28.969999,28.990000,26.917902,11053100
2013-11-06,29.139999,29.219999,28.940001,29.129999,27.047894,8972300
2013-11-07,29.209999,29.299999,28.690001,28.719999,26.667198,14274200
2013-11-08,28.790001,29.590000,28.770000,29.440001,27.335737,16730400
2013-11-11,29.400000,30.100000,29.270000,30.090000,27.939280,13978000
2013-11-12,29.969999,30.230000,29.459999,29.760000,27.632862,14450800
2013-11-13,29.440001,30.059999,29.400000,30.049999,27.902138,9418300
2013-11-14,29.990000,30.370001,29.920000,30.340000,28.171410,10196200
2013-11-15,30.260000,30.520000,30.230000,30.299999,28.134264,10581700
2013-11-18,30.440001,30.780001,30.219999,30.330000,28.162117,11378200
2013-11-19,30.360001,30.750000,30.190001,30.340000,28.171410,10027100
2013-11-20,30.480000,30.719999,30.209999,30.270000,28.106413,11529700
2013-11-21,30.500000,31.030001,30.430000,30.889999,28.682098,10493200
2013-11-22,30.920000,31.350000,30.770000,31.340000,29.099932,10565400
2013-11-25,31.379999,31.799999,31.340000,31.540001,29.285637,13062400
2013-11-26,31.540001,31.770000,31.389999,31.389999,29.146357,9192700
2013-11-27,31.400000,31.520000,31.250000,31.410000,29.164927,5116400
2013-11-29,31.510000,31.570000,31.280001,31.299999,29.062786,5445900
2013-12-02,31.520000,31.850000,31.290001,31.430000,29.183500,9975700
2013-12-03,31.270000,31.430000,30.780001,30.969999,28.756380,11249500
2013-12-04,30.750000,31.290001,30.690001,31.129999,28.904940,7967000
2013-12-05,30.740000,30.840000,30.129999,30.209999,28.050703,14406800
2013-12-06,30.760000,30.799999,30.309999,30.459999,28.282831,12761400
2013-12-09,30.690001,30.740000,30.290001,30.389999,28.217836,8486800
2013-12-10,30.500000,31.049999,30.370001,30.770000,28.570673,13249000
2013-12-11,30.790001,30.790001,30.040001,30.120001,27.967136,10097200
2013-12-12,30.180000,30.639999,30.150000,30.480000,28.301401,10114700
2013-12-13,30.570000,31.170000,30.530001,31.090000,28.867804,12345400
2013-12-16,31.270000,31.430000,30.850000,30.920000,28.709957,8646700
2013-12-17,30.959999,31.030001,30.370001,30.520000,28.338543,10009200
2013-12-18,30.680000,31.650000,30.440001,31.620001,29.359922,18392200
2013-12-19,31.500000,31.540001,30.809999,30.860001,28.654243,20841100
2013-12-20,30.980000,31.190001,30.820000,30.930000,28.719238,14922700
2013-12-23,31.150000,31.240000,31.000000,31.110001,28.886375,7199500
2013-12-24,31.090000,31.170000,30.730000,31.010000,28.793518,4545700
2013-12-26,31.030001,31.250000,30.950001,31.100000,28.877087,5408700
2013-12-27,31.120001,31.219999,30.950001,31.059999,28.839945,4116200
2013-12-30,31.070000,31.250000,30.740000,30.850000,28.644955,6201200
2013-12-31,30.889999,31.420000,30.870001,31.360001,29.118502,8457100
2014-01-02,31.330000,31.459999,30.980000,31.030001,28.812094,9674500
2014-01-03,31.170000,31.700001,31.129999,31.510000,29.257782,7809100
2014-01-06,31.750000,31.930000,31.480000,31.620001,29.359922,8971400
2014-01-07,31.799999,31.889999,31.410000,31.520000,29.267067,9135600
2014-01-08,31.559999,31.840000,31.370001,31.559999,29.304207,8891300
2014-01-09,31.660000,31.740000,31.360001,31.549999,29.294926,7274700
2014-01-10,31.580000,31.629999,31.100000,31.299999,29.062786,10426500
2014-01-13,31.299999,31.520000,30.750000,30.870001,28.663527,9520100
2014-01-14,30.760000,31.219999,30.600000,31.100000,28.877087,13621400
2014-01-15,31.760000,32.240002,31.440001,32.220001,29.917034,17311400
2014-01-16,32.029999,32.070000,31.530001,32.000000,29.712759,21828600
2014-01-17,32.840000,33.520000,32.599998,33.400002,31.012691,32022900
2014-01-21,33.209999,33.490002,32.500000,32.630001,30.297728,18508300
2014-01-22,32.709999,32.970001,32.279999,32.290001,29.982027,12181200
2014-01-23,32.250000,32.270000,31.139999,31.480000,29.229921,16317000
2014-01-24,31.330000,31.370001,30.090000,30.450001,28.273548,23386100
2014-01-27,30.420000,30.639999,29.430000,29.969999,27.827852,16709400
2014-01-28,29.799999,30.320000,29.650000,30.129999,27.976419,15793800
2014-01-29,29.330000,30.270000,29.280001,29.940001,27.846209,18872800
2014-01-30,30.120001,30.379999,29.809999,29.980000,27.883413,13067900
2014-01-31,29.510000,29.809999,29.280001,29.510000,27.446280,13113100
2014-02-03,29.510000,29.730000,28.780001,28.950001,26.925444,17496800
2014-02-04,28.969999,29.420000,28.820000,29.020000,26.990547,18774900
2014-02-05,28.980000,29.370001,28.959999,29.180000,27.139359,17309700
2014-02-06,29.260000,29.879999,29.139999,29.690001,27.613691,14769800
2014-02-07,29.850000,29.969999,29.379999,29.690001,27.613691,14752000
2014-02-10,29.660000,29.940001,29.590000,29.700001,27.622993,7822400
2014-02-11,29.719999,30.389999,29.469999,30.270000,28.153130,15797600
2014-02-12,30.309999,30.549999,30.020000,30.160000,28.050819,9347600
2014-02-13,29.620001,30.049999,29.540001,29.910000,27.818306,15577200
2014-02-14,29.920000,30.000000,29.610001,29.690001,27.613691,10138600
2014-02-18,29.620001,29.860001,29.480000,29.559999,27.492785,10902500
2014-02-19,29.549999,29.650000,28.889999,28.959999,26.934744,17136200
2014-02-20,29.010000,29.420000,28.930000,29.330000,27.278868,13930200
2014-02-21,29.320000,29.820000,29.320000,29.620001,27.548588,10451300
2014-02-24,29.660000,30.600000,29.549999,30.309999,28.190331,13108900
2014-02-25,30.260000,30.360001,29.559999,29.709999,27.632292,11605000
2014-02-26,29.920000,30.230000,29.420000,29.940001,27.846209,15026300
2014-02-27,29.870001,30.480000,29.670000,30.360001,28.236834,10792200
2014-02-28,30.360001,30.940001,30.230000,30.799999,28.646067,14170400
2014-03-03,30.240000,30.440001,29.930000,30.260000,28.143826,11543200
2014-03-04,30.740000,31.170000,30.650000,31.100000,28.925087,11061800
2014-03-05,31.110001,32.040001,30.870001,31.969999,29.734238,14776500
2014-03-06,32.049999,32.270000,31.820000,31.840000,29.613337,12583800
2014-03-07,32.700001,32.709999,32.070000,32.209999,29.957455,14439200
2014-03-10,32.220001,32.299999,31.760000,32.130001,29.883055,10746400
2014-03-11,32.220001,32.250000,31.620001,31.700001,29.483128,9133200
2014-03-12,31.480000,31.520000,31.170000,31.440001,29.241308,8212500
2014-03-13,31.540001,31.990000,31.230000,31.440001,29.241308,22439700
2014-03-14,31.309999,31.629999,31.000000,31.100000,28.925087,10855900
2014-03-17,31.370001,31.740000,31.299999,31.370001,29.176205,6891100
2014-03-18,31.400000,31.709999,31.350000,31.650000,29.436621,6614900
2014-03-19,31.650000,32.070000,31.389999,31.809999,29.585436,9470300
2014-03-20,31.940001,33.099998,31.690001,32.790001,30.496901,20199800
2014-03-21,33.230000,33.250000,32.369999,32.599998,30.320189,23437200
2014-03-24,32.730000,32.750000,32.169998,32.439999,30.171375,10400100
2014-03-25,32.570000,32.570000,31.559999,31.590000,29.380823,12610300
2014-03-26,31.850000,31.969999,31.209999,31.219999,29.036692,11233800
2014-03-27,31.139999,31.450001,30.590000,30.900000,28.739077,13638400
2014-03-28,30.940001,31.410000,30.740000,30.910000,28.748371,8081100
2014-03-31,31.180000,31.459999,30.969999,31.170000,28.990187,9421600
2014-04-01,31.370001,31.400000,31.000000,31.209999,29.027393,11583500
2014-04-02,31.219999,31.590000,31.020000,31.410000,29.213406,14700900
2014-04-03,31.469999,31.480000,30.709999,30.950001,28.785578,10064700
2014-04-04,31.150000,31.260000,30.360001,30.370001,28.246138,12751000
2014-04-07,30.350000,30.379999,29.090000,29.520000,27.455576,20367300
2014-04-08,29.590000,29.629999,29.100000,29.530001,27.464880,13228600
2014-04-09,29.730000,30.290001,29.650000,30.219999,28.106628,10692700
2014-04-10,30.270000,30.280001,29.170000,29.250000,27.204464,13452400
2014-04-11,28.830000,29.139999,28.309999,28.469999,26.479010,21448100
2014-04-14,28.780001,29.160000,28.680000,29.059999,27.027752,12514500
2014-04-15,29.620001,29.639999,28.790001,29.549999,27.483477,16657800
2014-04-16,29.879999,29.980000,29.410000,29.889999,27.799706,14198000
2014-04-17,30.719999,31.290001,30.400000,30.760000,28.608862,22966000
2014-04-21,30.969999,31.100000,30.600000,30.980000,28.813475,10699000
2014-04-22,30.950001,31.379999,30.820000,31.200001,29.018093,10803600
2014-04-23,31.240000,31.299999,30.840000,31.040001,28.869282,9376700
2014-04-24,31.059999,31.250000,30.299999,30.940001,28.776274,8438900
2014-04-25,30.770000,30.889999,30.459999,30.580000,28.441450,8372900
2014-04-28,30.549999,30.570000,29.490000,29.990000,27.984221,15303300
2014-04-29,30.150000,30.570000,30.049999,30.520000,28.478777,10419700
2014-04-30,30.530001,30.990000,30.350000,30.930000,28.861355,11016500
2014-05-01,30.910000,31.299999,30.870001,31.219999,29.131958,10110200
2014-05-02,31.299999,31.440001,30.600000,30.690001,28.637403,11464400
2014-05-05,30.250000,30.299999,29.719999,30.070000,28.058872,12035100
2014-05-06,29.930000,29.959999,29.280001,29.459999,27.489666,16285600
2014-05-07,29.600000,29.760000,29.020000,29.700001,27.713619,12460700
2014-05-08,29.730000,30.219999,29.559999,29.690001,27.704287,13039200
2014-05-09,29.500000,29.730000,29.330000,29.680000,27.694956,10064700
2014-05-12,29.850000,30.450001,29.760000,30.330000,28.301481,10196200
2014-05-13,30.290001,30.520000,30.190001,30.330000,28.301481,7962700
2014-05-14,30.379999,30.430000,29.980000,30.250000,28.226833,10046200
2014-05-15,30.020000,30.120001,29.260000,29.770000,27.778934,20240100
2014-05-16,29.700001,30.160000,29.639999,30.139999,28.124191,18004200
2014-05-19,29.920000,30.389999,29.879999,30.160000,28.142853,7022400
2014-05-20,30.100000,30.100000,29.510000,29.709999,27.722948,9958100
2014-05-21,29.860001,30.110001,29.850000,30.010000,28.002882,6654800
2014-05-22,30.000000,30.450001,29.910000,30.389999,28.357473,8235500
2014-05-23,30.400000,30.520000,30.350000,30.490000,28.450781,5140000
2014-05-27,30.639999,31.290001,30.629999,31.120001,29.038647,10960000
2014-05-28,31.190001,31.230000,30.900000,30.930000,28.861355,6124400
2014-05-29,31.020000,31.190001,30.799999,31.129999,29.047976,8615300
2014-05-30,30.940001,31.040001,30.690001,30.860001,28.796034,7634400
2014-06-02,30.860001,30.920000,30.520000,30.900000,28.833361,7509400
2014-06-03,30.709999,30.860001,30.400000,30.850000,28.786705,10079500
2014-06-04,30.790001,31.219999,30.680000,31.200001,29.113297,8074700
2014-06-05,31.270000,31.660000,30.969999,31.629999,29.514538,8769400
2014-06-06,31.690001,31.990000,31.620001,31.950001,29.813137,6544200
2014-06-09,31.950001,32.259998,31.860001,31.980000,29.841129,9027800
2014-06-10,31.910000,32.189999,31.760000,32.080002,29.934441,7113200
2014-06-11,31.900000,31.900000,31.549999,31.690001,29.570524,5854200
2014-06-12,31.559999,31.950001,31.450001,31.730000,29.607845,7086700
2014-06-13,31.790001,31.889999,31.480000,31.590000,29.477213,8022300
2014-06-16,31.480000,31.809999,31.400000,31.709999,29.589186,8527500
2014-06-17,31.639999,32.610001,31.610001,32.500000,30.326355,13256300
2014-06-18,32.410000,32.740002,32.080002,32.660000,30.475649,10725200
2014-06-19,32.779999,32.820000,32.299999,32.540001,30.363678,6933700
2014-06-20,32.630001,32.630001,32.240002,32.290001,30.130394,12071900
2014-06-23,32.430000,32.610001,32.150002,32.520000,30.345013,6929900
2014-06-24,32.400002,32.599998,31.910000,32.029999,29.887783,7776600
2014-06-25,31.910000,32.320000,31.860001,32.230000,30.074409,7671800
2014-06-26,31.910000,31.990000,31.540001,31.889999,29.757147,10559100
2014-06-27,31.750000,31.969999,31.530001,31.549999,29.439882,9933900
2014-06-30,31.590000,32.380001,31.590000,32.330002,30.167719,11595000
2014-07-01,32.410000,32.590000,32.220001,32.320000,30.158382,7787600
2014-07-02,32.320000,32.680000,32.299999,32.490002,30.317022,6190600
2014-07-03,32.730000,33.070000,32.619999,32.619999,30.438324,5994200
2014-07-07,32.509998,32.560001,32.099998,32.389999,30.223707,5635300
2014-07-08,32.189999,32.240002,31.469999,31.750000,29.626513,9205600
2014-07-09,31.930000,32.049999,31.620001,32.009998,29.869122,6292100
2014-07-10,31.250000,31.740000,31.200001,31.680000,29.561193,7784900
2014-07-11,31.590000,31.690001,31.330000,31.410000,29.309248,10112200
2014-07-14,32.110001,32.160000,31.740000,31.809999,29.682497,11323100
2014-07-15,32.189999,32.270000,31.730000,32.000000,29.859793,13796400
2014-07-16,32.270000,32.610001,32.139999,32.500000,30.326355,16293100
2014-07-17,33.040001,33.160000,32.119999,32.299999,30.139727,18525600
2014-07-18,32.450001,32.779999,32.230000,32.639999,30.456985,9239500
2014-07-21,32.549999,32.700001,32.369999,32.549999,30.373003,7125400
2014-07-22,32.610001,33.119999,32.610001,32.910000,30.708927,8845100
2014-07-23,32.950001,33.450001,32.810001,33.349998,31.119503,9363200
2014-07-24,33.430000,33.599998,33.240002,33.400002,31.166157,6575500
2014-07-25,33.340000,33.450001,33.189999,33.240002,31.016865,6292600
2014-07-28,33.200001,33.380001,32.869999,33.070000,30.858225,7114900
2014-07-29,33.080002,33.099998,32.650002,32.650002,30.558727,5716600
2014-07-30,32.770000,33.490002,32.750000,33.340000,31.204527,9992400
2014-07-31,33.029999,33.139999,32.330002,32.340000,30.268581,9131500
2014-08-01,32.180000,32.330002,31.440001,31.600000,29.575975,11539300
2014-08-04,31.770000,31.950001,31.540001,31.830000,29.791245,6942100
2014-08-05,31.700001,31.950001,31.290001,31.410000,29.398148,9478400
2014-08-06,31.230000,31.920000,31.190001,31.559999,29.538536,9099200
2014-08-07,31.740000,31.840000,31.219999,31.360001,29.351351,6553100
2014-08-08,31.360001,32.029999,31.120001,31.950001,29.903559,8512700
2014-08-11,31.990000,32.299999,31.770000,32.080002,30.025232,6591200
2014-08-12,32.020000,32.340000,31.879999,32.009998,29.959713,4522600
2014-08-13,32.150002,32.259998,32.009998,32.020000,29.969074,4837900
2014-08-14,32.070000,32.259998,32.070000,32.169998,30.109465,3974800
2014-08-15,32.279999,32.709999,31.980000,32.220001,30.156265,9457900
2014-08-18,32.470001,32.740002,32.389999,32.610001,30.521290,4925400
2014-08-19,32.689999,32.840000,32.529999,32.529999,30.446405,4257000
2014-08-20,32.400002,32.650002,32.380001,32.540001,30.455769,4234700
2014-08-21,32.660000,33.049999,32.500000,33.029999,30.914381,7309100
2014-08-22,32.990002,33.560001,32.919998,33.470001,31.326199,9082600
2014-08-25,33.680000,34.570000,33.680000,34.200001,32.009449,13975800
2014-08-26,34.169998,34.549999,34.169998,34.400002,32.196636,8462100
2014-08-27,34.490002,34.500000,34.049999,34.130001,31.943926,5679900
2014-08-28,34.000000,34.119999,33.720001,34.060001,31.878414,4459200
2014-08-29,34.150002,34.509998,34.080002,34.310001,32.112404,4946700
2014-09-02,34.419998,34.650002,34.180000,34.549999,32.337025,5115700
2014-09-03,34.740002,34.990002,34.480000,34.560001,32.346382,7151500
2014-09-04,34.520000,34.910000,34.520000,34.700001,32.477417,7326400
2014-09-05,34.419998,34.639999,33.939999,34.630001,32.411900,10032500
2014-09-08,34.590000,35.090000,34.590000,34.860001,32.627171,8149200
2014-09-09,34.439999,34.439999,33.820000,33.910000,31.738018,11411200
2014-09-10,34.040001,34.400002,34.040001,34.330002,32.131119,6451400
2014-09-11,34.119999,34.750000,34.099998,34.730000,32.505489,6794200
2014-09-12,34.730000,35.080002,34.700001,35.009998,32.767559,10199400
2014-09-15,34.970001,35.230000,34.759998,35.209999,32.954746,9632700
2014-09-16,35.139999,35.230000,34.830002,35.110001,32.861156,8498200
2014-09-17,35.189999,35.779999,35.099998,35.560001,33.282337,10979800
2014-09-18,35.700001,36.250000,35.639999,36.130001,33.815823,15158500
2014-09-19,36.410000,36.439999,35.720001,35.759998,33.469521,29864600
2014-09-22,35.700001,35.799999,35.049999,35.180000,32.926682,10144200
2014-09-23,35.209999,35.570000,34.990002,35.020000,32.776917,10882300
2014-09-24,34.740002,35.080002,34.529999,34.980000,32.739483,13351900
2014-09-25,35.099998,35.099998,34.060001,34.220001,32.028156,12328200
2014-09-26,34.389999,34.700001,34.270000,34.650002,32.430626,8237100
2014-09-29,34.189999,34.590000,34.029999,34.500000,32.290230,8218000
2014-09-30,34.549999,34.709999,34.240002,34.570000,32.355747,9795300
2014-10-01,34.369999,34.450001,33.810001,33.959999,31.784817,14873200
2014-10-02,34.049999,34.380001,33.790001,34.279999,32.084324,8472000
2014-10-03,34.619999,35.160000,34.540001,35.049999,32.804996,8810400
2014-10-06,35.330002,35.400002,34.860001,34.990002,32.748844,7040600
2014-10-07,34.790001,34.799999,34.020000,34.020000,31.840973,10127800
2014-10-08,34.040001,34.529999,33.400002,34.500000,32.290230,12407900
2014-10-09,34.549999,34.549999,33.240002,33.299999,31.167089,13511600
2014-10-10,33.130001,33.660000,32.930000,32.939999,30.830153,11182800
2014-10-13,33.080002,33.439999,32.830002,32.849998,30.745914,14668800
2014-10-14,33.000000,33.419998,32.779999,33.009998,30.895660,12915600
2014-10-15,32.389999,32.759998,31.350000,32.610001,30.521290,21646700
2014-10-16,31.660000,33.200001,31.530001,32.529999,30.446405,16433900
2014-10-17,33.720001,34.000000,33.070000,33.220001,31.092215,16422900
2014-10-20,33.130001,33.680000,33.130001,33.320000,31.185812,11047500
2014-10-21,33.599998,34.200001,33.540001,34.060001,31.878414,11217400
2014-10-22,34.090000,34.110001,33.400002,33.430000,31.288767,8777600
2014-10-23,33.900002,34.270000,33.820000,33.959999,31.784817,9031800
2014-10-24,34.049999,34.490002,33.950001,34.320000,32.121761,7685600
2014-10-27,34.299999,34.310001,33.820000,33.959999,31.784817,9918800
2014-10-28,34.160000,34.580002,34.029999,34.360001,32.159195,10582300
2014-10-29,34.200001,34.529999,34.080002,34.389999,32.281227,10520000
2014-10-30,34.270000,34.730000,34.189999,34.520000,32.403248,9028800
2014-10-31,35.000000,35.250000,34.849998,34.950001,32.806889,11434400
2014-11-03,35.049999,35.200001,34.639999,34.709999,32.581604,8011000
2014-11-04,34.720001,34.830002,34.430000,34.660000,32.534668,8514000
2014-11-05,34.889999,35.080002,34.639999,34.900002,32.759953,9461300
2014-11-06,35.049999,35.400002,34.860001,35.310001,33.144814,8892100
2014-11-07,35.639999,35.720001,35.340000,35.660000,33.473351,10831600
2014-11-10,35.790001,36.009998,35.630001,35.880001,33.679863,9352000
2014-11-11,35.880001,35.990002,35.660000,35.790001,33.595379,7019200
2014-11-12,35.599998,36.000000,35.540001,35.970001,33.764343,9249000
2014-11-13,36.049999,36.130001,35.610001,35.840000,33.642303,7376600
2014-11-14,35.880001,36.090000,35.610001,35.689999,33.501507,7219100
2014-11-17,35.490002,35.779999,35.419998,35.599998,33.417034,6208700
2014-11-18,35.660000,35.810001,35.470001,35.470001,33.294998,5319600
2014-11-19,35.369999,35.610001,35.160000,35.480000,33.304379,5748700
2014-11-20,35.200001,35.430000,35.029999,35.389999,33.219910,6090600
2014-11-21,35.860001,35.919998,35.459999,35.529999,33.351322,7477400
2014-11-24,35.680000,35.900002,35.500000,35.619999,33.435802,6739000
2014-11-25,35.770000,35.790001,35.279999,35.299999,33.135426,7646700
2014-11-26,35.419998,35.419998,35.070000,35.119999,32.966457,6138100
2014-11-28,35.040001,35.209999,35.040001,35.180000,33.022781,3534700
2014-12-01,35.020000,35.209999,34.560001,35.099998,32.947681,8802400
2014-12-02,35.209999,35.900002,35.209999,35.770000,33.576599,9335200
2014-12-03,35.700001,36.549999,35.680000,36.520000,34.280613,9147400
2014-12-04,36.500000,36.910000,36.230000,36.790001,34.534054,9165300
2014-12-05,36.990002,37.740002,36.959999,37.240002,34.956467,11489700
2014-12-08,37.320000,38.139999,37.099998,38.000000,35.669865,14069300
2014-12-09,37.520000,38.139999,37.250000,38.099998,35.763729,12283800
2014-12-10,37.910000,38.090000,37.290001,37.389999,35.097267,13788700
2014-12-11,37.740002,38.060001,37.299999,37.400002,35.106651,8942200
2014-12-12,36.750000,37.099998,36.220001,36.250000,34.027176,10965300
2014-12-15,36.599998,36.820000,35.650002,35.930000,33.726795,10472000
2014-12-16,35.700001,36.320000,35.450001,35.520000,33.341927,11456800
2014-12-17,35.810001,36.779999,35.560001,36.730000,34.477737,11919000
2014-12-18,37.389999,38.099998,37.279999,38.099998,35.763729,12773100
2014-12-19,37.959999,38.630001,37.939999,38.509998,36.148594,12526800
2014-12-22,38.490002,38.630001,38.049999,38.570000,36.204906,8650600
2014-12-23,38.849998,39.070000,38.560001,38.950001,36.561607,5872600
2014-12-24,39.160000,39.169998,38.639999,38.810001,36.430195,2495100
2014-12-26,38.900002,39.020000,38.700001,38.720001,36.345715,3091700
2014-12-29,38.669998,39.180000,38.520000,38.959999,36.570992,3466900
2014-12-30,38.669998,39.080002,38.570000,39.000000,36.608536,4010600
2014-12-31,39.119999,39.189999,38.790001,38.799999,36.420803,6492900
2015-01-02,39.049999,39.150002,38.250000,38.709999,36.336330,7333800
2015-01-05,38.459999,38.590000,37.169998,37.500000,35.200523,12507900
2015-01-06,37.470001,37.540001,36.060001,36.419998,34.186749,16507800
2015-01-07,36.930000,37.049999,36.599998,36.939999,34.674862,9957700
2015-01-08,37.290001,37.759998,37.290001,37.490002,35.191128,8079600
2015-01-09,37.580002,37.610001,36.639999,36.880001,34.618538,7682200
2015-01-12,36.930000,36.939999,36.040001,36.369999,34.139809,9385900
2015-01-13,36.700001,37.060001,35.680000,36.029999,33.820660,12447800
2015-01-14,35.340000,35.349998,34.660000,35.209999,33.050945,15898600
2015-01-15,35.000000,35.259998,34.279999,34.580002,32.459576,17568100
2015-01-16,34.360001,35.049999,33.930000,34.889999,32.750561,27056100
2015-01-20,34.000000,34.830002,33.990002,34.750000,32.619148,19251000
2015-01-21,34.689999,34.930000,34.130001,34.730000,32.600372,15830500
2015-01-22,34.580002,35.580002,34.279999,35.529999,33.351322,18792700
2015-01-23,35.340000,35.840000,35.130001,35.150002,32.994621,10873000
2015-01-26,34.880001,35.160000,34.660000,35.110001,32.957073,9899900
2015-01-27,34.650002,35.029999,34.349998,34.660000,32.534668,9021500
2015-01-28,34.779999,34.779999,33.730000,33.770000,31.790962,14730700
2015-01-29,33.980000,34.500000,33.770000,34.369999,32.355808,11378800
2015-01-30,33.959999,34.430000,33.750000,33.810001,31.828617,11693000
2015-02-02,33.959999,34.419998,33.720001,34.419998,32.402870,12373400
2015-02-03,34.549999,35.090000,34.549999,35.040001,32.986538,14483900
2015-02-04,34.939999,35.200001,34.630001,34.770000,32.732357,10246300
2015-02-05,34.900002,35.080002,34.799999,34.930000,32.882984,10524000
2015-02-06,35.430000,36.310001,35.200001,35.790001,33.692593,16828100
2015-02-09,35.500000,35.869999,35.430000,35.630001,33.541962,8454100
2015-02-10,35.950001,36.259998,35.799999,36.160000,34.040901,12491700
2015-02-11,36.090000,36.549999,36.060001,36.369999,34.238594,7798100
2015-02-12,36.509998,36.950001,36.490002,36.900002,34.737534,8167100
2015-02-13,36.930000,37.200001,36.560001,36.779999,34.624561,8019200
2015-02-17,36.630001,37.020000,36.419998,36.919998,34.756359,6800200
2015-02-18,36.919998,36.970001,36.150002,36.369999,34.238594,7697800
2015-02-19,36.299999,36.599998,36.080002,36.330002,34.200943,5856500
2015-02-20,36.240002,36.849998,35.849998,36.740002,34.586914,11019700
2015-02-23,36.560001,36.580002,36.180000,36.270000,34.144455,7399600
2015-02-24,36.250000,37.000000,36.250000,36.740002,34.586914,8761200
2015-02-25,36.689999,36.910000,36.590000,36.590000,34.445709,7358500
2015-02-26,36.439999,36.500000,35.880001,36.060001,33.946766,10363200
2015-02-27,35.959999,36.040001,35.730000,35.790001,33.692593,8264200
2015-03-02,35.639999,36.250000,35.619999,36.240002,34.116219,7118100
2015-03-03,36.000000,36.430000,35.720001,35.820000,33.720829,8338800
2015-03-04,35.650002,35.680000,35.020000,35.090000,33.033600,11315300
2015-03-05,35.240002,35.540001,34.959999,35.520000,33.438408,8976400
2015-03-06,35.410000,36.650002,35.320000,35.529999,33.447826,14177300
2015-03-09,35.529999,35.750000,35.310001,35.669998,33.579613,8573800
2015-03-10,35.150002,35.240002,34.830002,34.880001,32.835922,10941800
2015-03-11,34.880001,35.160000,34.779999,34.950001,32.901817,10593900
2015-03-12,36.369999,37.180000,36.090000,37.090000,34.916401,18321000
2015-03-13,36.939999,37.220001,36.080002,36.349998,34.219765,11237500
2015-03-16,36.549999,36.790001,36.310001,36.730000,34.577496,8077200
2015-03-17,36.369999,36.650002,36.090000,36.549999,34.408039,8301900
2015-03-18,36.450001,36.970001,36.340000,36.730000,34.577496,9816600
2015-03-19,36.590000,36.669998,35.689999,36.110001,33.993832,10873800
2015-03-20,36.150002,36.689999,36.090000,36.500000,34.360973,14009000
2015-03-23,36.439999,36.660000,36.299999,36.310001,34.182114,7227300
2015-03-24,36.240002,36.439999,36.000000,36.240002,34.116219,7952200
2015-03-25,36.230000,36.230000,35.369999,35.450001,33.372509,9066500
2015-03-26,35.290001,35.730000,35.000000,35.619999,33.532551,10180500
2015-03-27,35.549999,35.869999,35.389999,35.830002,33.730247,9106400
2015-03-30,36.000000,36.560001,35.970001,36.310001,34.182114,8954200
2015-03-31,36.209999,36.259998,35.650002,35.689999,33.598446,10258200
2015-04-01,35.720001,36.029999,35.360001,35.970001,33.862038,7851700
2015-04-02,35.810001,36.200001,35.790001,36.060001,33.946766,6271300
2015-04-06,35.610001,36.139999,35.430000,35.910000,33.805553,6624300
2015-04-07,36.200001,36.419998,35.930000,35.939999,33.833790,8045000
2015-04-08,36.080002,36.400002,35.950001,36.259998,34.135040,6602800
2015-04-09,36.150002,36.720001,36.099998,36.639999,34.492775,7910400
2015-04-10,36.750000,36.790001,35.959999,36.240002,34.116219,10047800
2015-04-13,36.240002,36.610001,36.169998,36.299999,34.172703,6207400
2015-04-14,36.459999,36.990002,36.299999,36.840000,34.681049,12188700
2015-04-15,36.889999,37.560001,36.770000,37.389999,35.198822,13022600
2015-04-16,37.549999,37.560001,37.080002,37.360001,35.170574,8876100
2015-04-17,37.049999,37.070000,36.520000,36.750000,34.596333,10033800
2015-04-20,37.320000,37.450001,36.700001,36.959999,34.794018,13232200
2015-04-21,36.959999,37.340000,36.700001,36.750000,34.596333,11380900
2015-04-22,36.840000,37.439999,36.630001,37.200001,35.019951,10161300
2015-04-23,37.169998,37.570000,37.009998,37.380001,35.189404,8486900
2015-04-24,37.450001,37.450001,37.049999,37.360001,35.170574,8643200
2015-04-27,37.439999,37.639999,37.000000,37.049999,34.878742,8924200
2015-04-28,36.830002,37.160000,36.619999,37.040001,35.011082,7525400
2015-04-29,36.720001,37.689999,36.720001,37.490002,35.436432,9518400
2015-04-30,37.320000,37.700001,37.090000,37.310001,35.266281,10413900
2015-05-01,37.500000,37.630001,37.310001,37.509998,35.455334,6469600
2015-05-04,37.580002,37.939999,37.529999,37.910000,35.833416,7375700
2015-05-05,37.720001,37.950001,37.360001,37.450001,35.398621,10339600
2015-05-06,37.529999,37.630001,36.759998,37.049999,35.020527,9532500
2015-05-07,36.980000,37.619999,36.849998,37.540001,35.483692,12404700
2015-05-08,37.630001,37.959999,37.529999,37.889999,35.814514,10037900
2015-05-11,37.849998,38.500000,37.840000,38.250000,36.154797,12349100
2015-05-12,38.000000,38.029999,37.459999,37.720001,35.653824,9689300
2015-05-13,37.790001,37.930000,37.470001,37.779999,35.710541,7016100
2015-05-14,37.970001,38.169998,37.830002,38.139999,36.050823,7291300
2015-05-15,38.110001,38.189999,37.740002,37.849998,35.776707,7093800
2015-05-18,37.889999,38.400002,37.849998,38.330002,36.230415,5989500
2015-05-19,38.330002,38.849998,38.330002,38.689999,36.570694,7380900
2015-05-20,38.599998,38.650002,38.189999,38.330002,36.230415,6339300
2015-05-21,38.180000,38.340000,38.000000,38.040001,35.956299,7141500
2015-05-22,38.040001,38.349998,38.020000,38.169998,36.079174,5513900
2015-05-26,38.020000,38.150002,37.590000,37.790001,35.719990,8434000
2015-05-27,38.009998,38.730000,37.869999,38.619999,36.504524,8252300
2015-05-28,38.570000,38.779999,38.410000,38.730000,36.608498,9717600
2015-05-29,38.639999,38.709999,38.169998,38.200001,36.107533,7806500
2015-06-01,38.419998,38.720001,38.160000,38.580002,36.466724,8830700
2015-06-02,38.430000,38.740002,38.270000,38.520000,36.410015,6047800
2015-06-03,38.790001,39.240002,38.610001,39.009998,36.873165,7812600
2015-06-04,38.630001,39.209999,38.590000,38.700001,36.580147,7713400
2015-06-05,39.230000,39.400002,38.950001,39.290001,37.137829,9808100
2015-06-08,39.639999,39.750000,38.990002,39.090000,36.948780,7239000
2015-06-09,39.080002,39.279999,38.790001,39.130001,36.986599,7807900
2015-06-10,39.299999,39.950001,39.160000,39.889999,37.704967,9546900
2015-06-11,40.000000,40.180000,39.630001,39.869999,37.686062,6981000
2015-06-12,39.650002,39.860001,39.509998,39.610001,37.440296,5896300
2015-06-15,39.220001,39.639999,38.950001,39.529999,37.364685,5635300
2015-06-16,39.389999,39.810001,39.349998,39.740002,37.563183,4580300
2015-06-17,39.889999,39.959999,39.529999,39.580002,37.411949,7029500
2015-06-18,39.680000,39.930000,39.320000,39.790001,37.610439,7593800
2015-06-19,39.630001,39.930000,39.220001,39.369999,37.213448,10338800
2015-06-22,39.860001,40.049999,39.709999,39.849998,37.667156,8676300
2015-06-23,40.060001,40.240002,39.980000,40.209999,38.007435,9380300
2015-06-24,39.970001,40.259998,39.540001,39.639999,37.468662,8065700
2015-06-25,39.820000,39.869999,39.139999,39.220001,37.071663,8939700
2015-06-26,39.470001,39.720001,39.360001,39.500000,37.336323,8325600
2015-06-29,38.820000,39.200001,38.299999,38.310001,36.211514,10819300
2015-06-30,38.820000,39.090000,38.560001,38.790001,36.665218,11102300
2015-07-01,39.459999,39.529999,39.180000,39.360001,37.203995,10549900
2015-07-02,39.259998,39.389999,38.730000,39.000000,36.863716,6801200
2015-07-06,38.410000,38.919998,38.400002,38.849998,36.721928,8044500
2015-07-07,38.740002,38.900002,37.650002,38.619999,36.504524,12759200
2015-07-08,38.169998,38.330002,37.770000,37.790001,35.719990,9113300
2015-07-09,38.490002,38.580002,38.049999,38.099998,36.013008,7286000
2015-07-10,38.750000,38.849998,38.450001,38.639999,36.523430,6780400
2015-07-13,39.080002,39.380001,38.950001,39.320000,37.166183,7183900
2015-07-14,39.330002,39.910000,39.259998,39.709999,37.534821,8054600
2015-07-15,39.950001,39.950001,39.480000,39.700001,37.525375,7649400
2015-07-16,40.009998,40.090000,39.840000,39.910000,37.723869,7969800
2015-07-17,39.759998,40.250000,39.669998,40.200001,37.997986,8153700
2015-07-20,40.900002,41.040001,39.900002,40.040001,37.846756,15141800
2015-07-21,39.709999,40.320000,39.709999,40.080002,37.884556,11773400
2015-07-22,40.169998,40.619999,40.080002,40.540001,38.319359,9435900
2015-07-23,40.480000,40.740002,39.810001,39.939999,37.752228,10281600
2015-07-24,40.110001,40.119999,39.240002,39.599998,37.430843,8370100
2015-07-27,39.259998,39.380001,38.869999,39.250000,37.100018,11948000
2015-07-28,39.599998,39.720001,39.029999,39.250000,37.100018,9201100
2015-07-29,39.020000,39.450001,38.919998,39.290001,37.280304,9677800
2015-07-30,39.150002,39.400002,38.849998,39.299999,37.289787,5512100
2015-07-31,39.279999,39.349998,38.790001,38.840000,36.853321,7347600
2015-08-03,38.959999,38.970001,38.419998,38.759998,36.777412,7078100
2015-08-04,38.849998,39.180000,38.740002,38.919998,36.929230,6365800
2015-08-05,39.290001,39.349998,38.799999,39.000000,37.005138,4981000
2015-08-06,39.040001,39.180000,38.660000,38.930000,36.938717,7573500
2015-08-07,38.950001,39.180000,38.259998,38.580002,36.606617,8329500
2015-08-10,38.799999,39.160000,38.799999,39.080002,37.081043,5585000
2015-08-11,38.480000,38.540001,37.730000,37.919998,35.980370,11046100
2015-08-12,37.570000,37.639999,36.570000,37.570000,35.648277,13981400
2015-08-13,37.709999,37.950001,37.470001,37.750000,35.819077,6554200
2015-08-14,37.689999,38.060001,37.610001,38.049999,36.103729,5029500
2015-08-17,37.730000,38.180000,37.549999,38.139999,36.189125,5109200
2015-08-18,38.070000,38.209999,37.790001,37.820000,35.885490,8794400
2015-08-19,37.610001,37.779999,37.240002,37.439999,35.524929,8549700
2015-08-20,36.939999,37.000000,36.169998,36.169998,34.319885,14129400
2015-08-21,35.570000,35.889999,34.160000,34.209999,32.460148,30185700
2015-08-24,31.620001,33.610001,30.400000,32.259998,30.609888,24624100
2015-08-25,33.799999,33.799999,31.730000,31.760000,30.135464,19890100
2015-08-26,32.750000,33.500000,32.130001,33.299999,31.596693,25346400
2015-08-27,34.000000,34.349998,33.549999,34.299999,32.545540,21258600
2015-08-28,34.110001,34.189999,33.720001,34.049999,32.308331,13192400
2015-08-31,34.090000,34.970001,33.869999,34.450001,32.687870,13260000
2015-09-01,33.419998,33.770000,32.810001,33.119999,31.425901,14590100
2015-09-02,33.750000,33.810001,33.160000,33.790001,32.061630,12151000
2015-09-03,33.849998,34.490002,33.639999,33.799999,32.071117,11670800
2015-09-04,33.320000,33.540001,32.849998,33.189999,31.492317,12774100
2015-09-08,33.900002,34.419998,33.840000,34.270000,32.517078,13449200
2015-09-09,34.849998,35.049999,33.650002,33.750000,32.023682,10577200
2015-09-10,33.630001,34.139999,33.470001,33.869999,32.137539,9692500
2015-09-11,33.770000,34.009998,33.480000,33.990002,32.251404,7800900
2015-09-14,33.919998,34.110001,33.630001,33.810001,32.080608,9102200
2015-09-15,33.939999,34.759998,33.790001,34.580002,32.811214,8625000
2015-09-16,34.610001,34.779999,34.299999,34.619999,32.849182,10540400
2015-09-17,34.590000,34.900002,33.889999,34.049999,32.308331,13617200
2015-09-18,33.560001,33.599998,32.840000,33.029999,31.340496,19363900
2015-09-21,33.349998,33.599998,33.029999,33.340000,31.634642,8950900
2015-09-22,32.770000,32.869999,32.099998,32.439999,30.780678,13385500
2015-09-23,32.389999,32.779999,32.110001,32.320000,30.666821,12264700
2015-09-24,31.950001,32.060001,31.379999,31.969999,30.334721,16766500
2015-09-25,32.549999,32.790001,32.060001,32.189999,30.543468,13797800
2015-09-28,31.879999,31.920000,30.809999,31.090000,29.499737,15445400
2015-09-29,31.090000,31.270000,30.469999,31.010000,29.423828,13715900
2015-09-30,31.540001,31.790001,31.280001,31.500000,29.888763,14887100
2015-10-01,31.420000,31.809999,31.020000,31.500000,29.888763,13358700
2015-10-02,30.400000,31.469999,30.150000,31.430000,29.822344,22822500
2015-10-05,31.740000,32.480000,31.709999,32.290001,30.638355,11635700
2015-10-06,32.070000,32.430000,31.940001,32.360001,30.704777,8875100
2015-10-07,33.139999,33.330002,32.619999,32.930000,31.245619,13458400
2015-10-08,33.080002,33.209999,32.500000,32.990002,31.302553,11407600
2015-10-09,32.950001,33.259998,32.410000,32.720001,31.046360,11711000
2015-10-12,32.750000,32.849998,32.529999,32.799999,31.122263,7034500
2015-10-13,32.520000,33.169998,32.509998,32.610001,30.941990,10943700
2015-10-14,32.580002,33.099998,32.380001,32.540001,30.875568,9877500
2015-10-15,32.709999,33.680000,32.360001,33.610001,31.890841,12920500
2015-10-16,33.840000,34.080002,33.500000,33.950001,32.213448,13804700
2015-10-19,31.920000,32.330002,31.600000,32.320000,30.666821,39255600
2015-10-20,32.209999,32.400002,31.670000,32.250000,30.600401,23512500
2015-10-21,32.400002,32.410000,31.360001,31.480000,29.869785,22175900
2015-10-22,31.700001,32.430000,31.629999,32.349998,30.695284,18753800
2015-10-23,32.580002,32.990002,32.340000,32.619999,30.951475,14730700
2015-10-26,32.630001,32.820000,32.320000,32.549999,30.885052,10952300
2015-10-27,32.349998,32.369999,31.799999,32.230000,30.581423,13302400
2015-10-28,32.150002,33.630001,32.110001,33.439999,31.877897,17285600
2015-10-29,33.439999,33.880001,33.349998,33.540001,31.973221,12752500
2015-10-30,33.439999,33.570000,32.930000,32.970001,31.429846,13581100
2015-11-02,33.099998,33.720001,33.020000,33.480000,31.916021,9887900
2015-11-03,33.270000,33.540001,33.080002,33.290001,31.734900,11389800
2015-11-04,33.400002,33.599998,33.240002,33.400002,31.839760,9106900
2015-11-05,33.529999,34.049999,33.410000,33.880001,32.297337,12192300
2015-11-06,34.939999,35.610001,34.849998,35.410000,33.755867,19355200
2015-11-09,35.520000,35.740002,34.840000,35.110001,33.469879,10976800
2015-11-10,35.000000,35.320000,34.730000,35.240002,33.593811,7335600
2015-11-11,35.380001,35.540001,34.950001,35.020000,33.384087,7506000
2015-11-12,34.740002,34.770000,34.180000,34.230000,32.630989,10403400
2015-11-13,34.040001,34.369999,33.779999,33.930000,32.345005,8728000
2015-11-16,33.740002,34.139999,33.220001,34.049999,32.459400,11227400
2015-11-17,34.439999,34.439999,33.470001,33.590000,32.020889,10853300
2015-11-18,33.689999,34.310001,33.610001,34.250000,32.650051,10396200
2015-11-19,34.279999,34.439999,33.950001,34.169998,32.573792,8947800
2015-11-20,34.330002,34.529999,33.779999,33.910000,32.325939,8624100
2015-11-23,33.919998,34.139999,33.570000,33.639999,32.068554,7963000
2015-11-24,33.270000,33.779999,33.180000,33.590000,32.020889,7954500
2015-11-25,33.619999,33.750000,33.439999,33.610001,32.039951,6210000
2015-11-27,33.630001,33.919998,33.480000,33.779999,32.202007,3014600
2015-11-30,33.810001,34.529999,33.700001,34.299999,32.697720,17416300
2015-12-01,34.599998,35.349998,34.599998,35.270000,33.622406,18594200
2015-12-02,35.360001,35.400002,34.720001,34.889999,33.260159,10996500
2015-12-03,35.049999,35.220001,34.290001,34.450001,32.840717,15021200
2015-12-04,34.660000,35.580002,34.410000,35.320000,33.670071,13205400
2015-12-07,35.279999,35.310001,34.419998,34.680000,33.059971,8389200
2015-12-08,34.230000,34.349998,33.840000,34.060001,32.468933,10613400
2015-12-09,33.799999,34.310001,33.090000,33.369999,31.811165,13211200
2015-12-10,33.500000,33.900002,33.279999,33.419998,31.858822,10667200
2015-12-11,32.810001,33.049999,31.930000,32.080002,30.581427,16133000
2015-12-14,32.130001,32.520000,31.389999,31.879999,30.390764,14756600
2015-12-15,32.639999,33.080002,32.560001,32.840000,31.305922,13708800
2015-12-16,33.169998,33.770000,32.680000,33.610001,32.039951,13682900
2015-12-17,33.830002,33.849998,32.360001,32.380001,30.867413,15959800
2015-12-18,32.130001,32.250000,31.250000,31.290001,29.828329,19331700
2015-12-21,31.620001,31.799999,31.190001,31.680000,30.200109,10920100
2015-12-22,31.959999,32.380001,31.610001,32.220001,30.714886,11434800
2015-12-23,32.470001,32.730000,32.279999,32.599998,31.077127,6807100
2015-12-24,32.570000,32.709999,32.439999,32.480000,30.962740,2798200
2015-12-28,32.360001,32.360001,31.950001,32.169998,30.667219,5372200
2015-12-29,32.439999,32.700001,32.330002,32.549999,31.029469,6388200
2015-12-30,32.500000,32.650002,32.200001,32.230000,30.724417,5057200
2015-12-31,31.910000,32.299999,31.770000,31.809999,30.324038,8154300
2016-01-04,30.700001,31.520000,30.559999,31.480000,30.009451,15749200
2016-01-05,31.480000,31.700001,30.930000,31.280001,29.818798,9850500
2016-01-06,30.629999,30.780001,30.250000,30.500000,29.075232,13057400
2016-01-07,29.879999,30.070000,28.780001,28.980000,27.626236,18138200
2016-01-08,29.410000,29.490000,28.299999,28.379999,27.054264,15295600
2016-01-11,28.450001,28.600000,27.809999,28.459999,27.130524,19337600
2016-01-12,28.740000,28.879999,28.000000,28.459999,27.130524,16041800
2016-01-13,28.730000,28.799999,26.500000,26.889999,25.633869,29721900
2016-01-14,26.990000,27.320000,26.230000,27.150000,25.881721,23814500
2016-01-15,26.030001,26.410000,25.510000,25.969999,24.756844,29462200
2016-01-19,26.830000,27.129999,25.760000,26.260000,25.033295,28788200
2016-01-20,25.700001,25.770000,24.670000,25.240000,24.060944,25940900
2016-01-21,25.290001,25.590000,24.690001,24.780001,23.622437,22130300
2016-01-22,25.260000,25.980000,25.180000,25.610001,24.413666,22498400
2016-01-25,25.459999,25.510000,24.940001,24.980000,23.813091,20144600
2016-01-26,25.040001,25.660000,25.030001,25.490000,24.299265,13160600
2016-01-27,25.250000,26.160000,25.049999,25.370001,24.328037,19796300
2016-01-28,25.670000,25.840000,24.940001,25.170000,24.136250,16015600
2016-01-29,25.350000,25.889999,25.120001,25.879999,24.817087,18766500
2016-02-01,25.780001,25.930000,25.420000,25.709999,24.654072,11177900
2016-02-02,25.360001,25.360001,24.389999,24.500000,23.493765,18326800
2016-02-03,24.430000,24.520000,23.290001,24.320000,23.321157,25132900
2016-02-04,24.150000,25.200001,24.120001,25.010000,23.982819,17450800
2016-02-05,25.090000,25.420000,24.180000,24.350000,23.349926,16106100
2016-02-08,23.760000,23.840000,22.320000,22.670000,21.738924,24258700
2016-02-09,21.889999,23.290001,21.760000,22.930000,21.988249,25633600
2016-02-10,23.379999,23.780001,22.639999,22.700001,21.767693,21564200
2016-02-11,21.670000,22.129999,21.160000,21.690001,20.799175,29160400
2016-02-12,21.910000,23.200001,21.860001,23.090000,22.141674,22802200
2016-02-16,24.070000,24.139999,23.209999,23.719999,22.745802,20565500
2016-02-17,24.219999,24.670000,24.120001,24.230000,23.234858,19226500
2016-02-18,24.360001,24.540001,23.780001,23.959999,22.975945,17521200
2016-02-19,23.780001,24.190001,23.639999,24.000000,23.014299,12986200
2016-02-22,24.400000,24.740000,24.330000,24.540001,23.532125,12182000
2016-02-23,24.450001,24.490000,23.680000,23.709999,22.736210,14728800
2016-02-24,23.160000,23.709999,22.680000,23.709999,22.736210,20271400
2016-02-25,23.799999,24.680000,23.770000,24.629999,23.618427,17460900
2016-02-26,25.000000,25.670000,24.780001,25.160000,24.126657,19258000
2016-02-29,25.010000,25.150000,24.670000,24.700001,23.685553,13301500
2016-03-01,25.090000,26.120001,25.059999,26.090000,25.018465,17197000
2016-03-02,26.000000,26.290001,25.830000,26.110001,25.037643,16119300
2016-03-03,26.100000,26.190001,25.809999,26.139999,25.066410,11489600
2016-03-04,26.260000,26.500000,25.910000,26.129999,25.056820,13629400
2016-03-07,25.840000,26.330000,25.700001,26.090000,25.018465,9835300
2016-03-08,25.700001,25.860001,24.940001,25.010000,23.982819,21715100
2016-03-09,25.200001,25.260000,24.440001,24.610001,23.599247,23542300
2016-03-10,24.910000,25.150000,24.450001,24.650000,23.637606,20093000
2016-03-11,25.150000,26.090000,25.110001,26.000000,24.932161,24457300
2016-03-14,25.830000,26.070000,25.660000,25.910000,24.845858,17603300
2016-03-15,25.629999,25.690001,25.120001,25.430000,24.385569,15900500
2016-03-16,25.299999,25.790001,24.709999,25.160000,24.126657,17841100
2016-03-17,25.010000,26.030001,24.580000,25.850000,24.788322,20718900
2016-03-18,26.049999,26.549999,25.980000,26.280001,25.200661,24032000
2016-03-21,26.170000,26.610001,25.860001,25.940001,24.874624,10054000
2016-03-22,25.610001,26.020000,25.450001,25.840000,24.778730,13623900
2016-03-23,25.830000,25.870001,25.200001,25.270000,24.232141,10430600
2016-03-24,24.940001,24.940001,24.290001,24.930000,23.906109,15777900
2016-03-28,24.980000,25.070000,24.680000,24.719999,23.704729,9540200
2016-03-29,24.559999,24.809999,24.120001,24.780001,23.762266,13904200
2016-03-30,24.959999,25.430000,24.760000,25.070000,24.040356,11502400
2016-03-31,24.910000,25.540001,24.889999,25.010000,23.982819,15492000
2016-04-01,24.889999,25.680000,24.620001,25.530001,24.481464,15484800
2016-04-04,25.490000,25.510000,24.910000,25.040001,24.011587,11408300
2016-04-05,24.629999,24.700001,24.240000,24.379999,23.378696,12860000
2016-04-06,24.340000,24.730000,24.270000,24.420000,23.417049,14981000
2016-04-07,24.230000,24.309999,23.510000,23.719999,22.745802,17145400
2016-04-08,24.010000,24.180000,23.660000,23.750000,22.774569,10000600
2016-04-11,23.900000,24.440001,23.870001,24.110001,23.119783,12107600
2016-04-12,24.219999,24.850000,24.180000,24.580000,23.570482,14906200
2016-04-13,25.030001,25.879999,24.980000,25.879999,24.817087,18251000
2016-04-14,25.740000,26.260000,25.660000,26.170000,25.095177,18668000
2016-04-15,26.309999,26.370001,25.709999,25.760000,24.702015,14899900
2016-04-18,26.180000,26.200001,25.530001,25.730000,24.673248,29575100
2016-04-19,25.860001,26.490000,25.799999,26.459999,25.373266,23006500
2016-04-20,26.480000,27.480000,26.420000,27.410000,26.284248,24836300
2016-04-21,27.350000,27.879999,27.150000,27.260000,26.140409,16579300
2016-04-22,27.320000,27.820000,27.290001,27.700001,26.562340,19084100
2016-04-25,27.530001,27.709999,27.230000,27.530001,26.399326,11748800
2016-04-26,27.510000,27.670000,27.330000,27.549999,26.418501,13779800
2016-04-27,27.330000,27.830000,27.190001,27.530001,26.543844,12481700
2016-04-28,27.230000,27.820000,27.080000,27.230000,26.254589,11096600
2016-04-29,27.010000,27.240000,26.860001,27.059999,26.090677,15477400
2016-05-02,27.100000,27.520000,26.840000,27.260000,26.283516,14987500
2016-05-03,26.879999,26.910000,26.340000,26.889999,25.926769,16716600
2016-05-04,26.500000,26.620001,26.049999,26.280001,25.338621,15144500
2016-05-05,26.260000,26.500000,26.000000,26.170000,25.232559,11909100
2016-05-06,25.990000,26.350000,25.900000,26.250000,25.309694,12002200
2016-05-09,26.240000,26.500000,26.040001,26.100000,25.165068,10734400
2016-05-10,26.410000,26.790001,26.280001,26.629999,25.676083,11156300
2016-05-11,26.590000,26.990000,26.350000,26.360001,25.415756,9589900
2016-05-12,26.559999,26.730000,25.969999,26.230000,25.290411,9838300
2016-05-13,26.190001,26.650000,25.889999,25.889999,24.962589,13378800
2016-05-16,25.860001,26.420000,25.850000,26.209999,25.271126,9883900
2016-05-17,26.080000,26.559999,25.950001,26.160000,25.222918,14474100
2016-05-18,26.190001,27.290001,26.180000,27.240000,26.264231,20335500
2016-05-19,27.070000,27.350000,26.440001,26.610001,25.656801,11487100
2016-05-20,26.850000,27.170000,26.670000,26.770000,25.811069,14313000
2016-05-23,26.719999,26.940001,26.600000,26.830000,25.868916,8903400
2016-05-24,27.040001,27.660000,26.959999,27.410000,26.428143,18026100
2016-05-25,27.610001,28.290001,27.600000,27.780001,26.784889,15856700
2016-05-26,27.910000,27.910000,27.350000,27.420000,26.437786,9987600
2016-05-27,27.450001,27.639999,27.309999,27.530001,26.543844,10156100
2016-05-31,27.639999,27.870001,27.240000,27.370001,26.389574,12723400
2016-06-01,27.110001,27.570000,26.670000,27.490000,26.505276,11175000
2016-06-02,27.459999,27.549999,27.219999,27.280001,26.302799,8077400
2016-06-03,26.600000,26.650000,26.010000,26.540001,25.589308,14562600
2016-06-06,26.620001,27.010000,26.549999,26.850000,25.888203,10174200
2016-06-07,26.910000,26.940001,26.500000,26.520000,25.570021,9949100
2016-06-08,26.459999,26.820000,26.400000,26.540001,25.589308,10311500
2016-06-09,26.270000,26.309999,25.950001,26.080000,25.145782,9893000
2016-06-10,25.639999,25.850000,25.440001,25.540001,24.625130,13449800
2016-06-13,25.309999,25.730000,25.240000,25.260000,24.355160,12824300
2016-06-14,25.090000,25.420000,24.420000,24.600000,23.718798,15812900
2016-06-15,24.840000,25.170000,24.570000,24.719999,23.834501,17393000
2016-06-16,24.450001,25.110001,24.230000,25.070000,24.171965,16309400
2016-06-17,25.100000,25.490000,25.049999,25.309999,24.403366,19295900
2016-06-20,25.879999,26.299999,25.850000,25.900000,24.972233,17426400
2016-06-21,26.059999,26.299999,25.799999,26.200001,25.261484,12357100
2016-06-22,26.230000,26.680000,26.139999,26.389999,25.444677,14542900
2016-06-23,26.930000,27.290001,26.799999,27.290001,26.312443,18027200
2016-06-24,25.070000,25.530001,24.510000,24.520000,23.641668,49311900
2016-06-27,24.049999,24.110001,23.110001,23.610001,22.764263,25434000
2016-06-28,24.260000,24.629999,23.879999,24.610001,23.728441,19792300
2016-06-29,24.940001,25.250000,24.639999,25.230000,24.326231,13760800
2016-06-30,25.340000,26.000000,25.180000,25.980000,25.049366,19736300
2016-07-01,25.770000,26.400000,25.760000,25.920000,24.991516,8863400
2016-07-05,25.500000,25.570000,24.830000,25.000000,24.104471,13317300
2016-07-06,24.730000,25.230000,24.570000,25.150000,24.249098,14165000
2016-07-07,25.270000,25.920000,25.260000,25.690001,24.769758,13426600
2016-07-08,26.170000,26.430000,26.030001,26.370001,25.425398,14141600
2016-07-11,26.690001,26.920000,26.389999,26.459999,25.512173,13213000
2016-07-12,26.820000,27.440001,26.790001,27.370001,26.389574,15516900
2016-07-13,27.450001,27.480000,26.940001,27.160000,26.187099,12911900
2016-07-14,27.799999,28.080000,27.660000,28.000000,26.997007,15436600
2016-07-15,28.250000,28.280001,27.690001,28.010000,27.006649,18519800
2016-07-18,28.059999,28.230000,27.860001,28.209999,27.199486,14083900
2016-07-19,27.950001,28.400000,27.770000,28.190001,27.180204,21511200
2016-07-20,29.139999,29.139999,28.190001,28.780001,27.749071,28606100
2016-07-21,28.719999,29.080000,28.629999,28.870001,27.835844,20312700
2016-07-22,28.770000,29.070000,28.730000,28.920000,27.884050,12996700
2016-07-25,28.820000,29.139999,28.790001,29.129999,28.086531,10622900
2016-07-26,29.020000,29.280001,28.870001,29.230000,28.182947,15019500
2016-07-27,29.030001,29.370001,28.930000,29.020000,28.173243,13614700
2016-07-28,28.900000,29.030001,28.660000,28.860001,28.017908,11528400
2016-07-29,28.770000,29.010000,28.590000,28.730000,27.891703,10498500
2016-08-01,28.840000,28.920000,28.370001,28.500000,27.668413,10396000
2016-08-02,28.389999,28.559999,27.790001,28.000000,27.183001,16915500
2016-08-03,27.969999,28.510000,27.950001,28.420000,27.590750,10562000
2016-08-04,28.270000,28.400000,27.990000,28.280001,27.454830,12131700
2016-08-05,28.600000,29.180000,28.590000,29.010000,28.163532,11881900
2016-08-08,29.020000,29.420000,29.000000,29.120001,28.270321,9018600
2016-08-09,29.150000,29.490000,29.150000,29.340000,28.483900,11012600
2016-08-10,29.389999,29.469999,29.049999,29.110001,28.260614,8186700
2016-08-11,29.190001,29.450001,29.030001,29.379999,28.522736,8701300
2016-08-12,29.150000,29.200001,28.860001,29.170000,28.318861,9749000
2016-08-15,29.370001,29.799999,29.309999,29.660000,28.794565,9411000
2016-08-16,29.990000,30.370001,29.870001,30.250000,29.367352,22161900
2016-08-17,30.270000,30.469999,30.120001,30.370001,29.483849,12327000
2016-08-18,30.270000,30.740000,30.200001,30.549999,29.658594,13369400
2016-08-19,30.400000,30.719999,30.260000,30.549999,29.658594,8831900
2016-08-22,30.440001,30.700001,30.389999,30.600000,29.707136,6613900
2016-08-23,30.799999,30.969999,30.670000,30.719999,29.823635,7907700
2016-08-24,30.820000,31.160000,30.719999,30.910000,30.008093,12453500
2016-08-25,30.910000,31.059999,30.770000,30.969999,30.066338,7838700
2016-08-26,31.120001,31.580000,30.930000,31.160000,30.250795,10693400
2016-08-29,31.209999,31.600000,31.150000,31.410000,30.493504,9114200
2016-08-30,31.410000,32.189999,31.410000,32.189999,31.250744,13745600
2016-08-31,32.130001,32.310001,31.719999,32.060001,31.124538,15561200
2016-09-01,32.139999,32.369999,31.440001,31.910000,30.978914,11986500
2016-09-02,31.959999,32.209999,31.670000,31.889999,30.959494,12288200
2016-09-06,31.959999,32.220001,31.549999,31.750000,30.823580,14191400
2016-09-07,31.680000,31.940001,31.580000,31.690001,30.765333,10845000
2016-09-08,31.700001,32.209999,31.610001,32.040001,31.105120,12498300
2016-09-09,31.980000,32.270000,31.590000,31.590000,30.668253,16493900
2016-09-12,31.320000,32.320000,31.139999,32.240002,31.299286,13888100
2016-09-13,31.690001,32.000000,31.270000,31.459999,30.542042,13954100
2016-09-14,31.490000,31.809999,31.309999,31.559999,30.639126,11687600
2016-09-15,31.549999,32.139999,31.500000,31.950001,31.017746,9947900
2016-09-16,31.670000,31.799999,31.379999,31.590000,30.668253,14756200
2016-09-19,31.719999,32.099998,31.520000,31.600000,30.677958,7759100
2016-09-20,31.840000,32.000000,31.650000,31.700001,30.775042,8849000
2016-09-21,31.840000,32.060001,31.500000,31.920000,30.988621,10073600
2016-09-22,32.130001,32.439999,31.980000,32.240002,31.299286,8185300
2016-09-23,32.119999,32.250000,31.670000,31.910000,30.978914,9400600
2016-09-26,31.530001,31.570000,30.959999,31.030001,30.124590,10217700
2016-09-27,30.820000,31.490000,30.620001,31.350000,30.435253,9753500
2016-09-28,31.440001,31.799999,31.320000,31.770000,30.842999,7425100
2016-09-29,31.770000,32.110001,30.740000,31.040001,30.134300,12529700
2016-09-30,31.270000,32.320000,31.000000,32.060001,31.124538,16269700
2016-10-03,32.020000,32.150002,31.469999,31.950001,31.017746,10324300
2016-10-04,32.070000,32.400002,31.809999,32.040001,31.105120,9525400
2016-10-05,32.169998,32.730000,32.099998,32.560001,31.609947,11157700
2016-10-06,32.480000,32.650002,32.200001,32.389999,31.444908,11347200
2016-10-07,32.340000,32.520000,31.950001,32.310001,31.367245,11406100
2016-10-10,32.619999,32.709999,32.410000,32.560001,31.609947,6489000
2016-10-11,32.490002,32.759998,31.950001,32.180000,31.241035,6827700
2016-10-12,32.180000,32.380001,31.879999,31.910000,30.978914,6743300
2016-10-13,31.490000,33.000000,30.959999,31.730000,30.804165,13893500
2016-10-14,32.240002,32.790001,31.889999,32.070000,31.134243,13734100
2016-10-17,32.049999,32.169998,31.610001,31.790001,30.862417,10114300
2016-10-18,32.250000,32.509998,32.040001,32.320000,31.376949,12982500
2016-10-19,32.840000,33.000000,32.180000,32.930000,31.969154,18522700
2016-10-20,32.840000,33.189999,32.580002,32.900002,31.940029,10650700
2016-10-21,32.599998,33.520000,32.540001,33.439999,32.464268,13910300
2016-10-24,33.570000,33.680000,33.340000,33.380001,32.406021,9221300
2016-10-25,33.389999,33.590000,33.200001,33.349998,32.376892,7912200
2016-10-26,33.150002,33.650002,33.060001,33.590000,32.609894,9113000
2016-10-27,33.820000,34.009998,33.580002,33.820000,33.029846,12608400
2016-10-28,33.689999,34.029999,33.169998,33.520000,32.736855,10183500
2016-10-31,33.709999,33.880001,33.490002,33.570000,32.785686,8687200
2016-11-01,33.680000,33.830002,32.910000,33.360001,32.580593,8988700
2016-11-02,33.119999,33.169998,32.730000,32.919998,32.150879,8900400
2016-11-03,33.070000,33.230000,32.770000,32.810001,32.043446,8172500
2016-11-04,32.820000,33.209999,32.560001,32.779999,32.014141,7897800
2016-11-07,33.570000,34.000000,33.570000,34.000000,33.205639,11328000
2016-11-08,33.810001,34.279999,33.540001,34.099998,33.303303,7359100
2016-11-09,34.700001,36.910000,34.470001,36.520000,35.666763,28311000
2016-11-10,36.720001,38.939999,36.720001,38.020000,37.131725,38586800
2016-11-11,37.369999,38.750000,37.340000,38.490002,37.590740,22845500
2016-11-14,38.880001,39.880001,38.779999,39.349998,38.430645,25552700
2016-11-15,38.810001,40.029999,38.410000,40.000000,39.065460,18608000
2016-11-16,39.009998,39.480000,38.959999,39.189999,38.274384,18192900
2016-11-17,39.020000,39.970001,38.720001,39.970001,39.036160,12676900
2016-11-18,40.000000,40.669998,39.889999,40.430000,39.485413,16413300
2016-11-21,40.439999,40.799999,40.110001,40.560001,39.612377,10122300
2016-11-22,40.560001,40.770000,39.970001,40.540001,39.592846,12341100
2016-11-23,40.500000,41.180000,40.220001,41.040001,40.081161,9841000
2016-11-25,41.099998,41.200001,40.790001,41.099998,40.139759,4027500
2016-11-28,40.630001,41.000000,40.349998,40.439999,39.495178,10123600
2016-11-29,40.439999,40.919998,40.290001,40.599998,39.651443,8602900
2016-11-30,41.020000,41.639999,41.009998,41.360001,40.393688,14726600
2016-12-01,41.759998,42.540001,41.580002,42.160000,41.174995,14053900
2016-12-02,42.090000,42.090000,41.139999,41.830002,40.852707,11288400
2016-12-05,42.299999,42.849998,41.810001,42.090000,41.106632,12264200
2016-12-06,42.490002,42.740002,41.970001,42.509998,41.516815,11769500
2016-12-07,42.500000,42.790001,42.290001,42.639999,41.643776,16213400
2016-12-08,42.900002,43.720001,42.700001,43.580002,42.561821,14972900
2016-12-09,43.490002,44.040001,43.230000,43.730000,42.708317,12115100
2016-12-12,43.500000,43.910000,42.660000,42.980000,41.975834,12052000
2016-12-13,43.119999,43.299999,42.160000,42.560001,41.565651,16674900
2016-12-14,42.270000,43.650002,42.119999,42.860001,41.858643,15136500
2016-12-15,43.369999,43.509998,42.889999,43.009998,42.005131,15725700
2016-12-16,43.119999,43.549999,42.610001,42.709999,41.712147,17477300
2016-12-19,42.660000,42.860001,42.139999,42.830002,41.829346,12663500
2016-12-20,43.130001,43.580002,43.130001,43.500000,42.483688,8647400
2016-12-21,43.639999,43.660000,43.279999,43.369999,42.356724,6859300
2016-12-22,43.299999,43.389999,42.759998,42.790001,41.790276,8200300
2016-12-23,42.860001,43.070000,42.750000,43.060001,42.053967,6718100
2016-12-27,43.270000,43.270000,42.950001,43.119999,42.112564,5927000
2016-12-28,43.250000,43.290001,42.570000,42.619999,41.624249,4854500
2016-12-29,42.650002,42.770000,41.730000,42.150002,41.165234,7161100
2016-12-30,42.169998,42.549999,41.880001,42.250000,41.262897,6943500
2017-01-03,43.090000,43.630001,42.450001,43.049999,42.044197,8316900
2017-01-04,43.299999,43.820000,43.040001,43.619999,42.600887,7747400
2017-01-05,43.529999,43.630001,42.189999,43.220001,42.210228,9883200
2017-01-06,43.560001,44.130001,43.180000,43.849998,42.825508,9152800
2017-01-09,43.490002,43.540001,42.680000,42.709999,41.712147,11084400
2017-01-10,42.980000,43.520000,42.750000,43.060001,42.053967,9074300
2017-01-11,43.130001,43.669998,42.779999,43.669998,42.649712,8777100
2017-01-12,43.599998,43.709999,42.840000,43.630001,42.610649,8595600
2017-01-13,44.020000,44.599998,43.500000,43.810001,42.786449,12904500
2017-01-17,43.779999,43.840000,41.770000,42.150002,41.165234,21736700
2017-01-18,42.290001,43.150002,41.980000,42.860001,41.858643,15906900
2017-01-19,42.570000,43.000000,41.950001,42.450001,41.458221,15040100
2017-01-20,42.480000,42.869999,42.349998,42.590000,41.594948,10779600
2017-01-23,42.200001,42.580002,41.779999,41.959999,40.979668,12344700
2017-01-24,42.080002,43.130001,42.029999,42.730000,41.731678,12164200
2017-01-25,43.200001,43.900002,42.959999,43.860001,42.835278,13961000
2017-01-26,43.939999,44.419998,43.750000,44.020000,42.991539,10628900
2017-01-27,43.750000,43.950001,43.560001,43.650002,42.824753,7635600
2017-01-30,43.240002,43.290001,42.470001,43.119999,42.304768,7216200
2017-01-31,43.080002,43.369999,42.320000,42.490002,41.686687,10811000
2017-02-01,43.299999,43.400002,42.549999,42.700001,41.892715,9731300
2017-02-02,42.189999,42.509998,41.830002,42.130001,41.333488,11481000
2017-02-03,43.099998,44.599998,42.919998,44.430000,43.590004,16692200
2017-02-06,44.259998,45.029999,44.139999,44.630001,43.786224,12577100
2017-02-07,44.880001,45.029999,44.619999,44.869999,44.021687,10055700
2017-02-08,44.580002,44.590000,43.619999,43.910000,43.079834,10586500
2017-02-09,44.349998,45.029999,43.889999,44.849998,44.002060,13166700
2017-02-10,45.130001,45.150002,44.340000,44.700001,43.854900,8909400
2017-02-13,45.000000,45.599998,44.939999,45.259998,44.404312,13256300
2017-02-14,45.189999,46.259998,45.099998,46.040001,45.169571,12934600
2017-02-15,46.380001,46.750000,46.000000,46.490002,45.611061,10115100
2017-02-16,46.419998,46.500000,45.799999,46.110001,45.238243,10752500
2017-02-17,45.549999,46.169998,45.400002,46.150002,45.277489,8310100
2017-02-21,46.270000,46.700001,46.270000,46.560001,45.679737,7628400
2017-02-22,46.209999,46.820000,46.139999,46.520000,45.640495,7612800
2017-02-23,46.580002,46.590000,46.200001,46.580002,45.699364,11877100
2017-02-24,45.889999,45.950001,45.240002,45.529999,44.669209,11837200
2017-02-27,45.520000,46.029999,45.459999,45.840000,44.973343,7887000
2017-02-28,45.599998,45.830002,45.130001,45.669998,44.806561,13789400
2017-03-01,46.950001,47.169998,46.610001,46.810001,45.925011,14373700
2017-03-02,47.080002,47.090000,46.040001,46.279999,45.405025,8477000
2017-03-03,46.270000,47.060001,46.220001,46.830002,45.944630,11404300
2017-03-06,46.529999,46.639999,45.980000,46.570000,45.689548,9332600
2017-03-07,46.650002,46.790001,46.209999,46.330002,45.454086,9411000
2017-03-08,46.970001,47.330002,46.340000,46.389999,45.512947,11464700
2017-03-09,46.599998,47.119999,46.540001,46.680000,45.797466,11135400
2017-03-10,47.040001,47.090000,46.209999,46.490002,45.611061,8579400
2017-03-13,46.680000,46.750000,46.230000,46.259998,45.385403,7160400
2017-03-14,46.259998,46.259998,45.730000,46.189999,45.316730,6916200
2017-03-15,46.259998,46.630001,45.680000,45.849998,44.983158,10796100
2017-03-16,46.169998,46.590000,46.020000,46.330002,45.454086,9284100
2017-03-17,46.259998,46.360001,44.930000,45.020000,44.168850,13474500
2017-03-20,44.740002,44.959999,44.330002,44.590000,43.746983,9734200
2017-03-21,44.770000,44.930000,42.419998,42.660000,41.853470,20018400
2017-03-22,42.160000,42.750000,41.639999,42.209999,41.411980,19046600
2017-03-23,41.980000,42.980000,41.779999,42.590000,41.784798,14888800
2017-03-24,42.779999,43.000000,42.150002,42.459999,41.657249,10815300
2017-03-27,40.660000,41.720001,40.060001,41.580002,40.793888,21631100
2017-03-28,41.580002,42.770000,41.570000,42.490002,41.686687,12944900
2017-03-29,43.090000,43.250000,42.540001,42.799999,41.990818,14543900
2017-03-30,42.849998,43.709999,42.799999,43.430000,42.608910,11264300
2017-03-31,43.250000,43.250000,42.669998,42.840000,42.030067,11203300
2017-04-03,42.810001,42.990002,42.080002,42.709999,41.902527,12531800
2017-04-04,42.540001,42.840000,42.349998,42.509998,41.706303,7837100
2017-04-05,43.009998,43.099998,41.610001,41.740002,40.950863,12455100
2017-04-06,41.630001,42.369999,41.430000,42.090000,41.294247,9520900
2017-04-07,41.619999,42.250000,41.419998,41.950001,41.156895,9319600
2017-04-10,41.900002,42.150002,41.389999,41.910000,41.117645,8677200
2017-04-11,41.560001,41.779999,40.990002,41.580002,40.793888,10318400
2017-04-12,41.500000,41.520000,41.009998,41.070000,40.293530,10440600
2017-04-13,40.830002,41.680000,40.500000,40.689999,39.920712,10516500
2017-04-17,40.779999,41.549999,40.580002,41.490002,40.705589,7959700
2017-04-18,40.990002,41.549999,40.750000,41.209999,40.430882,13872400
2017-04-19,42.310001,42.939999,41.959999,42.040001,41.245190,19850300
2017-04-20,42.610001,42.759998,42.099998,42.500000,41.696495,13816200
2017-04-21,42.209999,42.610001,41.709999,41.799999,41.009727,12951300
2017-04-24,43.389999,43.730000,43.189999,43.560001,42.736450,16188100
2017-04-25,43.980000,44.450001,43.919998,44.270000,43.433029,13857600
2017-04-26,44.169998,44.860001,44.139999,44.369999,43.531139,12938400
2017-04-27,44.160000,44.209999,43.389999,43.540001,42.910252,9041300
2017-04-28,43.599998,43.810001,43.340000,43.369999,42.742706,9043500
2017-05-01,43.759998,44.060001,43.490002,43.740002,43.107361,7552200
2017-05-02,43.669998,43.779999,43.000000,43.349998,42.723000,8126400
2017-05-03,43.150002,43.770000,43.119999,43.480000,42.851120,5578300
2017-05-04,43.849998,43.970001,43.220001,43.279999,42.654011,7367800
2017-05-05,43.360001,43.560001,42.869999,43.080002,42.456909,6893400
2017-05-08,43.150002,43.310001,42.930000,43.020000,42.397770,7171700
2017-05-09,43.049999,43.340000,42.669998,42.830002,42.210522,6068700
2017-05-10,42.799999,43.200001,42.669998,43.099998,42.476612,7367800
2017-05-11,42.980000,43.200001,42.439999,42.869999,42.249939,6340000
2017-05-12,42.610001,42.759998,42.360001,42.730000,42.111969,5836300
2017-05-15,42.820000,43.619999,42.799999,43.430000,42.801842,9941100
2017-05-16,43.540001,43.639999,43.290001,43.380001,42.752563,6888900
2017-05-17,43.380001,43.380001,40.430000,40.970001,40.377422,22899900
2017-05-18,41.000000,41.880001,40.919998,41.310001,40.712505,14498400
2017-05-19,41.590000,42.220001,41.360001,41.799999,41.195419,10486700
2017-05-22,42.049999,42.169998,41.500000,41.660000,41.057442,6752600
2017-05-23,41.509998,42.650002,41.330002,42.419998,41.806450,10761300
2017-05-24,42.360001,42.740002,42.299999,42.630001,42.013416,6583400
2017-05-25,42.830002,42.970001,42.490002,42.630001,42.013416,5062800
2017-05-26,42.450001,42.970001,42.439999,42.840000,42.220379,5346500
2017-05-30,42.580002,42.720001,42.049999,42.279999,41.668472,6377900
2017-05-31,42.189999,42.189999,41.070000,41.740002,41.136288,13637900
2017-06-01,41.980000,42.730000,41.750000,42.610001,41.993702,9654300
2017-06-02,42.150002,42.939999,41.900002,42.520000,41.905003,10016400
2017-06-05,42.549999,43.400002,42.450001,42.889999,42.269653,6892800
2017-06-06,42.450001,43.070000,42.209999,42.939999,42.318928,7863200
2017-06-07,43.139999,43.450001,42.919998,43.279999,42.654011,6378500
2017-06-08,43.279999,44.720001,43.150002,44.099998,43.462151,10939900
2017-06-09,44.360001,45.349998,44.360001,44.910000,44.260433,13489900
2017-06-12,44.910000,45.500000,44.380001,44.849998,44.201302,10384200
2017-06-13,45.070000,45.980000,45.049999,45.150002,44.496964,9857800
2017-06-14,44.570000,45.119999,44.220001,44.910000,44.260433,11796300
2017-06-15,44.480000,45.080002,44.419998,44.689999,44.043617,6904900
2017-06-16,44.770000,44.840000,44.240002,44.480000,43.836655,9483200
2017-06-19,44.880001,45.910000,44.830002,45.720001,45.058723,9153900
2017-06-20,45.480000,45.720001,45.279999,45.500000,44.841900,6680500
2017-06-21,45.450001,45.529999,44.810001,44.910000,44.260433,7257600
2017-06-22,44.700001,44.869999,44.380001,44.610001,43.964775,7750500
2017-06-23,44.700001,44.730000,43.509998,43.689999,43.058079,15915100
2017-06-26,43.959999,44.330002,43.480000,44.000000,43.363598,5780400
2017-06-27,44.340000,44.759998,44.160000,44.220001,43.580414,8318800
2017-06-28,44.459999,44.799999,44.200001,44.320000,43.678970,15848600
2017-06-29,45.439999,45.610001,44.270000,44.750000,44.102753,15728200
2017-06-30,45.330002,45.430000,44.439999,44.560001,43.915497,8379400
2017-07-03,45.000000,46.020000,44.980000,45.610001,44.950314,7486400
2017-07-05,45.889999,46.250000,45.540001,46.160000,45.492355,9843200
2017-07-06,46.099998,46.639999,45.770000,46.130001,45.462791,10417300
2017-07-07,46.320000,46.400002,45.959999,46.049999,45.383945,6442000
2017-07-10,45.950001,46.240002,45.799999,45.990002,45.324818,5321500
2017-07-11,45.830002,45.930000,45.380001,45.480000,44.822193,8454700
2017-07-12,45.330002,45.330002,44.730000,44.959999,44.309711,10234400
2017-07-13,45.169998,45.730000,44.990002,45.520000,44.861614,6204200
2017-07-14,44.880001,45.400002,44.320000,45.200001,44.546242,8220600
2017-07-17,45.150002,45.529999,44.930000,45.330002,44.674362,5141600
2017-07-18,44.930000,45.250000,44.689999,45.139999,44.487110,9594100
2017-07-19,46.950001,47.000000,45.980000,46.619999,45.945702,17586300
2017-07-20,46.349998,47.189999,46.349998,46.509998,45.837292,10652400
2017-07-21,46.119999,46.790001,46.099998,46.590000,45.916134,9021300
2017-07-24,46.500000,46.970001,46.459999,46.709999,46.034401,7443600
2017-07-25,47.230000,48.040001,47.230000,47.610001,46.921383,11885000
2017-07-26,47.720001,47.849998,47.119999,47.209999,46.527168,9034500
2017-07-27,47.139999,47.599998,46.630001,47.090000,46.655975,9439300
2017-07-28,46.980000,47.200001,46.459999,46.660000,46.229939,7959600
2017-07-31,46.939999,47.150002,46.599998,46.900002,46.467724,6764600
2017-08-01,47.250000,47.529999,47.060001,47.209999,46.774864,6330000
2017-08-02,47.139999,47.459999,46.830002,47.330002,46.893761,6020000
2017-08-03,47.240002,47.549999,47.110001,47.259998,46.824406,6479300
2017-08-04,47.790001,48.450001,47.520000,48.080002,47.636852,8906800
2017-08-07,48.200001,48.400002,47.950001,48.310001,47.864731,7761600
2017-08-08,48.240002,48.900002,47.810001,47.930000,47.488232,7771800
2017-08-09,47.220001,47.689999,46.939999,47.650002,47.210812,8282900
2017-08-10,47.290001,47.470001,46.230000,46.299999,45.873253,10099800
2017-08-11,46.380001,46.529999,45.470001,45.650002,45.229244,13505800
2017-08-14,46.209999,46.939999,46.180000,46.509998,46.081318,7032900
2017-08-15,47.009998,47.299999,46.430000,46.430000,46.002056,7663000
2017-08-16,46.610001,46.820000,45.919998,46.009998,45.585926,8350800
2017-08-17,45.830002,45.980000,45.029999,45.090000,44.674408,9426800
2017-08-18,44.939999,45.820000,44.869999,45.389999,44.971638,7284000
2017-08-21,45.400002,45.400002,44.529999,44.680000,44.268185,8501900
2017-08-22,45.000000,45.709999,44.930000,45.570000,45.149982,7130700
2017-08-23,45.200001,45.950001,45.110001,45.799999,45.377861,5464800
2017-08-24,45.970001,46.180000,45.730000,46.000000,45.576019,6640700
2017-08-25,46.169998,46.419998,45.730000,45.939999,45.516571,5659400
2017-08-28,46.160000,46.160000,45.119999,45.480000,45.060810,6526700
2017-08-29,44.720001,45.570000,44.340000,45.349998,44.932011,8776100
2017-08-30,45.439999,45.959999,45.430000,45.660000,45.239155,5672900
2017-08-31,46.000000,46.040001,45.389999,45.500000,45.080627,7890800
2017-09-01,45.590000,46.520000,45.299999,46.189999,45.764267,7024700
2017-09-05,45.660000,45.720001,44.720001,44.889999,44.476250,8735700
2017-09-06,45.040001,45.340000,44.750000,45.070000,44.654591,6313200
2017-09-07,45.130001,45.130001,43.840000,44.070000,43.663807,11538300
2017-09-08,44.189999,44.810001,43.950001,44.009998,43.604359,8739800
2017-09-11,44.709999,45.330002,44.419998,45.160000,44.743759,8017000
2017-09-12,45.360001,46.080002,45.340000,45.750000,45.328323,8010200
2017-09-13,45.730000,46.259998,45.560001,46.220001,45.793991,6637900
2017-09-14,46.400002,46.759998,46.310001,46.419998,45.992146,7414100
2017-09-15,46.259998,46.660000,46.139999,46.599998,46.170486,9113100
2017-09-18,46.820000,47.669998,46.750000,47.320000,46.883850,7938000
2017-09-19,47.320000,47.970001,47.160000,47.669998,47.230625,7999600
2017-09-20,47.709999,48.270000,47.320000,47.889999,47.448597,8673600
2017-09-21,47.799999,48.490002,47.459999,48.259998,47.815186,9503600
2017-09-22,48.029999,48.279999,47.730000,48.220001,47.775558,6050000
2017-09-25,48.099998,48.310001,47.529999,47.740002,47.299984,7205200
2017-09-26,47.700001,47.740002,47.119999,47.459999,47.022564,7146100
2017-09-27,48.270000,48.380001,47.779999,48.070000,47.626938,10314600
2017-09-28,48.369999,48.369999,47.889999,48.150002,47.706203,5960700
2017-09-29,48.099998,48.299999,47.910000,48.169998,47.726017,5200500
2017-10-02,48.110001,48.959999,48.110001,48.919998,48.469101,6096900
2017-10-03,48.939999,49.349998,48.759998,49.279999,48.825787,6432400
2017-10-04,49.230000,49.330002,48.759998,49.009998,48.558273,5372900
2017-10-05,49.110001,49.959999,48.779999,49.630001,49.172562,11491100
2017-10-06,49.959999,50.139999,49.380001,49.759998,49.301361,5159400
2017-10-09,49.919998,50.000000,49.310001,49.380001,48.924866,6333800
2017-10-10,49.380001,49.540001,49.130001,49.490002,49.033852,5903500
2017-10-11,49.430000,49.430000,49.130001,49.180000,48.726707,5364600
2017-10-12,49.299999,49.419998,48.380001,48.590000,48.142147,6915100
2017-10-13,48.150002,48.540001,47.700001,48.299999,47.854820,7224500
2017-10-16,48.240002,48.990002,48.240002,48.939999,48.488922,8178900
2017-10-17,49.689999,50.330002,48.970001,49.119999,48.667259,15535000
2017-10-18,49.419998,50.450001,49.369999,50.150002,49.687771,12094900
2017-10-19,49.790001,49.950001,49.189999,49.790001,49.331089,10053100
2017-10-20,50.450001,50.910000,50.220001,50.680000,50.212883,8454500
2017-10-23,50.880001,51.099998,50.389999,50.610001,50.143532,6265800
2017-10-24,50.810001,51.389999,50.790001,51.070000,50.599289,7849700
2017-10-25,51.509998,51.520000,49.919998,50.529999,50.064266,9645800
2017-10-26,50.750000,51.200001,50.580002,50.770000,50.302055,9715700
2017-10-27,50.650002,51.349998,50.509998,51.160000,50.688457,9261100
2017-10-30,50.570000,50.779999,49.970001,50.459999,50.240417,9020900
2017-10-31,50.470001,50.720001,49.950001,50.000000,49.782417,9283000
2017-11-01,50.220001,50.549999,49.500000,49.630001,49.414032,7842900
2017-11-02,49.529999,50.439999,49.509998,50.419998,50.200588,7902300
2017-11-03,50.150002,50.419998,49.660000,50.020000,49.802334,5916800
2017-11-06,49.880001,50.299999,49.750000,50.139999,49.921810,4844200
2017-11-07,50.259998,50.590000,49.259998,49.389999,49.175072,8823800
2017-11-08,49.209999,49.380001,48.730000,49.040001,48.826599,8435700
2017-11-09,48.779999,49.279999,48.259998,48.820000,48.607555,6189500
2017-11-10,49.009998,49.200001,48.720001,48.759998,48.547813,5436500
2017-11-13,48.250000,48.759998,48.240002,48.630001,48.418381,5730400
2017-11-14,48.369999,48.549999,47.959999,48.380001,48.169472,5968500
2017-11-15,47.840000,48.529999,47.419998,48.099998,47.890686,9749600
2017-11-16,48.389999,48.840000,48.369999,48.599998,48.388512,7789000
2017-11-17,48.290001,48.900002,48.160000,48.700001,48.488075,4992600
2017-11-20,48.910000,49.279999,48.660000,49.110001,48.896294,4574600
2017-11-21,49.610001,49.759998,49.290001,49.380001,49.165119,6037000
2017-11-22,49.340000,49.619999,49.070000,49.090000,48.876381,3785900
2017-11-24,49.299999,49.389999,49.040001,49.060001,48.846512,2692900
2017-11-27,48.980000,49.320000,48.709999,49.000000,48.786770,5025600
2017-11-28,49.150002,50.529999,48.930000,50.400002,50.180679,9001200
2017-11-29,50.910000,51.820000,50.799999,51.320000,51.096676,9441100
2017-11-30,51.820000,52.580002,51.340000,51.610001,51.385414,12158200
2017-12-01,51.880001,52.240002,50.720001,51.950001,51.723934,10014000
2017-12-04,53.110001,53.369999,52.669998,52.680000,52.450756,10640100
2017-12-05,52.869999,52.939999,51.799999,52.009998,51.783672,7959700
2017-12-06,51.660000,52.360001,51.439999,51.689999,51.465065,7701600
2017-12-07,51.340000,52.730000,51.259998,52.349998,52.122192,8765600
2017-12-08,52.990002,52.990002,52.150002,52.889999,52.659843,6488900
2017-12-11,52.570000,52.889999,52.529999,52.770000,52.540367,6316900
2017-12-12,53.259998,54.099998,52.730000,53.849998,53.615665,8152000
2017-12-13,53.959999,54.250000,53.119999,53.180000,52.948582,10568400
2017-12-14,53.400002,53.799999,52.630001,52.639999,52.410931,8190100
2017-12-15,53.049999,53.430000,52.700001,53.099998,52.868927,12708000
2017-12-18,53.869999,53.889999,52.980000,53.240002,53.008320,8443000
2017-12-19,53.540001,53.590000,52.900002,52.930000,52.699669,7630600
2017-12-20,53.380001,53.490002,52.480000,52.509998,52.281494,6435100
2017-12-21,52.810001,53.299999,52.560001,52.880001,52.649887,11350600
2017-12-22,53.029999,53.110001,52.250000,52.720001,52.490585,6153800
2017-12-26,52.540001,52.759998,52.090000,52.470001,52.241673,3313800
2017-12-27,52.330002,52.590000,52.110001,52.570000,52.341236,5786800
2017-12-28,52.759998,52.770000,52.430000,52.650002,52.420891,3736700
2017-12-29,52.759998,52.820000,52.369999,52.470001,52.241673,5804600
