Date,Open,High,Low,Close,Adj Close,Volume
2006-01-03,58.299999,58.860001,57.689999,58.779999,41.161777,9741500
2006-01-04,58.799999,59.119999,58.560001,58.889999,41.238827,6746400
2006-01-05,58.700001,59.070000,58.610001,58.700001,41.105759,8936100
2006-01-06,58.740002,58.799999,58.480000,58.639999,41.063751,8825800
2006-01-09,58.450001,59.090000,58.450001,59.080002,41.371872,7715700
2006-01-10,58.889999,58.900002,58.570000,58.849998,41.210804,8552900
2006-01-11,58.939999,59.070000,58.599998,59.060001,41.357861,8790500
2006-01-12,58.980000,59.000000,58.400002,58.410000,40.902699,6612800
2006-01-13,58.410000,58.919998,58.389999,58.900002,41.245815,7146800
2006-01-17,58.450001,58.860001,58.419998,58.650002,41.070751,5299200
2006-01-18,58.500000,58.750000,58.369999,58.669998,41.281853,6689500
2006-01-19,58.000000,58.880001,58.000000,58.509998,41.169262,8067300
2006-01-20,58.509998,58.560001,57.790001,57.840000,40.697826,10491600
2006-01-23,57.840000,58.259998,57.639999,57.639999,40.557114,9437700
2006-01-24,58.000000,58.160000,57.290001,57.869999,40.718952,8163500
2006-01-25,58.099998,58.470001,57.830002,58.470001,41.141121,8932300
2006-01-26,58.750000,59.000000,58.590000,58.820000,41.387375,7007000
2006-01-27,59.400002,59.799999,59.049999,59.740002,42.034729,11747900
2006-01-30,59.130001,59.700001,58.950001,59.139999,41.612549,7909700
2006-01-31,58.950001,59.349998,58.889999,59.230000,41.675877,10347500
2006-02-01,59.099998,60.020000,59.060001,59.820000,42.091015,10834600
2006-02-02,59.740002,60.150002,59.639999,59.650002,41.971405,9759100
2006-02-03,59.389999,60.049999,59.320000,59.680000,41.992500,7815900
2006-02-06,59.580002,59.900002,59.099998,59.790001,42.069908,4998800
2006-02-07,59.470001,59.810001,59.110001,59.320000,41.739201,6403600
2006-02-08,59.400002,59.799999,59.230000,59.470001,41.844746,6775700
2006-02-09,59.459999,59.849998,59.320000,59.619999,41.950298,6242200
2006-02-10,59.630001,59.790001,59.459999,59.700001,42.006580,5804900
2006-02-13,59.580002,59.669998,59.270000,59.439999,41.823647,5198600
2006-02-14,59.549999,60.000000,59.480000,59.840000,42.105083,7923000
2006-02-15,59.750000,60.250000,59.709999,60.110001,42.295063,8575200
2006-02-16,60.020000,60.830002,60.009998,60.730000,42.731319,6998200
2006-02-17,60.590000,61.029999,60.419998,61.000000,42.921295,9137500
2006-02-21,60.880001,61.000000,60.689999,60.880001,42.836864,6770600
2006-02-22,61.000000,62.000000,60.980000,61.939999,43.582699,8974000
2006-02-23,61.849998,62.090000,61.389999,61.480000,43.259041,7110800
2006-02-24,61.320000,61.730000,61.060001,61.500000,43.273117,5610800
2006-02-27,61.680000,61.889999,61.349998,61.349998,43.167568,6723100
2006-02-28,61.000000,61.209999,59.849998,59.930000,42.168411,14458000
2006-03-01,60.110001,60.459999,60.020000,60.110001,42.295063,9155200
2006-03-02,59.990002,60.020000,59.360001,59.549999,41.901035,10876800
2006-03-03,59.299999,60.160000,59.299999,59.669998,41.985474,7797900
2006-03-06,59.549999,59.959999,59.500000,59.669998,41.985474,4553300
2006-03-07,59.560001,60.560001,59.419998,60.299999,42.428764,7366400
2006-03-08,60.250000,61.330002,60.230000,61.070000,42.970543,8680200
2006-03-09,61.500000,62.000000,61.099998,61.400002,43.202751,7114000
2006-03-10,61.450001,62.439999,61.450001,62.250000,43.800827,8506900
2006-03-13,62.110001,62.500000,61.799999,61.980000,43.610867,5956100
2006-03-14,60.090000,60.680000,59.599998,60.009998,42.224697,18234500
2006-03-15,60.509998,60.509998,59.770000,59.900002,42.147312,9813600
2006-03-16,59.799999,59.860001,59.000000,59.389999,41.788456,12489800
2006-03-17,59.389999,59.400002,58.849998,59.099998,41.584400,17418000
2006-03-20,59.380001,59.380001,58.709999,59.180000,41.640690,7027800
2006-03-21,59.209999,59.720001,58.939999,59.029999,41.535145,6909400
2006-03-22,58.700001,59.599998,58.700001,59.490002,41.858829,5849700
2006-03-23,59.259998,59.400002,58.439999,58.650002,41.267780,9166500
2006-03-24,58.560001,58.950001,57.980000,58.740002,41.331089,8870500
2006-03-27,58.380001,58.619999,58.259998,58.290001,41.014469,8040400
2006-03-28,58.000000,58.279999,57.500000,57.529999,40.479702,14113000
2006-03-29,57.439999,57.980000,57.000000,57.740002,40.627476,12430600
2006-03-30,57.529999,58.099998,57.400002,57.630001,40.550076,8419500
2006-03-31,57.630001,58.299999,57.580002,57.630001,40.550076,11176100
2006-04-03,57.689999,58.360001,57.689999,57.880001,40.725979,8113400
2006-04-04,57.830002,58.480000,57.770000,58.000000,40.810410,8873400
2006-04-05,57.950001,58.099998,57.540001,57.619999,40.543026,8926000
2006-04-06,57.570000,57.919998,57.240002,57.500000,40.458599,6607300
2006-04-07,57.500000,57.939999,57.259998,57.279999,40.303802,7392400
2006-04-10,57.299999,57.400002,56.950001,57.150002,40.212330,7153700
2006-04-11,57.270000,57.299999,56.090000,56.490002,39.747929,13443800
2006-04-12,56.299999,56.500000,56.279999,56.419998,39.698673,8850500
2006-04-13,56.400002,56.669998,56.349998,56.599998,39.825340,6852400
2006-04-17,56.200001,56.470001,55.750000,56.029999,39.424267,13180200
2006-04-18,55.939999,56.369999,55.840000,56.160000,39.515739,11186200
2006-04-19,55.680000,56.080002,55.070000,56.070000,39.671406,12877800
2006-04-20,56.160000,56.799999,55.770000,56.259998,39.805824,15583700
2006-04-21,56.099998,56.759998,55.990002,56.340000,39.862423,12076800
2006-04-24,56.150002,57.000000,56.150002,56.599998,40.046379,9313400
2006-04-25,56.900002,57.520000,56.630001,57.270000,40.520439,22369200
2006-04-26,57.560001,58.060001,57.480000,58.009998,41.044018,15869100
2006-04-27,57.799999,58.730000,57.759998,58.380001,41.305801,8826800
2006-04-28,58.299999,58.470001,58.000000,58.209999,41.185520,8917700
2006-05-01,58.430000,58.669998,57.759998,57.880001,40.952038,7304700
2006-05-02,57.660000,58.340000,57.430000,58.110001,41.114754,8489300
2006-05-03,56.250000,56.490002,55.180000,56.220001,39.777519,28760000
2006-05-04,56.230000,56.689999,55.599998,55.860001,39.522816,15422400
2006-05-05,56.240002,56.240002,55.650002,55.730000,39.430843,13405200
2006-05-08,56.009998,56.599998,55.419998,56.340000,39.862423,14653300
2006-05-09,56.360001,56.669998,56.169998,56.500000,39.975636,11459800
2006-05-10,56.689999,56.740002,56.250000,56.340000,39.862423,9617500
2006-05-11,56.650002,56.650002,55.509998,55.650002,39.374222,12379000
2006-05-12,55.799999,55.830002,55.009998,55.009998,38.921406,13888800
2006-05-15,54.689999,55.700001,54.049999,55.570000,39.317627,11531400
2006-05-16,55.599998,56.259998,55.520000,56.040001,39.650169,11485100
2006-05-17,55.560001,55.919998,55.250000,55.330002,39.147831,10081100
2006-05-18,55.200001,55.529999,54.880001,54.889999,38.836510,7772400
2006-05-19,54.990002,55.000000,53.750000,54.150002,38.312927,16266300
2006-05-22,53.959999,54.490002,53.950001,54.279999,38.404903,9208200
2006-05-23,54.310001,54.990002,54.060001,54.490002,38.553482,9505900
2006-05-24,54.560001,55.139999,54.189999,54.820000,38.786987,9998700
2006-05-25,55.130001,55.279999,54.860001,55.259998,39.098282,8082600
2006-05-26,55.200001,55.299999,54.709999,55.130001,39.006329,6442600
2006-05-30,54.779999,55.020000,54.330002,54.380001,38.475658,6971000
2006-05-31,54.580002,54.689999,54.000000,54.250000,38.383694,11624100
2006-06-01,54.349998,54.509998,54.029999,54.480000,38.546421,6941200
2006-06-02,54.369999,54.549999,53.799999,53.950001,38.171436,8577600
2006-06-05,53.799999,54.040001,53.070000,53.180000,37.626621,7945800
2006-06-06,53.110001,53.500000,52.750000,53.369999,37.761055,9189300
2006-06-07,53.599998,54.130001,53.160000,53.240002,37.669086,8439600
2006-06-08,53.500000,55.099998,53.299999,54.740002,38.730377,15081400
2006-06-09,54.520000,55.000000,54.110001,54.450001,38.525196,7723700
2006-06-12,54.570000,54.919998,54.160000,54.310001,38.426132,5924200
2006-06-13,54.320000,55.250000,54.099998,54.130001,38.298779,10410600
2006-06-14,54.000000,54.930000,53.790001,54.830002,38.794060,8757100
2006-06-15,54.970001,55.090000,53.970001,54.880001,38.829445,8548000
2006-06-16,54.889999,55.200001,54.830002,55.020000,38.928486,10789100
2006-06-19,55.980000,56.000000,54.700001,54.869999,38.822357,11238100
2006-06-20,55.230000,55.840000,54.860001,55.580002,39.324699,11377800
2006-06-21,55.520000,56.189999,55.459999,55.820000,39.494511,8701300
2006-06-22,55.630001,55.919998,55.520000,55.849998,39.515736,6121900
2006-06-23,55.560001,56.160000,55.500000,55.730000,39.430843,6917400
2006-06-26,55.740002,56.000000,55.259998,55.990002,39.614788,5617900
2006-06-27,55.250000,56.000000,55.200001,55.750000,39.444984,7336400
2006-06-28,55.750000,56.020000,55.500000,55.770000,39.459122,6487900
2006-06-29,56.240002,57.000000,55.820000,56.990002,40.322327,10318500
2006-06-30,57.000000,57.189999,55.599998,55.599998,39.338848,21154000
2006-07-03,56.020000,56.410000,56.020000,56.299999,39.834126,4592900
2006-07-05,55.700001,56.139999,55.650002,55.930000,39.572346,9146100
2006-07-06,55.970001,56.750000,55.939999,56.450001,39.940262,7215400
2006-07-07,56.450001,56.750000,56.250000,56.500000,39.975636,6834500
2006-07-10,56.430000,57.130001,56.430000,56.980000,40.315250,6776600
2006-07-11,56.779999,57.340000,56.779999,57.250000,40.506279,6104000
2006-07-12,57.250000,57.330002,56.509998,56.610001,40.053448,7060100
2006-07-13,56.610001,56.790001,56.400002,56.540001,40.003937,9209400
2006-07-14,56.290001,56.360001,55.250000,55.660000,39.381310,8959100
2006-07-17,55.630001,56.169998,55.549999,55.820000,39.494511,6167300
2006-07-18,55.650002,55.919998,55.299999,55.810001,39.487427,7123000
2006-07-19,55.799999,56.849998,55.500000,56.639999,40.298523,7938400
2006-07-20,56.410000,56.990002,56.180000,56.610001,40.277172,5748200
2006-07-21,56.849998,56.980000,55.919998,56.070000,39.892982,8014400
2006-07-24,56.349998,56.990002,56.150002,56.900002,40.483521,4482400
2006-07-25,56.599998,57.250000,56.220001,56.880001,40.469296,6701600
2006-07-26,56.650002,56.770000,56.310001,56.669998,40.319885,7223500
2006-07-27,56.849998,56.990002,56.400002,56.439999,40.156235,5572500
2006-07-28,56.869999,57.230000,56.660000,56.810001,40.419487,5886700
2006-07-31,56.410000,56.660000,56.070000,56.200001,39.985474,7569000
2006-08-01,56.000000,56.070000,55.700001,55.930000,39.793365,5850700
2006-08-02,57.980000,58.900002,57.470001,58.290001,41.472481,17707400
2006-08-03,58.459999,59.689999,58.130001,59.450001,42.297813,12370500
2006-08-04,59.590000,59.759998,59.090000,59.450001,42.297813,7888800
2006-08-07,59.139999,59.470001,58.840000,59.400002,42.262230,6377400
2006-08-08,59.750000,60.000000,59.279999,59.720001,42.489914,9319300
2006-08-09,59.799999,59.980000,59.400002,59.540001,42.361843,5617000
2006-08-10,59.599998,60.290001,59.580002,60.259998,42.874104,8648900
2006-08-11,59.990002,60.450001,59.790001,60.259998,42.874104,8092500
2006-08-14,60.270000,60.750000,59.639999,59.759998,42.518364,8069500
2006-08-15,60.250000,60.619999,60.099998,60.439999,43.002167,6944700
2006-08-16,60.380001,60.560001,60.230000,60.419998,42.987949,6605100
2006-08-17,60.139999,60.639999,60.139999,60.340000,42.931030,6589200
2006-08-18,60.349998,60.419998,59.779999,60.389999,42.966602,6865200
2006-08-21,60.299999,60.930000,60.279999,60.779999,43.244076,5296500
2006-08-22,60.720001,61.180000,60.709999,61.049999,43.436180,6521600
2006-08-23,60.900002,61.450001,60.730000,60.919998,43.343693,4746000
2006-08-24,60.880001,61.380001,60.820000,61.049999,43.436180,5346300
2006-08-25,60.830002,61.169998,60.820000,60.869999,43.308109,4492800
2006-08-28,60.419998,61.220001,60.220001,60.980000,43.386383,6248600
2006-08-29,61.000000,61.389999,60.759998,61.200001,43.542908,4940800
2006-08-30,61.450001,62.029999,61.400002,61.750000,43.934231,8797700
2006-08-31,61.570000,62.029999,61.549999,61.900002,44.040939,6514600
2006-09-01,61.990002,62.090000,61.750000,61.910000,44.048061,4132300
2006-09-05,61.500000,61.689999,61.189999,61.560001,43.799038,6288700
2006-09-06,61.560001,61.669998,61.139999,61.439999,43.713665,4595800
2006-09-07,61.889999,62.029999,61.340000,61.529999,43.777691,7174000
2006-09-08,62.340000,62.340000,61.099998,61.139999,43.500210,5725900
2006-09-11,61.099998,62.099998,61.090000,61.919998,44.055157,9150500
2006-09-12,61.919998,62.180000,61.750000,61.849998,44.005363,5626800
2006-09-13,61.830002,61.849998,60.419998,60.560001,43.087551,11058000
2006-09-14,60.049999,60.970001,59.830002,60.770000,43.236973,8959100
2006-09-15,61.099998,61.750000,60.900002,60.900002,43.329460,17543900
2006-09-18,60.730000,60.980000,60.439999,60.500000,43.044865,6676300
2006-09-19,60.320000,60.930000,60.209999,60.910000,43.336555,7318100
2006-09-20,61.099998,61.779999,60.759998,61.630001,43.848835,6997800
2006-09-21,61.810001,62.020000,61.430000,61.740002,43.927124,9904700
2006-09-22,61.650002,62.000000,61.540001,61.810001,43.976910,6795200
2006-09-25,61.570000,62.500000,61.560001,62.290001,44.318424,8142500
2006-09-26,62.029999,62.650002,61.910000,62.480000,44.453602,8944100
2006-09-27,62.480000,62.849998,62.360001,62.730000,44.631477,8292000
2006-09-28,62.410000,62.549999,61.919998,62.259998,44.297077,9379800
2006-09-29,62.130001,62.689999,61.980000,61.980000,44.097866,7232500
2006-10-02,61.990002,62.310001,61.889999,62.040001,44.140556,4732100
2006-10-03,61.889999,62.500000,61.889999,62.299999,44.325535,8824800
2006-10-04,62.080002,63.529999,62.020000,63.340000,45.065479,15044800
2006-10-05,63.230000,63.740002,63.209999,63.520000,45.193550,8244800
2006-10-06,63.150002,63.310001,62.720001,63.090000,44.887608,7072300
2006-10-09,62.779999,63.040001,62.740002,62.849998,44.716850,3882500
2006-10-10,62.610001,62.720001,62.049999,62.720001,44.624367,7689900
2006-10-11,62.279999,62.669998,62.119999,62.480000,44.453602,4826500
2006-10-12,62.570000,62.869999,62.320000,62.410000,44.403786,5931800
2006-10-13,62.160000,62.189999,61.650002,62.130001,44.204578,7187800
2006-10-16,61.820000,62.230000,61.500000,62.049999,44.147671,5242700
2006-10-17,61.790001,62.480000,61.770000,62.250000,44.289948,6684000
2006-10-18,62.150002,62.830002,62.000000,62.590000,44.754734,7517900
2006-10-19,62.290001,62.560001,62.139999,62.500000,44.690388,5229600
2006-10-20,62.730000,62.880001,62.150002,62.680000,44.819092,8001100
2006-10-23,62.279999,63.470001,62.250000,63.279999,45.248123,7354400
2006-10-24,63.000000,63.169998,62.669998,62.880001,44.962112,6879500
2006-10-25,62.980000,63.400002,62.820000,63.130001,45.140862,5911000
2006-10-26,63.099998,63.669998,62.900002,63.500000,45.405422,6426000
2006-10-27,63.310001,63.840000,63.150002,63.560001,45.448338,7173400
2006-10-30,63.570000,64.019997,63.450001,63.810001,45.627110,8786600
2006-10-31,62.209999,63.529999,62.209999,63.389999,45.326778,14877300
2006-11-01,63.200001,63.630001,62.549999,63.040001,45.076511,8882000
2006-11-02,62.840000,63.389999,62.759998,63.270000,45.240974,8152800
2006-11-03,63.270000,63.490002,63.099998,63.400002,45.333931,5498300
2006-11-06,63.230000,63.750000,63.119999,63.560001,45.448338,9449400
2006-11-07,63.560001,64.379997,63.419998,64.110001,45.841618,7796600
2006-11-08,64.129997,64.349998,63.939999,64.040001,45.791557,9745400
2006-11-09,63.860001,64.000000,63.189999,63.799999,45.619942,8202400
2006-11-10,63.959999,64.000000,63.349998,63.700001,45.548431,6891900
2006-11-13,63.770000,63.790001,63.150002,63.250000,45.226669,6033000
2006-11-14,63.180000,63.389999,62.740002,63.200001,45.190918,7899400
2006-11-15,63.119999,63.470001,62.980000,63.119999,45.133717,5559200
2006-11-16,63.270000,63.810001,63.000000,63.520000,45.419731,4839600
2006-11-17,63.500000,63.869999,63.299999,63.860001,45.662853,6249100
2006-11-20,63.900002,63.970001,63.630001,63.689999,45.541290,4624800
2006-11-21,63.450001,63.709999,63.259998,63.259998,45.233822,5114800
2006-11-22,63.270000,63.639999,63.060001,63.639999,45.505543,4059300
2006-11-24,63.639999,63.740002,63.400002,63.529999,45.426884,2288000
2006-11-27,63.169998,63.349998,62.529999,62.840000,44.933510,7182900
2006-11-28,62.700001,63.360001,62.290001,63.070000,45.097965,7145800
2006-11-29,62.950001,63.240002,62.590000,63.209999,45.198063,5767900
2006-11-30,63.040001,63.240002,62.529999,62.790001,44.897758,9011900
2006-12-01,63.009998,63.099998,62.209999,62.689999,44.826252,6604400
2006-12-04,63.080002,63.549999,62.750000,63.419998,45.348225,7083800
2006-12-05,63.419998,63.959999,63.299999,63.509998,45.412579,6025100
2006-12-06,63.570000,63.810001,63.290001,63.799999,45.619942,5547900
2006-12-07,63.950001,64.040001,63.680000,63.799999,45.619942,6999200
2006-12-08,63.700001,64.180000,63.570000,63.889999,45.684303,4695400
2006-12-11,63.700001,64.029999,63.599998,63.869999,45.670006,3858400
2006-12-12,63.919998,64.059998,63.450001,63.700001,45.548431,7022300
2006-12-13,63.730000,63.950001,63.250000,63.400002,45.333931,6102100
2006-12-14,63.299999,63.779999,63.279999,63.349998,45.298180,5850500
2006-12-15,63.490002,64.239998,63.369999,64.110001,45.841618,11542200
2006-12-18,64.019997,64.269997,63.650002,64.160004,45.877365,5769300
2006-12-19,63.720001,64.449997,63.700001,64.389999,46.041828,6102700
2006-12-20,64.300003,64.480003,64.019997,64.470001,46.099037,4477700
2006-12-21,64.300003,64.500000,63.919998,64.050003,45.798710,6066400
2006-12-22,64.230003,64.250000,63.750000,63.799999,45.619942,4390700
2006-12-26,63.669998,64.269997,63.599998,64.190002,45.898815,4020000
2006-12-27,64.400002,64.580002,64.250000,64.419998,46.063278,5246800
2006-12-28,64.169998,64.620003,64.120003,64.480003,46.106182,3901900
2006-12-29,64.360001,64.730003,64.099998,64.269997,45.956013,4421700
2007-01-03,63.720001,64.660004,63.700001,64.540001,46.149067,9717900
2007-01-04,64.339996,64.500000,63.750000,64.050003,45.798710,8711400
2007-01-05,63.869999,64.000000,63.340000,63.500000,45.405422,9907900
2007-01-08,63.590000,63.779999,63.230000,63.639999,45.505543,11068200
2007-01-09,63.389999,63.799999,63.110001,63.480000,45.391144,10823800
2007-01-10,63.270000,64.330002,63.250000,64.239998,45.934578,8139400
2007-01-11,64.160004,64.800003,64.099998,64.639999,46.220585,6593000
2007-01-12,64.400002,65.000000,64.400002,65.000000,46.478012,7904200
2007-01-16,64.910004,65.000000,64.720001,65.000000,46.478012,10397100
2007-01-17,65.209999,65.730003,64.849998,65.360001,46.959393,11403700
2007-01-18,65.250000,65.650002,63.680000,65.540001,47.088707,8679900
2007-01-19,65.690002,66.300003,65.540001,66.089996,47.483864,9241500
2007-01-22,65.949997,66.029999,65.160004,65.720001,47.218021,9324800
2007-01-23,66.000000,66.000000,65.290001,65.639999,47.160553,5763600
2007-01-24,65.550003,65.739998,65.099998,65.510002,47.067154,6366500
2007-01-25,65.360001,65.489998,64.680000,64.919998,46.643250,6800500
2007-01-26,65.000000,65.139999,64.500000,64.860001,46.600140,6829500
2007-01-29,65.230003,65.550003,64.830002,64.879997,46.614510,9458300
2007-01-30,64.410004,64.790001,63.680000,64.589996,46.406162,12003400
2007-01-31,64.500000,65.160004,64.099998,64.870003,46.607323,8933600
2007-02-01,64.900002,65.489998,64.680000,65.339996,46.945000,8122900
2007-02-02,65.580002,65.639999,65.089996,65.339996,46.945000,6379400
2007-02-05,65.120003,65.419998,64.930000,65.150002,46.808510,6368900
2007-02-06,65.150002,65.260002,64.480003,64.589996,46.406162,8342400
2007-02-07,64.820000,64.949997,64.349998,64.480003,46.327122,6747400
2007-02-08,64.110001,64.750000,64.099998,64.589996,46.406162,5783700
2007-02-09,64.589996,64.820000,64.220001,64.430000,46.291203,5252100
2007-02-12,64.360001,64.589996,64.059998,64.160004,46.097210,8014100
2007-02-13,64.160004,64.739998,64.059998,64.709999,46.492367,8843900
2007-02-14,64.849998,65.070000,64.620003,64.879997,46.614510,5969000
2007-02-15,64.800003,65.400002,64.800003,64.989998,46.693531,5174100
2007-02-16,64.889999,65.500000,64.800003,65.070000,46.751022,8158200
2007-02-20,64.750000,65.070000,64.360001,64.879997,46.614510,9201400
2007-02-21,64.750000,64.989998,64.320000,64.690002,46.478012,5655600
2007-02-22,64.480003,64.730003,64.309998,64.709999,46.492367,6321700
2007-02-23,64.779999,64.930000,64.459999,64.820000,46.571407,5536700
2007-02-26,64.660004,64.989998,64.320000,64.440002,46.298378,6545300
2007-02-27,64.309998,64.730003,61.250000,61.250000,44.006451,16527200
2007-02-28,62.500000,63.770000,62.250000,63.490002,45.615822,17275300
2007-03-01,62.750000,64.120003,62.750000,63.680000,45.752342,11245000
2007-03-02,63.349998,63.709999,62.700001,63.160000,45.378750,9275000
2007-03-05,62.840000,63.599998,62.660000,62.790001,45.112904,9904800
2007-03-06,63.000000,63.070000,62.450001,62.939999,45.220673,11971600
2007-03-07,62.799999,63.049999,62.020000,62.080002,44.602783,10622400
2007-03-08,62.290001,62.480000,61.869999,62.310001,44.768028,8996800
2007-03-09,62.400002,62.700001,62.000000,62.160000,44.660259,9194400
2007-03-12,62.090000,62.400002,61.980000,62.090000,44.609970,5979700
2007-03-13,61.750000,62.119999,61.139999,61.169998,43.948982,11281200
2007-03-14,61.349998,61.590000,60.419998,61.360001,44.085491,10522000
2007-03-15,61.560001,62.049999,61.250000,61.910000,44.480648,12711000
2007-03-16,62.139999,62.160000,61.480000,61.610001,44.265099,12357900
2007-03-19,61.720001,62.150002,61.709999,61.980000,44.530933,5646600
2007-03-20,61.980000,62.340000,61.799999,62.279999,44.746475,6516400
2007-03-21,62.340000,63.000000,62.150002,62.959999,45.235035,8562700
2007-03-22,63.500000,63.900002,63.200001,63.849998,45.874474,14690800
2007-03-23,63.529999,63.980000,63.450001,63.799999,45.838554,7081600
2007-03-26,63.599998,63.919998,63.270000,63.900002,45.910408,7491800
2007-03-27,63.549999,63.759998,63.160000,63.270000,45.457767,8039100
2007-03-28,63.480000,63.480000,62.660000,63.009998,45.270962,7296800
2007-03-29,63.490002,63.500000,62.900002,63.259998,45.450577,5366300
2007-03-30,63.110001,63.400002,62.000000,63.160000,45.378750,8527800
2007-04-02,63.220001,63.349998,62.650002,63.020000,45.278152,6484000
2007-04-03,63.220001,63.439999,62.740002,62.900002,45.191929,11410000
2007-04-04,63.099998,63.250000,62.849998,63.049999,45.299713,9728200
2007-04-05,62.810001,63.180000,62.810001,63.000000,45.263790,6453000
2007-04-09,63.029999,63.400002,62.820000,63.259998,45.450577,7690700
2007-04-10,63.240002,63.540001,63.110001,63.209999,45.414658,6554400
2007-04-11,63.209999,63.220001,62.750000,63.040001,45.292511,9100200
2007-04-12,63.029999,63.590000,62.900002,63.520000,45.637402,7570100
2007-04-13,63.520000,63.520000,63.139999,63.380001,45.536797,6548000
2007-04-16,63.500000,63.799999,63.290001,63.730000,45.788261,8574400
2007-04-17,63.580002,64.080002,63.529999,63.900002,45.910408,12344700
2007-04-18,63.650002,63.900002,63.389999,63.759998,45.809818,8303800
2007-04-19,63.770000,64.190002,63.500000,63.619999,45.709240,8840500
2007-04-20,63.990002,64.000000,63.490002,63.799999,45.838554,18753200
2007-04-23,63.799999,64.000000,63.549999,63.630001,45.716419,6754000
2007-04-24,63.480000,63.740002,62.770000,63.730000,45.788261,10107400
2007-04-25,63.349998,63.750000,63.330002,63.529999,45.896629,7323400
2007-04-26,63.259998,63.480000,62.919998,62.990002,45.506519,9165200
2007-04-27,62.910000,63.209999,62.610001,62.980000,45.499294,9744800
2007-04-30,63.360001,64.750000,63.349998,64.400002,46.525162,19243300
2007-05-01,63.209999,63.250000,62.630001,62.959999,45.484837,18845800
2007-05-02,63.209999,63.209999,62.310001,62.369999,45.058601,19498800
2007-05-03,62.630001,62.700001,61.840000,62.000000,44.791294,17770600
2007-05-04,62.250000,62.470001,61.750000,62.410000,45.087490,12431700
2007-05-07,62.610001,62.790001,62.000000,62.180000,44.921337,12124700
2007-05-08,61.830002,61.970001,61.500000,61.750000,44.610687,16578900
2007-05-09,61.500000,62.270000,61.419998,62.009998,44.798515,10520000
2007-05-10,62.009998,62.049999,61.040001,61.490002,44.422855,14107600
2007-05-11,61.669998,61.849998,61.419998,61.650002,44.538452,8479000
2007-05-14,61.750000,61.900002,61.560001,61.720001,44.589024,8754800
2007-05-15,61.720001,62.889999,61.720001,62.070000,44.841858,14855900
2007-05-16,62.299999,63.610001,62.110001,63.320000,45.744926,15809800
2007-05-17,63.049999,63.590000,62.759998,63.369999,45.781044,10088800
2007-05-18,63.500000,64.430000,63.250000,63.480000,45.860512,16434000
2007-05-21,63.299999,63.459999,63.009998,63.270000,45.708790,9699500
2007-05-22,63.009998,63.320000,62.799999,63.000000,45.513748,9681300
2007-05-23,63.029999,63.430000,63.020000,63.099998,45.585972,7685800
2007-05-24,63.360001,63.400002,62.830002,62.869999,45.419811,8971500
2007-05-25,63.299999,63.389999,62.849998,62.959999,45.484837,9440800
2007-05-29,62.910000,63.810001,62.900002,63.650002,45.983326,9891900
2007-05-30,63.400002,63.849998,63.230000,63.849998,46.127811,10316200
2007-05-31,63.750000,63.919998,63.320000,63.549999,45.911087,8615300
2007-06-01,63.549999,63.779999,62.959999,63.480000,45.860512,9025800
2007-06-04,63.459999,63.500000,62.849998,63.189999,45.651012,11481300
2007-06-05,63.090000,63.730000,63.060001,63.459999,45.846066,13480400
2007-06-06,63.349998,63.599998,63.169998,63.189999,45.651012,9903700
2007-06-07,62.610001,62.759998,62.119999,62.320000,45.022495,21180400
2007-06-08,62.360001,63.200001,62.180000,63.070000,45.564308,15468500
2007-06-11,62.799999,63.209999,62.750000,63.049999,45.549862,8119600
2007-06-12,62.700001,63.000000,62.160000,62.160000,44.906887,10403400
2007-06-13,62.290001,62.820000,62.020000,62.369999,45.058601,15511000
2007-06-14,62.290001,62.599998,62.099998,62.419998,45.094727,11103000
2007-06-15,62.660000,62.799999,62.250000,62.570000,45.203091,17155500
2007-06-18,62.500000,62.500000,61.720001,61.770000,44.625141,15244900
2007-06-19,61.810001,61.910000,61.099998,61.820000,44.661259,19293000
2007-06-20,61.820000,62.490002,61.820000,61.939999,44.747955,18520400
2007-06-21,62.029999,62.400002,61.599998,61.880001,44.704613,13153300
2007-06-22,61.880001,61.970001,60.990002,61.029999,44.090523,19720000
2007-06-25,61.099998,61.529999,60.849998,61.080002,44.126656,11690800
2007-06-26,61.200001,61.590000,60.990002,61.189999,44.206123,14784000
2007-06-27,61.150002,61.439999,60.910000,61.430000,44.379498,10475800
2007-06-28,61.599998,61.799999,61.049999,61.360001,44.328938,9235900
2007-06-29,61.450001,61.700001,60.759998,61.189999,44.206123,11984900
2007-07-02,61.349998,61.799999,61.349998,61.740002,44.603462,9868700
2007-07-03,61.450001,61.900002,61.450001,61.790001,44.639587,5091700
2007-07-05,61.930000,61.930000,61.400002,61.669998,44.552883,11880600
2007-07-06,61.500000,61.630001,61.349998,61.480000,44.415634,8197100
2007-07-09,61.480000,61.669998,61.410000,61.520000,44.444523,12073500
2007-07-10,61.540001,61.700001,61.009998,61.029999,44.090523,12677700
2007-07-11,61.060001,61.669998,60.889999,61.560001,44.473427,12056600
2007-07-12,61.570000,62.990002,61.560001,62.930000,45.463158,17559900
2007-07-13,62.590000,63.000000,62.250000,62.660000,45.268108,12006400
2007-07-16,62.360001,63.500000,62.200001,63.150002,45.622105,12873100
2007-07-17,63.040001,63.459999,62.680000,62.680000,45.282558,13777400
2007-07-18,62.400002,62.980000,62.020000,62.590000,45.471455,11066000
2007-07-19,62.480000,63.130001,62.480000,62.790001,45.616749,8714300
2007-07-20,62.240002,62.889999,62.099998,62.150002,45.151787,12207800
2007-07-23,62.290001,63.709999,62.290001,63.340000,46.016331,9577000
2007-07-24,62.570000,64.379997,62.549999,62.959999,45.740253,14793500
2007-07-25,62.919998,63.570000,62.590000,62.980000,45.754780,13581900
2007-07-26,62.320000,63.810001,62.299999,62.560001,45.449646,22062300
2007-07-27,62.349998,63.410000,62.299999,62.820000,45.638538,16874600
2007-07-30,62.509998,63.540001,62.049999,63.270000,45.965469,14882700
2007-07-31,63.060001,63.189999,61.740002,61.860001,44.941113,15470800
2007-08-01,61.520000,63.490002,61.500000,63.160000,45.885551,14824200
2007-08-02,63.049999,63.590000,62.639999,63.299999,45.987263,11878500
2007-08-03,63.250000,63.680000,62.340000,62.880001,45.682137,20336700
2007-08-06,63.000000,65.000000,62.950001,65.000000,47.222313,18583700
2007-08-07,64.230003,65.790001,64.230003,65.230003,47.389412,19227700
2007-08-08,65.349998,65.750000,64.599998,65.160004,47.338543,13785200
2007-08-09,64.010002,66.750000,64.000000,64.970001,47.200512,19540900
2007-08-10,64.309998,65.889999,64.279999,65.389999,47.505638,17234900
2007-08-13,65.199997,65.400002,64.010002,64.279999,46.699226,15379400
2007-08-14,64.230003,64.449997,63.520000,63.720001,46.292400,10928800
2007-08-15,63.950001,64.800003,63.340000,63.480000,46.118038,12162400
2007-08-16,62.529999,64.790001,62.529999,64.029999,46.517601,22611500
2007-08-17,64.900002,65.449997,64.169998,65.349998,47.476582,19957300
2007-08-20,65.150002,65.800003,64.720001,65.010002,47.229584,9519000
2007-08-21,64.650002,64.980003,64.209999,64.459999,46.829998,9745800
2007-08-22,64.879997,65.110001,64.389999,64.739998,47.033409,9600400
2007-08-23,64.989998,65.180000,64.540001,65.040001,47.251373,10711600
2007-08-24,65.309998,65.949997,65.099998,65.930000,47.897942,8496800
2007-08-27,65.669998,65.739998,64.910004,65.230003,47.389412,7794300
2007-08-28,65.150002,65.379997,64.199997,64.699997,47.004353,10828200
2007-08-29,64.889999,65.260002,64.500000,65.120003,47.309490,8875500
2007-08-30,64.809998,65.309998,64.510002,65.010002,47.229584,8297200
2007-08-31,65.129997,65.610001,64.879997,65.309998,47.447529,8392900
2007-09-04,65.040001,65.540001,64.889999,65.449997,47.549217,8808600
2007-09-05,65.379997,65.650002,64.930000,65.459999,47.556496,8978200
2007-09-06,65.139999,66.279999,65.089996,66.110001,48.028698,11114600
2007-09-07,65.690002,66.330002,65.400002,65.470001,47.563774,11491200
2007-09-10,65.550003,66.099998,65.430000,65.900002,47.876167,8823000
2007-09-11,66.290001,67.000000,65.849998,66.989998,48.668034,12452300
2007-09-12,66.900002,67.400002,66.540001,67.309998,48.900505,9591100
2007-09-13,67.320000,67.720001,67.160004,67.459999,49.009491,8547100
2007-09-14,67.000000,67.849998,66.940002,67.809998,49.263756,8319800
2007-09-17,67.489998,68.290001,67.260002,67.949997,49.365471,10281900
2007-09-18,68.290001,69.070000,67.889999,68.680000,49.895817,15487900
2007-09-19,68.949997,69.000000,68.099998,68.790001,49.975742,15034600
2007-09-20,68.489998,69.320000,68.449997,68.980003,50.113762,9045200
2007-09-21,69.669998,69.940002,68.980003,69.389999,50.411625,16085200
2007-09-24,69.320000,70.000000,69.099998,69.800003,50.709480,11617600
2007-09-25,69.400002,70.339996,69.400002,69.849998,50.745815,9845200
2007-09-26,69.910004,70.730003,69.660004,70.510002,51.225292,10491400
2007-09-27,70.510002,70.650002,69.830002,70.099998,50.927441,8618800
2007-09-28,69.949997,70.489998,69.910004,70.339996,51.101791,9747600
2007-10-01,70.440002,71.000000,70.400002,70.910004,51.515903,11500200
2007-10-02,70.849998,71.000000,70.349998,70.730003,51.385132,9366500
2007-10-03,70.720001,70.870003,70.230003,70.410004,51.152653,8697700
2007-10-04,70.199997,71.070000,70.199997,70.830002,51.457790,11694600
2007-10-05,70.900002,71.320000,70.580002,70.830002,51.457790,10286200
2007-10-08,70.050003,70.919998,70.050003,70.709999,51.370605,6046800
2007-10-09,71.180000,71.349998,70.500000,71.080002,51.639397,8256800
2007-10-10,71.150002,71.750000,71.129997,71.400002,51.871895,7719800
2007-10-11,71.650002,71.980003,71.410004,71.769997,52.140686,9204200
2007-10-12,71.930000,72.000000,71.599998,71.699997,52.089836,8210600
2007-10-15,71.650002,71.900002,70.669998,71.000000,51.581291,8233500
2007-10-16,70.980003,71.550003,70.540001,70.820000,51.450520,9637700
2007-10-17,70.639999,70.839996,70.300003,70.589996,51.538124,11854600
2007-10-18,70.550003,71.000000,70.500000,70.900002,51.764473,8079900
2007-10-19,71.000000,71.529999,70.610001,70.800003,51.691460,15979700
2007-10-22,70.599998,71.120003,70.510002,71.059998,51.881279,9040800
2007-10-23,71.169998,71.360001,70.639999,71.260002,52.027313,7704700
2007-10-24,71.160004,71.489998,70.629997,71.379997,52.114906,10096300
2007-10-25,71.209999,71.680000,71.139999,71.349998,52.093006,10406100
2007-10-26,71.599998,71.760002,71.120003,71.750000,52.385044,9320000
2007-10-29,71.949997,72.190002,71.599998,71.830002,52.443459,11479700
2007-10-30,69.529999,69.900002,67.900002,68.949997,50.340759,25799200
2007-10-31,69.349998,69.889999,69.040001,69.519997,50.756920,14144500
2007-11-01,69.220001,69.849998,68.589996,68.589996,50.077919,15104800
2007-11-02,69.050003,69.760002,68.860001,69.550003,50.778828,11447900
2007-11-05,69.389999,70.919998,69.379997,70.180000,51.238800,12740000
2007-11-06,70.400002,70.639999,70.070000,70.470001,51.450520,8733700
2007-11-07,70.440002,70.980003,69.230003,69.419998,50.683903,11873500
2007-11-08,69.760002,71.019997,69.099998,70.839996,51.720661,14437100
2007-11-09,70.550003,71.000000,70.300003,70.419998,51.414017,11899000
2007-11-12,70.440002,71.480003,70.349998,70.769997,51.669556,10793800
2007-11-13,71.260002,71.760002,70.769997,71.570000,52.253635,12264600
2007-11-14,71.980003,72.250000,71.199997,71.540001,52.231735,11907300
2007-11-15,71.400002,72.489998,71.309998,71.830002,52.443459,11440000
2007-11-16,72.459999,73.250000,72.150002,73.190002,53.436409,15145900
2007-11-19,72.870003,73.290001,72.279999,72.820000,53.166283,11337900
2007-11-20,72.980003,73.849998,72.459999,73.209999,53.451015,12771000
2007-11-21,73.050003,73.800003,72.089996,72.260002,52.757416,10381700
2007-11-23,72.879997,72.919998,72.300003,72.860001,53.195488,4592500
2007-11-26,73.000000,73.550003,71.919998,72.190002,52.706299,13661100
2007-11-27,72.709999,73.620003,72.269997,73.129997,53.392597,13090300
2007-11-28,72.989998,74.040001,72.519997,73.910004,53.962090,13638700
2007-11-29,73.820000,74.300003,73.349998,74.150002,54.137306,7878900
2007-11-30,74.599998,74.599998,73.349998,74.000000,54.027794,13784500
2007-12-03,74.000000,74.250000,73.220001,73.519997,53.677338,9036200
2007-12-04,73.230003,73.800003,73.040001,73.290001,53.509430,9185600
2007-12-05,73.650002,74.080002,72.910004,73.809998,53.889069,9682600
2007-12-06,73.779999,74.239998,73.489998,74.180000,54.159210,8469600
2007-12-07,74.239998,74.820000,74.059998,74.120003,54.115414,7692200
2007-12-10,74.169998,74.599998,74.080002,74.330002,54.268742,6521600
2007-12-11,74.589996,74.910004,73.760002,73.839996,53.910954,13287400
2007-12-12,74.650002,75.180000,74.230003,74.669998,54.516964,13647300
2007-12-13,74.449997,75.000000,74.099998,74.400002,54.319843,10568700
2007-12-14,74.370003,74.500000,73.849998,73.900002,53.954777,13648100
2007-12-17,73.730003,73.940002,73.089996,73.239998,53.472916,13268800
2007-12-18,73.650002,73.650002,72.519997,72.839996,53.180870,10732100
2007-12-19,72.779999,73.620003,72.660004,72.980003,53.283100,8169000
2007-12-20,73.379997,73.489998,73.000000,73.190002,53.436409,7362200
2007-12-21,73.410004,74.330002,73.339996,74.080002,54.086205,16176800
2007-12-24,74.029999,74.440002,73.699997,73.940002,53.983982,2827000
2007-12-26,73.900002,74.199997,73.769997,74.040001,54.056995,6433800
2007-12-27,73.800003,74.260002,73.620003,73.889999,53.947475,6901300
2007-12-28,74.059998,74.489998,73.820000,74.250000,54.210316,6637900
2007-12-31,74.250000,74.260002,73.230003,73.419998,53.604324,7996700
2008-01-02,73.589996,73.589996,71.870003,72.309998,52.793907,12255300
2008-01-03,72.410004,73.330002,72.000000,72.309998,52.793907,11162800
2008-01-04,71.699997,72.989998,71.699997,72.019997,52.582188,10049000
2008-01-07,72.239998,72.669998,71.900002,72.489998,52.925343,11916000
2008-01-08,72.699997,73.809998,72.000000,72.680000,53.064049,17169100
2008-01-09,72.540001,73.599998,72.059998,72.540001,52.961842,14875400
2008-01-10,72.070000,72.849998,72.070000,72.480003,52.918030,13039700
2008-01-11,72.300003,72.300003,70.010002,70.180000,51.238800,18046500
2008-01-14,70.820000,70.889999,70.010002,70.290001,51.319115,13145800
2008-01-15,70.000000,70.790001,69.230003,69.699997,50.888336,12660600
2008-01-16,69.250000,69.959999,68.769997,68.839996,50.514099,14936800
2008-01-17,68.949997,69.459999,67.849998,68.070000,49.949081,15130900
2008-01-18,68.400002,68.650002,66.699997,67.150002,49.274006,17975000
2008-01-22,64.190002,65.930000,62.810001,65.129997,47.791740,25636100
2008-01-23,62.740002,66.500000,62.740002,66.239998,48.606255,18489400
2008-01-24,66.639999,66.779999,65.349998,66.150002,48.540226,12026900
2008-01-25,66.830002,66.830002,65.290001,65.309998,47.923828,13000400
2008-01-28,65.529999,65.699997,64.900002,65.290001,47.909142,12868600
2008-01-29,65.570000,65.599998,64.650002,64.680000,47.461552,12683500
2008-01-30,64.699997,65.930000,64.599998,65.089996,47.762383,12264900
2008-01-31,63.790001,65.949997,63.779999,65.419998,48.004551,19878500
2008-02-01,66.150002,66.680000,65.440002,66.050003,48.466854,12166500
2008-02-04,66.559998,67.019997,66.150002,66.150002,48.540226,10343000
2008-02-05,66.059998,66.309998,64.980003,65.040001,47.725716,14270600
2008-02-06,65.019997,65.459999,64.809998,65.309998,47.923828,13839800
2008-02-07,65.080002,66.339996,65.080002,65.769997,48.261379,16197800
2008-02-08,65.550003,65.750000,64.849998,65.019997,47.711033,9271000
2008-02-11,64.910004,66.029999,64.730003,66.000000,48.430141,10332800
2008-02-12,66.430000,67.400002,66.080002,67.160004,49.281357,11107400
2008-02-13,67.389999,67.739998,66.769997,67.000000,49.163925,11051700
2008-02-14,67.139999,67.449997,66.260002,66.629997,48.892437,10952100
2008-02-15,66.629997,66.900002,66.150002,66.300003,48.650276,11755100
2008-02-19,66.930000,66.930000,66.099998,66.309998,48.657616,10404000
2008-02-20,66.150002,66.230003,65.620003,66.169998,48.554890,10843400
2008-02-21,66.269997,66.330002,65.790001,65.959999,48.400791,11931400
2008-02-22,66.190002,66.400002,65.349998,66.209999,48.584236,11139700
2008-02-25,66.120003,67.180000,66.050003,66.680000,48.929115,11879700
2008-02-26,66.500000,67.919998,66.349998,67.680000,49.662907,11259700
2008-02-27,67.139999,67.639999,67.010002,67.209999,49.318035,11769800
2008-02-28,66.760002,67.099998,66.610001,66.970001,49.141918,11149300
2008-02-29,66.550003,66.959999,66.040001,66.180000,48.562225,14640200
2008-03-03,66.150002,66.389999,65.529999,66.349998,48.686974,11568500
2008-03-04,65.949997,66.250000,65.529999,66.050003,48.466854,16500300
2008-03-05,66.290001,67.160004,66.050003,66.699997,48.943790,11694500
2008-03-06,66.500000,66.889999,66.320000,66.510002,48.804367,9957900
2008-03-07,66.120003,66.339996,65.669998,65.800003,48.283390,13753900
2008-03-10,65.750000,65.919998,65.580002,65.760002,48.254036,13774100
2008-03-11,65.809998,66.750000,65.809998,66.660004,48.914444,14169500
2008-03-12,66.639999,67.629997,66.639999,67.040001,49.193287,9641200
2008-03-13,66.839996,67.629997,66.589996,67.360001,49.428104,16206400
2008-03-14,67.709999,67.709999,66.000000,66.739998,48.973156,19283500
2008-03-17,66.000000,67.650002,66.000000,67.050003,49.200619,17066600
2008-03-18,67.800003,68.540001,67.150002,68.540001,50.293972,14680900
2008-03-19,68.739998,68.879997,67.779999,67.809998,49.758289,15093900
2008-03-20,68.489998,69.389999,68.000000,69.370003,50.903008,16523000
2008-03-24,69.699997,70.000000,69.059998,69.970001,51.343288,10100000
2008-03-25,69.980003,69.980003,69.320000,69.540001,51.027760,10581200
2008-03-26,69.320000,69.900002,69.059998,69.639999,51.101135,8431200
2008-03-27,69.690002,70.099998,69.320000,69.410004,50.932373,11899700
2008-03-28,69.550003,70.040001,69.370003,69.440002,50.954380,7432200
2008-03-31,69.559998,70.180000,68.900002,70.070000,51.416664,13745600
2008-04-01,70.410004,71.199997,69.849998,71.139999,52.201820,11590300
2008-04-02,71.059998,71.129997,70.269997,70.480003,51.717510,10209400
2008-04-03,70.199997,70.599998,69.779999,70.470001,51.710194,9580000
2008-04-04,70.470001,70.919998,70.050003,70.599998,51.805576,10160300
2008-04-07,70.970001,70.970001,70.099998,70.510002,51.739540,9465400
2008-04-08,70.010002,70.669998,69.930000,70.650002,51.842258,8748100
2008-04-09,70.150002,70.300003,69.639999,70.209999,51.519394,11440400
2008-04-10,70.089996,70.690002,69.949997,70.180000,51.497398,9656800
2008-04-11,69.750000,70.470001,69.750000,70.000000,51.365303,11862200
2008-04-14,70.120003,70.449997,69.760002,70.120003,51.453362,9079300
2008-04-15,70.389999,70.400002,69.800003,70.230003,51.534069,8604100
2008-04-16,70.680000,70.680000,68.970001,69.269997,51.120800,19498400
2008-04-17,68.720001,68.750000,67.300003,67.559998,49.858826,21014000
2008-04-18,67.940002,68.000000,66.860001,67.169998,49.571014,18345800
2008-04-21,66.910004,68.019997,66.739998,67.800003,50.035942,10496700
2008-04-22,67.510002,67.750000,67.150002,67.470001,49.792400,13148900
2008-04-23,67.870003,67.870003,66.750000,67.169998,49.571014,14184800
2008-04-24,67.050003,67.489998,66.790001,66.830002,49.320087,12614800
2008-04-25,67.269997,67.269997,66.169998,66.550003,49.113472,13674700
2008-04-28,66.620003,66.900002,66.029999,66.209999,48.862537,18166400
2008-04-29,66.209999,66.360001,65.800003,65.900002,48.633762,16567800
2008-04-30,67.050003,68.489998,66.870003,67.050003,49.482464,21859500
2008-05-01,67.029999,67.480003,66.519997,67.029999,49.467697,13493700
2008-05-02,67.099998,67.300003,66.360001,66.800003,49.297955,13290300
2008-05-05,66.699997,66.900002,66.220001,66.650002,49.187267,10193200
2008-05-06,66.209999,66.879997,66.209999,66.650002,49.187267,9819900
2008-05-07,66.589996,67.029999,65.699997,65.800003,48.559967,13045900
2008-05-08,66.099998,66.260002,65.680000,65.919998,48.648518,10081900
2008-05-09,65.620003,65.790001,65.099998,65.209999,48.124546,9756700
2008-05-12,65.430000,65.750000,65.000000,65.349998,48.227863,11162200
2008-05-13,65.500000,66.120003,65.250000,65.730003,48.508312,10942500
2008-05-14,65.930000,66.489998,65.370003,65.500000,48.338558,13205200
2008-05-15,65.279999,66.370003,65.120003,66.360001,48.973248,11877400
2008-05-16,66.440002,66.970001,66.419998,66.750000,49.261051,12286200
2008-05-19,66.510002,66.970001,66.400002,66.860001,49.342228,9182900
2008-05-20,66.629997,66.800003,65.739998,65.860001,48.604237,11931600
2008-05-21,66.080002,66.080002,65.010002,65.169998,48.095016,11650300
2008-05-22,65.320000,65.809998,65.059998,65.620003,48.427135,8639100
2008-05-23,65.379997,65.750000,65.099998,65.269997,48.168827,8415300
2008-05-27,65.379997,65.500000,64.910004,65.070000,48.021229,10901600
2008-05-28,65.320000,65.419998,64.760002,64.870003,47.873623,10195500
2008-05-29,64.879997,65.750000,64.750000,65.470001,48.316433,10548200
2008-05-30,65.529999,66.129997,65.320000,66.050003,48.744461,9761700
2008-06-02,65.919998,65.919998,64.940002,65.360001,48.235245,9980200
2008-06-03,65.459999,65.639999,64.949997,65.410004,48.272129,11417400
2008-06-04,66.000000,66.570000,65.599998,66.449997,49.039650,12590900
2008-06-05,66.559998,66.820000,66.099998,66.669998,49.202019,10784800
2008-06-06,66.349998,66.379997,65.260002,65.370003,48.242634,16364700
2008-06-09,65.349998,66.180000,65.220001,66.070000,48.759224,12983000
2008-06-10,65.629997,67.150002,65.629997,66.660004,49.194633,13803400
2008-06-11,66.430000,66.820000,66.019997,66.199997,48.855156,12619500
2008-06-12,66.400002,66.750000,66.059998,66.459999,49.047035,11939500
2008-06-13,66.769997,66.809998,66.080002,66.449997,49.039650,10941500
2008-06-16,66.250000,66.410004,65.769997,65.900002,48.633762,12204700
2008-06-17,65.970001,66.260002,65.739998,65.800003,48.559967,8220900
2008-06-18,65.589996,65.949997,64.919998,65.000000,47.969563,11511700
2008-06-19,64.949997,65.570000,64.709999,64.900002,47.895760,11544300
2008-06-20,64.650002,65.080002,63.099998,63.160000,46.611660,21461900
2008-06-23,63.430000,63.599998,62.740002,62.930000,46.441914,10507400
2008-06-24,62.820000,63.259998,62.419998,62.860001,46.390255,11172200
2008-06-25,63.139999,64.059998,62.830002,63.490002,46.855194,12888400
2008-06-26,63.220001,63.880001,62.230000,62.250000,45.940083,15244000
2008-06-27,62.189999,62.619999,60.490002,60.490002,44.641220,21773200
2008-06-30,60.689999,61.360001,60.439999,60.810001,44.877388,14977700
2008-07-01,60.549999,62.009998,60.049999,61.980000,45.740818,19060400
2008-07-02,61.950001,62.939999,61.650002,62.689999,46.264809,18876400
2008-07-03,62.700001,63.889999,62.689999,63.669998,46.988018,11550400
2008-07-07,63.810001,63.810001,62.599998,62.910000,46.427170,18716900
2008-07-08,62.669998,63.959999,62.669998,63.660000,46.980667,18142100
2008-07-09,63.930000,64.629997,63.410000,63.799999,47.083977,15553100
2008-07-10,63.709999,64.320000,63.360001,64.220001,47.393940,17753500
2008-07-11,63.930000,64.290001,63.180000,63.450001,46.825687,21841200
2008-07-14,63.900002,64.379997,63.619999,63.930000,47.179916,14939400
2008-07-15,62.349998,67.410004,62.029999,64.349998,47.489876,25356900
2008-07-16,63.730000,64.160004,63.380001,63.889999,47.445309,19482200
2008-07-17,63.970001,64.080002,63.200001,63.889999,47.445309,15878800
2008-07-18,63.970001,63.970001,63.250000,63.669998,47.281940,15478100
2008-07-21,63.930000,63.930000,63.410000,63.639999,47.259670,9811300
2008-07-22,63.650002,64.699997,63.529999,64.099998,47.601257,13192200
2008-07-23,64.250000,64.940002,63.820000,64.699997,48.046829,11255000
2008-07-24,64.699997,65.169998,64.410004,64.510002,47.905731,11091700
2008-07-25,64.620003,64.970001,64.260002,64.459999,47.868603,11002700
2008-07-28,64.389999,64.449997,63.650002,63.830002,47.400761,12599100
2008-07-29,63.950001,65.610001,63.799999,65.540001,48.670628,16520700
2008-07-30,65.430000,66.760002,65.430000,66.570000,49.435516,13648100
2008-07-31,66.019997,66.440002,65.250000,65.480003,48.626068,14043700
2008-08-01,65.730003,65.980003,64.720001,64.949997,48.232487,11147400
2008-08-04,65.120003,66.500000,64.900002,65.820000,48.878555,12657600
2008-08-05,66.209999,68.099998,65.820000,67.970001,50.475151,20383200
2008-08-06,67.949997,68.120003,67.290001,67.769997,50.326637,13002200
2008-08-07,67.830002,68.199997,67.070000,67.480003,50.111275,10964600
2008-08-08,67.010002,69.879997,66.800003,69.629997,51.707882,15116500
2008-08-11,69.620003,69.889999,67.070000,69.430000,51.559372,10843500
2008-08-12,69.220001,70.529999,69.099998,70.339996,52.235126,14375000
2008-08-13,70.220001,70.239998,69.199997,69.599998,51.685600,10701100
2008-08-14,69.550003,70.480003,69.110001,69.709999,51.767292,9447400
2008-08-15,70.489998,71.980003,69.709999,71.599998,53.170834,17615400
2008-08-18,71.320000,72.000000,71.029999,71.269997,52.925755,12509100
2008-08-19,71.019997,71.720001,70.650002,70.720001,52.517338,12332900
2008-08-20,70.680000,70.760002,69.680000,70.300003,52.205433,10981000
2008-08-21,69.830002,70.110001,69.290001,69.900002,51.908398,9722500
2008-08-22,70.070000,71.800003,70.070000,71.610001,53.178257,11870400
2008-08-25,71.330002,71.430000,69.919998,70.129997,52.079193,9493700
2008-08-26,70.029999,70.360001,69.580002,69.839996,51.863819,8432900
2008-08-27,69.680000,70.239998,69.379997,70.059998,52.027222,8307800
2008-08-28,70.349998,71.199997,69.809998,71.010002,52.732685,8106700
2008-08-29,70.709999,71.080002,69.739998,69.769997,51.811859,9569400
2008-09-02,70.349998,71.430000,70.150002,70.470001,52.331688,11255200
2008-09-03,70.419998,71.500000,70.180000,71.419998,53.037148,10433900
2008-09-04,71.160004,71.519997,70.370003,70.440002,52.309406,12298000
2008-09-05,70.389999,71.070000,69.730003,70.779999,52.561886,11578800
2008-09-08,71.330002,72.480003,71.309998,72.370003,53.742630,16521200
2008-09-09,71.660004,72.459999,71.470001,71.889999,53.386181,18542200
2008-09-10,71.849998,73.540001,71.809998,72.389999,53.757496,19047700
2008-09-11,71.800003,73.160004,71.580002,73.080002,54.269905,16200400
2008-09-12,72.330002,73.250000,72.330002,73.150002,54.321884,11378700
2008-09-15,72.339996,73.570000,72.139999,72.139999,53.571838,19748500
2008-09-16,71.519997,73.000000,71.300003,72.000000,53.467869,21425800
2008-09-17,71.680000,72.019997,70.839996,70.940002,52.680695,25324200
2008-09-18,71.220001,72.959999,70.400002,71.309998,52.955471,28178600
2008-09-19,72.559998,72.750000,68.150002,70.360001,52.249985,28562500
2008-09-22,70.010002,70.400002,67.760002,68.040001,50.527142,14998700
2008-09-23,68.139999,69.639999,67.070000,67.279999,49.962757,15133400
2008-09-24,67.430000,68.870003,67.209999,68.739998,51.046970,13053800
2008-09-25,69.019997,70.199997,68.040001,68.510002,50.876163,17513200
2008-09-26,67.820000,69.419998,67.820000,68.839996,51.121227,13417000
2008-09-29,68.150002,69.500000,66.000000,66.750000,49.569176,23388500
2008-09-30,67.190002,69.919998,67.050003,69.690002,51.752449,23102600
2008-10-01,69.339996,71.440002,69.339996,71.269997,52.925755,17760000
2008-10-02,70.910004,71.940002,70.519997,71.440002,53.052021,21833600
2008-10-03,71.019997,71.800003,70.070000,71.019997,52.740108,22923700
2008-10-06,69.769997,70.459999,67.019997,68.580002,50.928143,25914800
2008-10-07,69.029999,69.690002,66.080002,66.250000,49.197872,23857700
2008-10-08,65.779999,69.010002,64.459999,66.099998,49.086479,37290900
2008-10-09,66.139999,66.580002,60.689999,60.880001,45.210056,30092600
2008-10-10,58.770000,63.000000,54.919998,59.560001,44.229824,47113800
2008-10-13,61.669998,63.930000,61.000000,63.290001,46.999748,25023000
2008-10-14,65.550003,65.879997,62.560001,64.099998,47.601257,29454500
2008-10-15,63.279999,63.889999,58.630001,59.820000,44.422890,23606500
2008-10-16,59.910000,62.250000,57.119999,61.770000,45.870975,27622600
2008-10-17,60.650002,63.790001,59.830002,61.740002,45.848713,19589700
2008-10-20,62.540001,64.120003,61.099998,63.910000,47.460175,16636400
2008-10-21,63.470001,64.290001,62.639999,62.959999,46.754684,12739400
2008-10-22,61.389999,61.540001,58.349998,58.759998,43.914726,34940700
2008-10-23,59.130001,61.299999,57.220001,60.570000,45.267452,25829200
2008-10-24,56.900002,60.340000,56.619999,58.869999,43.996941,26572200
2008-10-27,58.029999,60.500000,57.000000,57.369999,42.875908,23484700
2008-10-28,58.400002,63.490002,57.070000,63.230000,47.255421,35638500
2008-10-29,63.009998,63.980000,59.410000,60.990002,45.581341,31023600
2008-10-30,62.330002,63.500000,61.439999,63.080002,47.143307,36499800
2008-10-31,62.959999,64.930000,62.759998,64.540001,48.234455,42624100
2008-11-03,64.720001,65.250000,64.070000,64.400002,48.129833,50502400
2008-11-04,65.300003,66.480003,65.099998,66.070000,49.377918,46653300
2008-11-05,65.410004,66.129997,63.810001,63.810001,47.688881,71833400
2008-11-06,64.050003,65.470001,62.540001,63.349998,47.345093,49444500
2008-11-07,63.700001,64.830002,63.430000,64.489998,48.197086,19003000
2008-11-10,65.459999,65.779999,64.029999,64.949997,48.540874,16157100
2008-11-11,64.650002,64.879997,63.230000,63.820000,47.696350,16256000
2008-11-12,63.500000,63.500000,61.500000,61.849998,46.224079,26012800
2008-11-13,61.709999,66.820000,60.869999,65.050003,48.615608,44886300
2008-11-14,64.870003,66.000000,61.959999,63.110001,47.165726,42262700
2008-11-17,63.000000,64.540001,61.410000,62.509998,46.717316,23074600
2008-11-18,62.250000,64.489998,60.759998,64.250000,48.017719,35518000
2008-11-19,63.880001,64.660004,62.110001,62.270000,46.537956,23344900
2008-11-20,61.669998,63.419998,59.000000,59.330002,44.340729,31313100
2008-11-21,60.049999,63.330002,58.290001,63.090000,47.150791,34196200
2008-11-24,63.439999,65.000000,62.680000,64.680000,48.339088,26076500
2008-11-25,64.540001,65.449997,53.770000,63.180000,47.218044,22843100
2008-11-26,61.770000,63.189999,61.400002,63.160000,47.203102,15151600
2008-11-28,63.040001,64.550003,63.040001,64.349998,48.092461,7768400
2008-12-01,63.730000,63.799999,60.349998,60.490002,45.207664,20431200
2008-12-02,61.599998,61.650002,59.349998,61.439999,45.917652,20242400
2008-12-03,60.520000,63.130001,60.500000,62.880001,46.993843,19967600
2008-12-04,62.279999,62.930000,60.580002,61.250000,45.775646,17919600
2008-12-05,60.810001,62.930000,59.400002,62.630001,46.807003,22060500
2008-12-08,63.009998,64.000000,62.020000,62.490002,46.702377,20894200
2008-12-09,61.970001,62.250000,59.360001,59.790001,44.684513,21421800
2008-12-10,60.270000,60.660000,58.509998,59.119999,44.183784,14721200
2008-12-11,57.770000,59.860001,57.500000,58.580002,43.780216,18856600
2008-12-12,58.330002,59.230000,57.049999,58.939999,44.049259,16817900
2008-12-15,58.150002,59.849998,58.150002,59.360001,44.363159,12230800
2008-12-16,59.900002,61.750000,59.580002,61.619999,46.052177,17789000
2008-12-17,60.990002,61.389999,60.009998,60.700001,45.364601,16119000
2008-12-18,61.000000,62.169998,59.500000,60.310001,45.073139,17195600
2008-12-19,60.799999,61.980000,59.750000,60.180000,44.975983,23247400
2008-12-22,60.889999,60.889999,59.250000,60.459999,45.185234,11407100
2008-12-23,60.570000,61.000000,59.669998,59.830002,44.714401,10645200
2008-12-24,59.950001,60.700001,59.880001,60.389999,45.132923,4036600
2008-12-26,60.599998,61.000000,60.090000,60.529999,45.237556,4455600
2008-12-29,60.779999,60.779999,59.430000,60.200001,44.990932,8586300
2008-12-30,60.500000,61.470001,60.419998,61.119999,45.678490,10007100
2008-12-31,61.349998,62.200001,61.070000,61.820000,46.201645,10844800
2009-01-02,61.689999,62.970001,61.060001,62.799999,46.934067,11135700
2009-01-05,62.320000,62.439999,61.590000,62.349998,46.597744,14322800
2009-01-06,62.500000,62.950001,61.509998,62.169998,46.463215,13401600
2009-01-07,61.330002,61.660000,60.639999,61.080002,45.648605,12415600
2009-01-08,60.910000,61.250000,60.000000,60.410000,45.147869,11508100
2009-01-09,60.639999,60.799999,59.750000,59.860001,44.736832,10843200
2009-01-12,59.750000,60.419998,59.689999,59.939999,44.796608,11373200
2009-01-13,59.959999,60.290001,59.020000,59.470001,44.445347,15791900
2009-01-14,59.049999,59.180000,57.220001,57.860001,43.242100,16108100
2009-01-15,57.090000,57.480000,56.549999,57.459999,42.943161,18807200
2009-01-16,58.080002,58.250000,57.119999,57.730000,43.144958,18904200
2009-01-20,57.770000,58.450001,57.230000,57.430000,42.920746,17999300
2009-01-21,58.200001,58.200001,56.490002,57.570000,43.327145,18204700
2009-01-22,57.380001,57.560001,56.270000,56.959999,42.868069,19133700
2009-01-23,56.540001,56.610001,55.590000,56.000000,42.145565,21067500
2009-01-26,55.950001,56.919998,55.610001,56.369999,42.424030,17032100
2009-01-27,56.480000,57.389999,56.200001,56.700001,42.672375,11962900
2009-01-28,57.500000,58.380001,56.900002,58.180000,43.786240,17743200
2009-01-29,57.790001,59.000000,57.560001,58.220001,43.816341,14550300
2009-01-30,56.500000,56.840000,54.240002,54.500000,41.016670,35110700
2009-02-02,54.000000,54.380001,52.209999,53.049999,39.925407,19427200
2009-02-03,53.490002,54.090000,52.540001,53.910000,40.572632,14898500
2009-02-04,54.330002,54.450001,52.209999,52.520000,39.526524,14760300
2009-02-05,52.290001,53.599998,52.130001,53.320000,40.128586,17727500
2009-02-06,53.419998,54.459999,53.060001,54.000000,40.640350,15338000
2009-02-09,53.889999,53.980000,52.669998,52.939999,39.842613,13422200
2009-02-10,52.740002,53.459999,50.970001,51.450001,38.721230,22520700
2009-02-11,51.799999,51.910000,50.860001,51.160000,38.502983,16404400
2009-02-12,50.930000,51.400002,49.950001,51.279999,38.593296,18019300
2009-02-13,51.369999,51.680000,50.730000,51.090000,38.450302,11644800
2009-02-17,50.000000,50.939999,49.279999,50.110001,37.712749,20833900
2009-02-18,49.840000,51.169998,49.750000,50.950001,38.344940,16755100
2009-02-19,51.500000,52.049999,51.029999,51.130001,38.480415,13503700
2009-02-20,50.240002,51.360001,49.799999,50.250000,37.818119,19555100
2009-02-23,50.490002,50.490002,48.790001,48.900002,36.802116,15129900
2009-02-24,49.279999,50.180000,48.970001,49.770000,37.456871,14983500
2009-02-25,49.590000,50.480000,49.220001,49.919998,37.569756,17411600
2009-02-26,50.099998,50.200001,48.900002,48.970001,36.854794,13606800
2009-02-27,48.660000,49.110001,47.759998,48.169998,36.252716,20748000
2009-03-02,47.320000,47.930000,46.799999,46.869999,35.274342,19033100
2009-03-03,47.330002,47.880001,46.380001,46.630001,35.093712,19531800
2009-03-04,46.930000,48.000000,46.669998,47.310001,35.605476,15699900
2009-03-05,46.450001,46.810001,44.930000,45.400002,34.168011,19466600
2009-03-06,45.869999,46.590000,44.630001,45.709999,34.401314,19553000
2009-03-09,45.299999,45.599998,43.930000,44.180000,33.249851,16927300
2009-03-10,44.509998,45.189999,44.369999,45.169998,33.994923,20635700
2009-03-11,45.590000,45.740002,44.759998,45.070000,33.919651,13395900
2009-03-12,44.889999,45.900002,44.520000,45.779999,34.454002,13715200
2009-03-13,46.099998,47.080002,45.660000,46.950001,35.334553,13905600
2009-03-16,47.369999,48.410000,47.169998,47.820000,35.989311,15181900
2009-03-17,47.950001,48.139999,47.410000,47.980000,36.109715,11481500
2009-03-18,47.750000,48.750000,46.990002,48.020000,36.139824,16707400
2009-03-19,48.240002,48.419998,46.200001,46.310001,34.852879,16169800
2009-03-20,46.549999,46.939999,45.520000,45.590000,34.311012,25558100
2009-03-23,46.110001,47.799999,46.000000,47.740002,35.929108,16278000
2009-03-24,47.419998,48.209999,46.889999,47.070000,35.424839,12158800
2009-03-25,47.700001,48.599998,47.200001,48.060001,36.169918,15275900
2009-03-26,48.270000,48.820000,47.509998,48.759998,36.696747,16256400
2009-03-27,48.209999,49.029999,48.130001,48.570000,36.553745,10402200
2009-03-30,48.040001,48.099998,46.570000,47.279999,35.582890,12747900
2009-03-31,47.560001,47.830002,46.950001,47.090000,35.439896,13847500
2009-04-01,46.750000,48.480000,46.290001,48.209999,36.282822,17104300
2009-04-02,48.720001,50.290001,48.720001,49.419998,37.193462,18320500
2009-04-03,49.540001,49.750000,48.720001,49.630001,37.351517,14799800
2009-04-06,49.459999,49.970001,48.910000,49.650002,37.366547,10345400
2009-04-07,49.419998,49.419998,48.529999,48.680000,36.636536,9801300
2009-04-08,48.799999,49.000000,47.880001,48.470001,36.478493,9434300
2009-04-09,49.169998,49.290001,48.369999,49.189999,37.020367,14766300
2009-04-13,48.880001,49.029999,47.950001,48.040001,36.154873,12908700
2009-04-14,47.980000,48.029999,46.980000,47.250000,35.560322,15096100
2009-04-15,47.680000,48.860001,47.650002,48.750000,36.689213,14181600
2009-04-16,49.200001,50.740002,49.110001,50.430000,37.953587,16333200
2009-04-17,51.150002,51.959999,50.820000,51.660000,38.879284,21662400
2009-04-20,51.570000,51.970001,50.619999,50.730000,38.179367,15444400
2009-04-21,50.820000,51.669998,49.500000,51.369999,38.661026,12604100
2009-04-22,50.959999,50.959999,49.540001,49.599998,37.651424,13385400
2009-04-23,49.840000,49.840000,48.750000,49.320000,37.438881,11859200
2009-04-24,49.500000,49.889999,49.020000,49.509998,37.583111,11324200
2009-04-27,49.070000,50.410000,49.070000,49.970001,37.932289,9603900
2009-04-28,49.750000,50.180000,49.250000,49.689999,37.719746,9004800
2009-04-29,49.910000,50.970001,49.820000,50.419998,38.273899,11399200
2009-04-30,50.230000,50.230000,48.250000,49.439999,37.529972,24582200
2009-05-01,49.599998,49.750000,48.549999,49.500000,37.575504,11888500
2009-05-04,49.970001,51.029999,49.689999,50.990002,38.706581,12625200
2009-05-05,50.759998,50.990002,49.509998,49.790001,37.795650,12299300
2009-05-06,50.000000,50.860001,49.900002,50.840000,38.592712,14932300
2009-05-07,51.000000,52.189999,50.619999,51.340000,38.972263,13718200
2009-05-08,52.000000,52.189999,51.189999,51.570000,39.146866,13417100
2009-05-11,51.419998,51.549999,50.230000,50.369999,38.235935,13896700
2009-05-12,50.400002,51.349998,50.000000,50.939999,38.668629,13779000
2009-05-13,50.529999,51.209999,50.110001,50.959999,38.683804,11238900
2009-05-14,51.020000,51.639999,50.750000,50.799999,38.562351,11105800
2009-05-15,51.430000,51.430000,50.369999,50.669998,38.463665,14120300
2009-05-18,50.980000,52.610001,50.919998,52.520000,39.868008,14066100
2009-05-19,52.570000,53.509998,52.270000,52.950001,40.194405,15215200
2009-05-20,53.740002,54.770000,53.560001,54.020000,41.006657,15964200
2009-05-21,53.480000,53.480000,52.509998,53.020000,40.247547,11225900
2009-05-22,53.070000,53.740002,52.959999,53.029999,40.255138,6765000
2009-05-26,52.939999,54.099998,52.669998,53.779999,40.824463,10918600
2009-05-27,53.720001,53.779999,51.580002,51.779999,39.306263,14497600
2009-05-28,52.259998,52.669998,51.110001,52.590000,39.921143,16611400
2009-05-29,52.619999,52.680000,51.500000,51.939999,39.427727,15133700
2009-06-01,52.549999,53.650002,52.360001,53.360001,40.505653,12487300
2009-06-02,53.230000,54.130001,53.160000,53.709999,40.771336,11923400
2009-06-03,53.380001,53.840000,52.900002,53.810001,40.847240,12643500
2009-06-04,53.759998,53.860001,52.970001,53.349998,40.498051,9987000
2009-06-05,53.560001,53.950001,52.919998,53.180000,40.369011,10551000
2009-06-08,52.930000,53.580002,52.590000,53.139999,40.338642,10651800
2009-06-09,52.840000,52.900002,52.250000,52.410000,39.784496,11606000
2009-06-10,52.689999,52.930000,51.570000,52.080002,39.533993,13082500
2009-06-11,52.049999,52.740002,51.950001,52.009998,39.480862,10862400
2009-06-12,51.880001,52.770000,51.730000,52.549999,39.890774,10352700
2009-06-15,52.380001,52.380001,51.070000,51.330002,38.964672,12158000
2009-06-16,51.610001,51.610001,50.029999,50.099998,38.030975,15721900
2009-06-17,50.130001,50.750000,50.000000,50.009998,37.962669,12696700
2009-06-18,50.070000,51.360001,50.009998,51.169998,38.843220,12999600
2009-06-19,51.279999,51.470001,50.240002,50.639999,38.440884,19541900
2009-06-22,50.330002,50.869999,50.209999,50.560001,38.380161,12992200
2009-06-23,50.520000,50.820000,50.389999,50.549999,38.372578,10611800
2009-06-24,50.580002,50.980000,50.060001,50.549999,38.372578,12399000
2009-06-25,50.430000,52.029999,50.119999,51.680000,39.230362,13723300
2009-06-26,51.459999,52.029999,51.049999,51.750000,39.283493,25128800
2009-06-29,51.919998,52.400002,51.599998,52.230000,39.647865,8899900
2009-06-30,52.230000,52.230000,50.750000,51.099998,38.790073,14393700
2009-07-01,51.470001,52.529999,51.279999,52.000000,39.473274,14314300
2009-07-02,51.790001,51.830002,50.740002,51.110001,38.797676,15212000
2009-07-06,50.750000,52.419998,50.520000,52.169998,39.602318,16040900
2009-07-07,51.990002,52.439999,51.630001,51.910000,39.404949,13430500
2009-07-08,52.020000,52.810001,51.540001,52.639999,39.959095,16899500
2009-07-09,52.650002,52.750000,52.180000,52.410000,39.784496,11648100
2009-07-10,52.180000,52.500000,51.939999,52.220001,39.640263,9267400
2009-07-13,52.060001,53.139999,52.049999,52.980000,40.217182,12289100
2009-07-14,53.070000,53.770000,52.740002,53.540001,40.642284,12817300
2009-07-15,53.610001,54.730000,53.500000,54.650002,41.484886,15161300
2009-07-16,54.650002,55.439999,54.500000,55.209999,41.909981,12622000
2009-07-17,55.259998,55.919998,54.930000,55.919998,42.448944,13344900
2009-07-20,56.009998,56.029999,55.150002,55.560001,42.175682,10925100
2009-07-21,55.939999,56.180000,52.000000,55.490002,42.122547,11131800
2009-07-22,55.160000,55.360001,54.650002,54.869999,41.984802,10000100
2009-07-23,54.930000,55.560001,54.799999,55.160000,42.206707,15014200
2009-07-24,55.639999,55.900002,55.330002,55.840000,42.727013,8710300
2009-07-27,55.889999,55.980000,55.349998,55.779999,42.681095,6866800
2009-07-28,55.599998,55.959999,55.279999,55.709999,42.627552,8142400
2009-07-29,55.560001,56.369999,55.560001,56.119999,42.941265,9666300
2009-07-30,56.570000,57.000000,55.930000,56.230000,43.025433,11966500
2009-07-31,56.200001,56.750000,55.430000,55.509998,42.474510,12663900
2009-08-03,55.959999,56.000000,55.000000,55.610001,42.551033,11225600
2009-08-04,55.419998,55.919998,55.299999,55.459999,42.436245,10988300
2009-08-05,53.740002,54.169998,53.320000,53.910000,41.250244,21314600
2009-08-06,53.810001,53.910000,51.139999,51.459999,39.375584,29715100
2009-08-07,51.840000,52.820000,51.459999,52.029999,39.811729,16314800
2009-08-10,51.919998,52.279999,51.580002,52.169998,39.918842,11763800
2009-08-11,52.110001,52.279999,51.930000,51.930000,39.735214,9293400
2009-08-12,52.000000,52.490002,51.849998,52.080002,39.849983,10148400
2009-08-13,52.290001,52.340000,51.750000,52.299999,40.018326,10486500
2009-08-14,52.549999,52.810001,51.869999,52.369999,40.071884,12069600
2009-08-17,52.320000,52.590000,52.119999,52.209999,39.949451,11384000
2009-08-18,52.400002,52.660000,52.080002,52.450001,40.133095,8342800
2009-08-19,52.270000,53.040001,52.270000,52.799999,40.400898,12152600
2009-08-20,52.930000,53.139999,52.650002,53.020000,40.569248,8471400
2009-08-21,53.450001,53.770000,53.000000,53.580002,40.997738,13272800
2009-08-24,53.770000,53.919998,52.970001,53.340000,40.814098,11781900
2009-08-25,53.459999,53.990002,53.160000,53.400002,40.860001,12681600
2009-08-26,53.410000,53.799999,53.279999,53.360001,40.829395,9380600
2009-08-27,53.299999,53.400002,52.700001,53.060001,40.599850,10394900
2009-08-28,53.110001,53.389999,52.660000,53.189999,40.699329,8998800
2009-08-31,53.000000,54.119999,52.810001,54.110001,41.403278,15366900
2009-09-01,53.849998,54.040001,52.869999,53.020000,40.569248,14424400
2009-09-02,52.950001,53.220001,52.750000,52.799999,40.400898,8875200
2009-09-03,52.950001,53.020000,52.520000,52.869999,40.454468,9120800
2009-09-04,52.790001,53.000000,52.660000,52.860001,40.446815,7527700
2009-09-08,53.450001,54.200001,53.209999,54.200001,41.472145,15674300
2009-09-09,54.200001,54.299999,53.529999,53.759998,41.135468,11148100
2009-09-10,55.230000,56.320000,55.180000,56.040001,42.880047,26758300
2009-09-11,56.110001,56.400002,55.400002,55.639999,42.573982,12500400
2009-09-14,55.230000,55.490002,55.049999,55.299999,42.313820,11139000
2009-09-15,55.560001,55.630001,54.889999,55.029999,42.107231,11674300
2009-09-16,55.080002,55.450001,54.610001,55.310001,42.321476,12932200
2009-09-17,55.330002,56.110001,55.299999,55.529999,42.489811,10665300
2009-09-18,56.570000,57.509998,56.500000,57.320000,43.859463,25880200
2009-09-21,57.349998,57.459999,56.750000,57.099998,43.691139,11672200
2009-09-22,57.299999,57.509998,56.959999,57.240002,43.798260,11517000
2009-09-23,57.340000,58.049999,57.150002,57.250000,43.805908,14611400
2009-09-24,57.380001,57.970001,57.299999,57.840000,44.257359,13589500
2009-09-25,58.000000,58.500000,57.919998,58.009998,44.387432,13477500
2009-09-28,58.209999,58.660000,58.009998,58.160000,44.502216,9008100
2009-09-29,58.340000,58.369999,57.759998,57.910000,44.310913,7625300
2009-09-30,57.840000,58.139999,57.340000,57.919998,44.318562,14047300
2009-10-01,57.630001,57.630001,56.439999,56.619999,43.323845,15894300
2009-10-02,56.400002,56.910000,56.200001,56.750000,43.423325,13087600
2009-10-05,56.790001,56.939999,56.020000,56.680000,43.369762,10879600
2009-10-06,56.880001,57.240002,56.790001,57.029999,43.637573,12000200
2009-10-07,57.009998,57.080002,56.759998,56.950001,43.576359,7593900
2009-10-08,57.369999,57.849998,57.139999,57.650002,44.111977,12817100
2009-10-09,57.340000,57.630001,57.299999,57.560001,44.043102,6466800
2009-10-12,57.669998,58.369999,57.419998,57.500000,43.997196,7928200
2009-10-13,57.369999,57.369999,56.830002,57.259998,43.813568,11280500
2009-10-14,57.490002,57.490002,57.029999,57.310001,43.851810,8385300
2009-10-15,57.279999,57.430000,56.869999,57.240002,43.798260,11793900
2009-10-16,57.119999,57.689999,57.099998,57.439999,43.951286,12248700
2009-10-19,57.509998,58.020000,57.220001,57.790001,44.219093,7892600
2009-10-20,57.930000,58.849998,57.880001,58.130001,44.479252,11321300
2009-10-21,57.919998,58.240002,57.400002,57.490002,44.325050,11468700
2009-10-22,57.480000,58.320000,57.369999,58.130001,44.818493,10267200
2009-10-23,58.130001,58.130001,57.209999,57.639999,44.440708,10811700
2009-10-26,57.650002,57.860001,56.580002,56.900002,43.870163,10452900
2009-10-27,56.880001,57.419998,56.669998,57.180000,44.086033,10433200
2009-10-28,56.980000,57.919998,56.970001,57.230000,44.124592,15642700
2009-10-29,59.389999,59.980000,58.910000,59.540001,45.905617,26539900
2009-10-30,59.180000,59.540001,57.860001,58.000000,44.718266,21382000
2009-11-02,58.389999,58.990002,58.000000,58.950001,45.450722,14739500
2009-11-03,58.450001,58.919998,58.200001,58.580002,45.165451,12101200
2009-11-04,58.939999,59.660000,58.700001,59.029999,45.512402,13176000
2009-11-05,59.240002,60.639999,59.080002,60.470001,46.622643,16328800
2009-11-06,60.169998,61.380001,60.000000,61.040001,47.062130,16008900
2009-11-09,61.189999,61.900002,60.840000,61.849998,47.686642,14313000
2009-11-10,61.580002,62.360001,61.470001,61.860001,47.694336,15118900
2009-11-11,61.869999,62.279999,61.520000,62.230000,47.979610,9838800
2009-11-12,62.110001,62.119999,61.220001,61.299999,47.262581,14167900
2009-11-13,61.299999,61.849998,61.040001,61.610001,47.501602,11793200
2009-11-16,62.000000,62.680000,61.930000,62.270000,48.010460,12542100
2009-11-17,62.180000,62.680000,62.080002,62.310001,48.041302,11532100
2009-11-18,62.189999,62.450001,61.740002,62.410000,48.118401,11983300
2009-11-19,62.160000,62.290001,61.509998,62.150002,47.917942,9302600
2009-11-20,62.000000,62.220001,61.480000,61.799999,47.648083,12353500
2009-11-23,62.200001,62.959999,62.119999,62.730000,48.365116,10581500
2009-11-24,62.770000,62.950001,62.380001,62.799999,48.419090,9769700
2009-11-25,62.939999,63.480000,62.700001,62.869999,48.473068,8235200
2009-11-27,61.889999,62.750000,61.599998,62.480000,48.172356,6195500
2009-11-30,62.369999,63.000000,62.119999,62.349998,48.072132,12382400
2009-12-01,62.610001,63.349998,62.599998,62.910000,48.503899,9560600
2009-12-02,62.930000,63.389999,62.849998,63.189999,48.719776,9023800
2009-12-03,63.090000,63.360001,62.419998,62.560001,48.234043,9844300
2009-12-04,63.150002,63.299999,62.250000,62.599998,48.264885,11300000
2009-12-07,62.389999,62.730000,62.040001,62.470001,48.164646,8948000
2009-12-08,62.139999,62.299999,61.599998,61.869999,47.702049,11168700
2009-12-09,61.930000,62.410000,61.700001,62.240002,47.987316,9118300
2009-12-10,62.349998,62.849998,62.080002,62.240002,47.987316,10030400
2009-12-11,62.290001,62.849998,62.209999,62.340000,48.064426,8932500
2009-12-14,62.540001,63.080002,62.389999,63.009998,48.580994,9535800
2009-12-15,62.700001,62.820000,61.889999,62.119999,47.894798,11430900
2009-12-16,62.380001,62.669998,62.119999,62.160000,47.925644,9871800
2009-12-17,62.000000,62.119999,61.540001,61.590000,47.486172,10983600
2009-12-18,61.980000,62.000000,60.410000,61.549999,47.455334,22847800
2009-12-21,61.650002,61.849998,61.230000,61.299999,47.262581,9550100
2009-12-22,61.139999,61.500000,61.020000,61.299999,47.262581,7178900
2009-12-23,61.060001,61.349998,60.759998,61.310001,47.270287,5630600
2009-12-24,61.250000,61.480000,61.049999,61.279999,47.247147,3357000
2009-12-28,61.520000,61.650002,60.790001,61.250000,47.224026,6880600
2009-12-29,61.160000,61.880001,61.150002,61.580002,47.478462,7281400
2009-12-30,61.380001,61.889999,61.160000,61.369999,47.316544,5666200
2009-12-31,61.520000,61.529999,60.560001,60.630001,46.746010,5942200
2010-01-04,61.110001,61.310001,60.630001,61.119999,47.123791,9190800
2010-01-05,61.130001,61.279999,60.599998,61.139999,47.139217,8649400
2010-01-06,60.939999,60.959999,60.500000,60.849998,46.915627,9908400
2010-01-07,60.580002,60.700001,60.240002,60.520000,46.661194,8972800
2010-01-08,60.360001,60.529999,60.060001,60.439999,46.599506,8464600
2010-01-11,60.080002,60.270000,59.009998,60.200001,46.414478,14774600
2010-01-12,60.700001,61.360001,60.500000,60.889999,46.946468,13460700
2010-01-13,61.040001,61.790001,60.910000,61.520000,47.432205,16968100
2010-01-14,61.419998,61.740002,61.380001,61.580002,47.478462,9139500
2010-01-15,61.599998,61.860001,60.439999,60.820000,46.892498,15768300
2010-01-19,60.799999,61.830002,60.799999,61.720001,47.586411,11577700
2010-01-20,60.970001,61.040001,60.099998,60.450001,46.941875,11557800
2010-01-21,60.560001,60.930000,59.450001,59.840000,46.468185,14298400
2010-01-22,59.750000,60.689999,59.220001,60.310001,46.833160,17703200
2010-01-25,60.830002,60.980000,60.150002,60.630001,47.081654,11630800
2010-01-26,60.169998,60.950001,60.000000,60.689999,47.128250,13079000
2010-01-27,60.459999,60.980000,59.950001,60.810001,47.221428,15228400
2010-01-28,61.669998,63.310001,61.580002,61.680000,47.897011,26930000
2010-01-29,61.910000,62.240002,61.470001,61.549999,47.796066,17067100
2010-02-01,61.849998,62.240002,61.509998,61.990002,48.137741,12908100
2010-02-02,61.930000,63.040001,61.660000,62.900002,48.844395,17680700
2010-02-03,62.740002,62.860001,62.360001,62.650002,48.650265,11083500
2010-02-04,62.200001,62.340000,61.310001,61.400002,47.679588,14306600
2010-02-05,61.090000,61.439999,60.430000,61.299999,47.601940,14844400
2010-02-08,61.060001,61.509998,60.810001,61.009998,47.376732,11431800
2010-02-09,61.380001,62.000000,61.009998,61.759998,47.959141,11427100
2010-02-10,61.740002,61.849998,61.220001,61.669998,47.889252,9854600
2010-02-11,61.419998,62.160000,61.270000,61.959999,48.114449,10383400
2010-02-12,61.759998,62.130001,61.290001,61.759998,47.959141,16188300
2010-02-16,62.599998,62.869999,62.349998,62.830002,48.790035,13273100
2010-02-17,62.799999,62.970001,62.509998,62.849998,48.805565,14384400
2010-02-18,62.730000,63.500000,62.349998,63.389999,49.224903,17709000
2010-02-19,63.270000,63.740002,63.020000,63.450001,49.271492,10897800
2010-02-22,63.689999,63.880001,63.299999,63.419998,49.248207,9675300
2010-02-23,63.230000,63.820000,62.919998,63.209999,49.085121,11948500
2010-02-24,63.220001,63.959999,63.130001,63.889999,49.613159,12808800
2010-02-25,63.230000,63.860001,63.009998,63.700001,49.465633,10085600
2010-02-26,63.750000,63.880001,63.139999,63.279999,49.139488,10640900
2010-03-01,63.459999,63.799999,63.150002,63.509998,49.318085,7748600
2010-03-02,63.720001,63.869999,63.340000,63.709999,49.473389,8004000
2010-03-03,63.660000,63.900002,63.430000,63.549999,49.349148,8608300
2010-03-04,63.650002,64.150002,63.410000,63.669998,49.442333,8600300
2010-03-05,63.689999,63.779999,63.049999,63.689999,49.457863,10101100
2010-03-08,63.549999,63.669998,63.029999,63.189999,49.069599,11293300
2010-03-09,63.080002,63.500000,63.049999,63.299999,49.155014,7100900
2010-03-10,63.230000,63.290001,62.860001,63.009998,48.929817,9813200
2010-03-11,62.759998,63.180000,62.509998,63.169998,49.054073,10047900
2010-03-12,63.330002,63.549999,63.060001,63.320000,49.170540,8099000
2010-03-15,63.189999,63.700001,63.189999,63.700001,49.465633,7674900
2010-03-16,63.720001,63.900002,63.419998,63.529999,49.333614,8939300
2010-03-17,63.779999,64.029999,63.369999,64.010002,49.706360,10135400
2010-03-18,63.900002,64.129997,63.650002,63.730000,49.488934,8867400
2010-03-19,63.840000,64.000000,63.520000,63.840000,49.574341,17458100
2010-03-22,63.520000,64.099998,63.520000,63.880001,49.605404,9648000
2010-03-23,63.930000,64.580002,63.660000,64.529999,50.110157,11807900
2010-03-24,64.330002,64.400002,63.480000,63.610001,49.395737,11732100
2010-03-25,63.939999,64.120003,63.580002,63.619999,49.403503,8203200
2010-03-26,63.680000,63.930000,63.400002,63.689999,49.457863,10630300
2010-03-29,63.730000,64.040001,63.590000,63.730000,49.488934,8176700
2010-03-30,63.730000,63.970001,63.509998,63.660000,49.434574,6113600
2010-03-31,63.529999,63.669998,63.180000,63.270000,49.131729,8193800
2010-04-01,63.470001,63.700001,63.200001,63.360001,49.201618,10554900
2010-04-05,63.389999,63.889999,63.299999,63.759998,49.512222,8579800
2010-04-06,63.580002,63.590000,63.009998,63.110001,49.007477,11052300
2010-04-07,62.910000,63.000000,62.209999,62.500000,48.533783,14043500
2010-04-08,62.450001,62.849998,62.119999,62.560001,48.580383,8458800
2010-04-09,62.570000,63.000000,62.509998,62.730000,48.712383,9146700
2010-04-12,62.450001,62.980000,62.410000,62.700001,48.689091,9164400
2010-04-13,62.599998,63.340000,62.580002,63.000000,48.922054,11229400
2010-04-14,62.919998,63.230000,62.709999,63.189999,49.069599,7685600
2010-04-15,63.029999,63.139999,62.720001,63.000000,48.922054,11314800
2010-04-16,62.799999,63.490002,62.630001,62.849998,48.805565,12568700
2010-04-19,62.820000,63.250000,62.700001,63.220001,49.092892,9548900
2010-04-20,63.470001,63.490002,63.029999,63.189999,49.069599,11230400
2010-04-21,63.209999,63.660000,63.119999,63.630001,49.411278,9858500
2010-04-22,63.509998,63.740002,63.230000,63.590000,49.380215,8372900
2010-04-23,63.480000,63.639999,63.200001,63.540001,49.341385,8452600
2010-04-26,63.450001,64.000000,63.400002,63.939999,49.651997,9262400
2010-04-27,63.240002,63.900002,63.040001,63.110001,49.007477,12849900
2010-04-28,62.650002,63.459999,62.410000,63.169998,49.431595,13090000
2010-04-29,62.279999,62.970001,60.830002,62.200001,48.672550,27302400
2010-04-30,62.529999,63.000000,62.110001,62.160000,48.641258,15768900
2010-05-03,62.419998,62.840000,61.840000,62.680000,49.048164,9756600
2010-05-04,62.299999,62.529999,61.560001,61.709999,48.289124,11402600
2010-05-05,61.619999,62.570000,61.500000,62.160000,48.641258,11611000
2010-05-06,61.910000,62.669998,39.369999,60.750000,47.537903,28560400
2010-05-07,60.610001,61.200001,60.000000,60.310001,47.193607,23976600
2010-05-10,61.570000,62.700001,61.160000,62.419998,48.844707,16011300
2010-05-11,62.040001,62.970001,61.980000,62.369999,48.805580,12397400
2010-05-12,62.110001,63.130001,62.099998,63.020000,49.314217,11004800
2010-05-13,62.910000,63.419998,62.730000,62.750000,49.102932,11157600
2010-05-14,62.759998,63.200001,62.150002,62.540001,48.938614,14651600
2010-05-17,63.009998,63.480000,62.660000,63.380001,49.595921,14659000
2010-05-18,63.400002,63.950001,63.130001,63.209999,49.462902,15873100
2010-05-19,63.099998,63.599998,62.810001,63.220001,49.470722,15928300
2010-05-20,62.470001,62.540001,61.580002,61.610001,48.210869,23365800
2010-05-21,60.400002,61.880001,60.369999,61.849998,48.398670,23162500
2010-05-24,61.430000,61.980000,61.000000,61.400002,48.046543,12718900
2010-05-25,60.150002,61.119999,60.049999,61.049999,47.772663,18250900
2010-05-26,60.869999,61.209999,60.330002,60.439999,47.295319,17432200
2010-05-27,60.880001,61.169998,60.610001,60.950001,47.694405,14963400
2010-05-28,60.950001,61.680000,60.849998,61.090000,47.803967,13952100
2010-06-01,60.889999,61.740002,60.520000,61.160000,47.858742,15341700
2010-06-02,61.160000,61.830002,61.040001,61.740002,48.312595,12985200
2010-06-03,61.970001,62.139999,61.700001,61.799999,48.359543,10739800
2010-06-04,61.119999,61.119999,60.570000,60.799999,47.577030,17909700
2010-06-07,60.720001,61.070000,60.590000,60.619999,47.436172,13182300
2010-06-08,60.680000,62.240002,60.490002,62.139999,48.625603,15336800
2010-06-09,62.450001,62.599998,61.270000,61.470001,48.101318,14211600
2010-06-10,61.970001,62.290001,61.669998,61.910000,48.445618,14756000
2010-06-11,61.349998,61.400002,60.380001,61.009998,47.741360,19772400
2010-06-14,61.389999,61.720001,61.209999,61.250000,47.929153,10972800
2010-06-15,61.610001,61.930000,61.340000,61.910000,48.445618,11944100
2010-06-16,61.520000,61.740002,60.830002,61.189999,47.882210,14628800
2010-06-17,61.180000,61.820000,60.830002,61.759998,48.328247,12060100
2010-06-18,61.799999,61.939999,61.200001,61.299999,47.968300,17518700
2010-06-21,61.720001,61.790001,60.779999,61.099998,47.811787,9688200
2010-06-22,61.060001,61.650002,60.689999,60.720001,47.514435,13228700
2010-06-23,60.889999,61.570000,60.709999,61.380001,48.030880,13424400
2010-06-24,61.070000,61.380001,60.750000,60.869999,47.631805,12932700
2010-06-25,60.889999,60.990002,59.790001,59.790001,46.786682,44195600
2010-06-28,60.000000,60.939999,59.570000,60.619999,47.436172,14115500
2010-06-29,60.330002,60.540001,59.750000,60.320000,47.201412,17814300
2010-06-30,60.130001,60.540001,59.709999,59.980000,46.935371,17273600
2010-07-01,59.840000,60.290001,59.360001,59.540001,46.591057,19338700
2010-07-02,59.630001,59.889999,59.209999,59.380001,46.465855,12101900
2010-07-06,59.880001,59.930000,58.919998,59.340000,46.434555,13959000
2010-07-07,59.500000,60.910000,59.130001,60.820000,47.592678,15470000
2010-07-08,60.840000,61.970001,60.779999,61.950001,48.476921,14770600
2010-07-09,61.939999,61.939999,61.360001,61.750000,48.320412,9626800
2010-07-12,61.540001,62.160000,61.340000,62.090000,48.586464,8324500
2010-07-13,62.299999,62.849998,62.169998,62.389999,48.821239,10497300
2010-07-14,62.209999,62.790001,62.000000,62.660000,49.032513,13797100
2010-07-15,62.619999,62.889999,62.349998,62.730000,49.087288,10267200
2010-07-16,62.450001,62.669998,61.630001,61.990002,48.508221,14142400
2010-07-19,61.990002,62.290001,61.709999,61.860001,48.406498,9643600
2010-07-20,61.630001,62.119999,61.209999,62.070000,48.570827,10930100
2010-07-21,61.720001,61.820000,60.860001,61.110001,48.193855,14913600
2010-07-22,61.060001,61.919998,61.009998,61.369999,48.398907,13007300
2010-07-23,61.400002,61.959999,61.209999,61.910000,48.824768,8461600
2010-07-26,61.660000,62.580002,61.660000,62.520000,49.305836,7807300
2010-07-27,62.720001,63.360001,62.349998,63.080002,49.747478,12532500
2010-07-28,62.880001,63.130001,62.560001,62.700001,49.447788,7844500
2010-07-29,62.200001,62.380001,61.220001,61.669998,48.635498,15776400
2010-07-30,61.160000,61.529999,60.820000,61.160000,48.233284,11931700
2010-08-02,61.950001,62.090000,61.509998,62.060001,48.943069,11167800
2010-08-03,59.860001,60.200001,59.549999,59.939999,47.271137,24449800
2010-08-04,60.070000,60.570000,59.549999,59.549999,46.963581,19654100
2010-08-05,59.549999,60.200001,59.400002,59.860001,47.208057,12620400
2010-08-06,59.500000,60.040001,59.169998,60.020000,47.334240,12649700
2010-08-09,60.389999,60.830002,59.860001,60.380001,47.618156,11104800
2010-08-10,60.099998,61.340000,60.080002,60.779999,47.933601,13450200
2010-08-11,60.180000,60.639999,60.000000,60.270000,47.531387,12946800
2010-08-12,59.990002,60.480000,59.380001,59.990002,47.310570,11580500
2010-08-13,59.740002,60.599998,59.689999,59.820000,47.176517,8805300
2010-08-16,59.630001,60.200001,59.320000,59.770000,47.137096,13138100
2010-08-17,60.310001,60.919998,59.930000,60.290001,47.547169,10878200
2010-08-18,60.160000,61.060001,60.040001,60.750000,47.909943,10739300
2010-08-19,60.549999,60.630001,59.849998,60.189999,47.468304,9822700
2010-08-20,59.939999,60.169998,59.669998,59.980000,47.302696,12107000
2010-08-23,60.009998,60.389999,59.860001,60.029999,47.342121,8468500
2010-08-24,59.700001,60.020000,59.580002,59.660000,47.050320,13728400
2010-08-25,59.790001,59.900002,59.400002,59.669998,47.058205,10394900
2010-08-26,59.910000,59.910000,59.400002,59.540001,46.955688,10264400
2010-08-27,59.709999,59.919998,59.250000,59.799999,47.160736,10317400
2010-08-30,59.709999,59.910000,59.340000,59.369999,46.821613,7462000
2010-08-31,59.310001,59.750000,59.250000,59.669998,47.058205,12590100
2010-09-01,59.900002,60.049999,59.529999,59.799999,47.160736,14748800
2010-09-02,59.740002,60.299999,59.709999,60.070000,47.373672,10257800
2010-09-03,60.259998,60.500000,59.830002,60.290001,47.547169,8970100
2010-09-07,60.009998,60.450001,59.919998,60.139999,47.428879,7420600
2010-09-08,60.150002,60.500000,60.150002,60.369999,47.610256,7719500
2010-09-09,60.669998,60.689999,60.209999,60.290001,47.547169,7937500
2010-09-10,60.509998,60.630001,60.279999,60.400002,47.633930,7379100
2010-09-13,60.650002,60.740002,60.220001,60.480000,47.697021,9808100
2010-09-14,60.389999,60.939999,60.320000,60.639999,47.823193,11011300
2010-09-15,60.560001,61.410000,60.529999,61.110001,48.193855,9189700
2010-09-16,60.869999,61.110001,60.660000,61.110001,48.193855,7647900
2010-09-17,61.310001,61.470001,60.810001,60.970001,48.083439,17798000
2010-09-20,61.009998,61.590000,60.910000,61.430000,48.446232,9053600
2010-09-21,61.450001,61.860001,61.230000,61.520000,48.517208,11303600
2010-09-22,61.529999,62.000000,61.419998,61.790001,48.730141,9646300
2010-09-23,61.419998,61.580002,61.150002,61.220001,48.280605,10107400
2010-09-24,61.500000,61.810001,61.360001,61.639999,48.611839,10602800
2010-09-27,61.450001,61.700001,61.020000,61.040001,48.138649,10284100
2010-09-28,61.009998,61.130001,60.349998,60.619999,47.807407,11367300
2010-09-29,60.459999,60.619999,60.029999,60.250000,47.515629,9709400
2010-09-30,60.320000,60.650002,59.840000,59.970001,47.294815,13101700
2010-10-01,60.090000,60.369999,59.950001,60.160000,47.444649,10253300
2010-10-04,60.009998,60.349998,59.680000,59.959999,47.286915,11620700
2010-10-05,60.259998,60.910000,59.990002,60.820000,47.965149,11412700
2010-10-06,60.750000,60.990002,60.299999,60.869999,48.004581,7229800
2010-10-07,60.990002,61.139999,60.750000,60.799999,47.949375,23255800
2010-10-08,61.000000,62.000000,60.900002,61.860001,48.785336,30692500
2010-10-11,61.919998,62.209999,61.860001,62.139999,49.006165,7425200
2010-10-12,62.009998,62.180000,61.560001,62.020000,48.911522,24975000
2010-10-13,62.230000,62.930000,62.080002,62.630001,49.392586,9906000
2010-10-14,62.669998,62.840000,62.520000,62.799999,49.526661,8771400
2010-10-15,62.970001,63.000000,62.549999,62.759998,49.495110,9943500
2010-10-18,62.880001,63.520000,62.639999,63.349998,49.960415,11449200
2010-10-19,62.980000,63.560001,62.900002,63.180000,49.826351,12109100
2010-10-20,62.880001,63.619999,62.770000,63.369999,50.360382,10344900
2010-10-21,63.590000,63.980000,62.599998,63.509998,50.471642,9612900
2010-10-22,63.529999,63.700001,63.130001,63.400002,50.384212,5933400
2010-10-25,63.730000,63.810001,63.480000,63.540001,50.495487,8928400
2010-10-26,63.119999,63.439999,62.520000,62.860001,49.955070,12935900
2010-10-27,63.330002,63.349998,62.730000,63.080002,50.129910,13348100
2010-10-28,63.130001,63.560001,63.060001,63.189999,50.217327,9231200
2010-10-29,63.230000,63.849998,63.189999,63.570000,50.519321,11368300
2010-11-01,63.880001,64.139999,63.400002,63.619999,50.559059,11926700
2010-11-02,63.869999,64.279999,63.849998,64.019997,50.876934,8129000
2010-11-03,64.000000,64.360001,63.830002,64.309998,51.107410,8621300
2010-11-04,64.529999,65.000000,64.389999,65.000000,51.655746,11807500
2010-11-05,64.910004,65.000000,64.620003,65.000000,51.655746,9747000
2010-11-08,64.870003,64.919998,64.570000,64.750000,51.457077,7203100
2010-11-09,64.779999,64.940002,64.610001,64.809998,51.504757,8461200
2010-11-10,64.669998,64.800003,64.360001,64.570000,51.314026,8151400
2010-11-11,64.320000,64.580002,64.059998,64.360001,51.147141,7003900
2010-11-12,64.260002,64.519997,64.019997,64.330002,51.123295,9280400
2010-11-15,64.550003,64.910004,64.139999,64.290001,51.091511,10861200
2010-11-16,64.360001,64.370003,63.099998,63.450001,50.423965,14384500
2010-11-17,63.389999,63.500000,63.139999,63.270000,50.280914,7938500
2010-11-18,63.590000,64.269997,63.509998,64.019997,50.876934,11296700
2010-11-19,64.230003,64.239998,63.610001,64.050003,50.900772,9495800
2010-11-22,63.580002,63.790001,63.029999,63.560001,50.511379,9139700
2010-11-23,63.070000,63.130001,62.320000,62.610001,49.756413,10488100
2010-11-24,62.959999,62.970001,62.400002,62.599998,49.748455,8766300
2010-11-26,62.279999,62.500000,62.029999,62.130001,49.374958,3916500
2010-11-29,62.049999,62.240002,61.669998,62.130001,49.374958,8433700
2010-11-30,61.509998,61.660000,61.020000,61.070000,48.532558,17675200
2010-12-01,61.570000,62.340000,61.500000,62.150002,49.390846,11598600
2010-12-02,62.150002,62.490002,61.959999,62.360001,49.557720,7866500
2010-12-03,62.450001,62.500000,61.970001,62.330002,49.533894,8971900
2010-12-06,62.250000,62.330002,62.049999,62.060001,49.319328,5849500
2010-12-07,62.189999,62.630001,62.009998,62.150002,49.390846,9882400
2010-12-08,62.279999,62.680000,62.279999,62.630001,49.772301,8344500
2010-12-09,62.660000,62.970001,62.529999,62.869999,49.963024,8541200
2010-12-10,63.299999,63.790001,63.060001,63.200001,50.225285,11510100
2010-12-13,63.310001,63.520000,63.150002,63.189999,50.217327,8783600
2010-12-14,63.330002,63.700001,63.200001,63.549999,50.503433,8626100
2010-12-15,63.610001,63.910000,63.560001,63.639999,50.574947,11074500
2010-12-16,63.860001,64.750000,63.150002,64.500000,51.258400,14337400
2010-12-17,64.540001,65.040001,64.290001,64.809998,51.504757,23534700
2010-12-20,64.860001,65.309998,64.669998,64.970001,51.631897,10616100
2010-12-21,65.220001,65.379997,64.639999,64.870003,51.552444,8193900
2010-12-22,64.279999,64.970001,64.269997,64.949997,51.616016,7083400
2010-12-23,64.760002,65.290001,64.760002,65.239998,51.846485,5950800
2010-12-27,65.040001,65.110001,64.370003,64.669998,51.393494,7195800
2010-12-28,64.800003,64.830002,64.400002,64.760002,51.465023,4648400
2010-12-29,64.720001,64.800003,64.349998,64.400002,51.178928,4916400
2010-12-30,64.480003,64.489998,64.059998,64.279999,51.083557,3819900
2010-12-31,64.080002,64.449997,64.010002,64.330002,51.123295,5245600
2011-01-03,64.389999,64.889999,64.000000,64.769997,51.472961,10004000
2011-01-04,64.410004,64.959999,64.349998,64.949997,51.616016,11333200
2011-01-05,64.669998,65.089996,64.639999,64.800003,51.496811,7459600
2011-01-06,64.690002,64.779999,64.309998,64.690002,51.409386,11585100
2011-01-07,64.629997,64.870003,64.169998,64.500000,51.258400,11940000
2011-01-10,64.400002,64.529999,64.150002,64.360001,51.147141,12253700
2011-01-11,64.500000,64.599998,63.740002,64.040001,50.892834,9624200
2011-01-12,64.410004,65.000000,63.400002,64.970001,51.631897,10150600
2011-01-13,64.919998,65.500000,64.910004,65.480003,52.037205,9899100
2011-01-14,65.349998,65.660004,65.269997,65.529999,52.076942,10947000
2011-01-18,65.650002,65.940002,65.440002,65.500000,52.053101,12395900
2011-01-19,65.110001,65.669998,65.050003,65.349998,52.318893,11763500
2011-01-20,65.440002,65.900002,65.349998,65.800003,52.679161,12492800
2011-01-21,65.900002,65.949997,65.519997,65.910004,52.767231,9554100
2011-01-24,65.900002,66.699997,65.790001,66.580002,53.303627,10568200
2011-01-25,66.570000,66.949997,66.470001,66.699997,53.399708,11064100
2011-01-26,66.889999,66.919998,66.070000,66.110001,52.927357,9499500
2011-01-27,64.360001,64.500000,63.139999,64.180000,51.382206,23967100
2011-01-28,63.900002,64.339996,63.840000,64.199997,51.398209,14927400
2011-01-31,64.349998,64.360001,63.009998,63.130001,50.541573,12568400
2011-02-01,63.430000,63.610001,62.720001,62.919998,50.373447,14623900
2011-02-02,62.759998,62.950001,62.299999,62.790001,50.269382,11626100
2011-02-03,62.660000,63.130001,62.650002,62.900002,50.357441,8546700
2011-02-04,62.830002,63.709999,62.770000,63.610001,50.925861,9827300
2011-02-07,63.950001,64.800003,63.799999,64.550003,51.678417,12847100
2011-02-08,64.389999,64.750000,64.300003,64.639999,51.750477,8193700
2011-02-09,64.639999,64.879997,64.080002,64.389999,51.550331,11019900
2011-02-10,64.629997,64.790001,64.080002,64.580002,51.702446,10977000
2011-02-11,64.080002,64.970001,64.080002,64.730003,51.822529,8951600
2011-02-14,64.809998,64.870003,64.349998,64.540001,51.670414,7093800
2011-02-15,64.699997,64.699997,63.669998,63.919998,51.174042,11785000
2011-02-16,64.099998,64.110001,63.700001,63.759998,51.045956,9851200
2011-02-17,63.580002,64.209999,63.450001,64.000000,51.238094,7364600
2011-02-18,64.139999,64.379997,63.930000,64.300003,51.478268,9093700
2011-02-22,63.730000,64.370003,63.619999,64.070000,51.294144,9437500
2011-02-23,64.010002,64.400002,63.900002,64.150002,51.358185,11711100
2011-02-24,64.320000,64.389999,62.830002,63.049999,50.477524,15218000
2011-02-25,62.959999,63.110001,62.529999,62.840000,50.309399,11370400
2011-02-28,62.799999,63.240002,62.619999,63.049999,50.477524,11558200
2011-03-01,63.430000,63.650002,62.650002,62.740002,50.229343,12134200
2011-03-02,62.599998,62.840000,62.320000,62.410000,49.965141,10020700
2011-03-03,62.700001,62.950001,62.110001,62.549999,50.077232,14193800
2011-03-04,62.509998,62.730000,61.560001,62.029999,49.660927,11875900
2011-03-07,62.000000,62.130001,61.470001,61.709999,49.404732,11300700
2011-03-08,61.750000,62.250000,61.730000,62.049999,49.676933,10944000
2011-03-09,62.090000,62.299999,61.750000,62.000000,49.636902,8781500
2011-03-10,61.720001,61.919998,61.209999,61.490002,49.228607,12106800
2011-03-11,61.200001,61.700001,61.119999,61.490002,49.228607,9586700
2011-03-14,61.040001,61.389999,60.790001,61.349998,49.116516,9135600
2011-03-15,60.619999,60.860001,60.310001,60.660000,48.564110,13092400
2011-03-16,60.480000,60.509998,59.700001,59.730000,47.819557,16378600
2011-03-17,60.700001,60.700001,60.000000,60.430000,48.379967,10646900
2011-03-18,60.919998,61.070000,60.119999,60.599998,48.516068,17016800
2011-03-21,60.959999,61.520000,60.799999,61.299999,49.076488,9602500
2011-03-22,61.049999,61.419998,60.880001,60.930000,48.780262,7772900
2011-03-23,60.840000,61.090000,60.540001,60.910000,48.764259,7998200
2011-03-24,61.230000,61.279999,60.750000,61.139999,48.948387,8197900
2011-03-25,61.180000,61.380001,60.709999,60.880001,48.740238,7757900
2011-03-28,61.080002,61.340000,60.610001,60.660000,48.564110,8381500
2011-03-29,60.610001,61.419998,60.610001,61.279999,49.060474,7684300
2011-03-30,61.459999,61.970001,61.380001,61.970001,49.612888,7552100
2011-03-31,61.759998,62.000000,61.590000,61.599998,49.316666,11569500
2011-04-01,61.880001,62.299999,61.740002,62.080002,49.700943,8243700
2011-04-04,62.169998,62.330002,61.930000,62.259998,49.845070,6438000
2011-04-05,62.020000,62.259998,61.599998,61.669998,49.372707,9105800
2011-04-06,61.880001,61.939999,61.540001,61.759998,49.444756,8249600
2011-04-07,61.619999,62.150002,61.470001,62.130001,49.740990,7692800
2011-04-08,62.200001,62.230000,61.630001,61.900002,49.556843,7271400
2011-04-11,62.020000,62.500000,61.900002,62.189999,49.789017,7649500
2011-04-12,62.029999,62.990002,62.000000,62.889999,50.349430,11415700
2011-04-13,62.840000,63.070000,62.720001,62.990002,50.429497,10414900
2011-04-14,62.759998,63.490002,62.759998,63.299999,50.677677,10027100
2011-04-15,63.459999,64.209999,63.090000,64.180000,51.382206,12378300
2011-04-18,63.669998,64.150002,63.560001,64.000000,51.238094,11323800
2011-04-19,64.220001,64.320000,63.560001,63.860001,51.126011,9284200
2011-04-20,64.260002,64.339996,63.560001,63.720001,51.013927,8844700
2011-04-21,63.610001,63.750000,63.000000,63.270000,50.653664,10600800
2011-04-25,63.080002,63.389999,62.599998,63.369999,50.733715,7369600
2011-04-26,63.450001,64.000000,63.279999,63.830002,51.101997,9500000
2011-04-27,63.639999,64.160004,63.560001,64.019997,51.679165,9896600
2011-04-28,63.240002,64.589996,62.930000,64.500000,52.066639,13366000
2011-04-29,64.580002,65.099998,64.410004,64.900002,52.389534,13357700
2011-05-02,65.239998,65.449997,65.000000,65.180000,52.615559,8909000
2011-05-03,65.260002,65.790001,65.160004,65.709999,53.043400,9924100
2011-05-04,65.699997,66.500000,65.580002,66.470001,53.656883,14236900
2011-05-05,66.080002,66.389999,65.629997,65.879997,53.180614,10812500
2011-05-06,66.209999,66.339996,65.040001,65.269997,52.688213,11125800
2011-05-09,64.930000,65.389999,64.860001,65.139999,52.583263,8698800
2011-05-10,65.290001,65.889999,65.250000,65.730003,53.059544,8076200
2011-05-11,65.790001,66.120003,65.650002,65.919998,53.212906,9176300
2011-05-12,66.029999,66.989998,65.820000,66.839996,53.955559,11100000
2011-05-13,66.669998,67.309998,66.550003,66.860001,53.971710,12601200
2011-05-16,66.660004,67.300003,66.510002,66.940002,54.036301,9880600
2011-05-17,66.639999,67.720001,66.639999,67.419998,54.423767,12185600
2011-05-18,67.400002,67.500000,66.970001,67.379997,54.391468,8870300
2011-05-19,67.290001,67.459999,66.900002,67.459999,54.456055,7425400
2011-05-20,67.419998,67.599998,67.180000,67.360001,54.375328,9361500
2011-05-23,66.879997,67.230003,66.709999,67.050003,54.125092,9406300
2011-05-24,66.980003,67.250000,66.800003,67.010002,54.092793,7105200
2011-05-25,66.599998,66.830002,65.900002,66.379997,53.584248,11639200
2011-05-26,66.190002,66.300003,65.760002,66.190002,53.430878,8946700
2011-05-27,66.040001,66.720001,66.010002,66.199997,53.438942,7973400
2011-05-31,66.330002,67.000000,66.330002,67.000000,54.084724,10603900
2011-06-01,66.959999,66.989998,66.339996,66.400002,53.600380,9579500
2011-06-02,66.459999,66.500000,65.660004,66.010002,53.285568,8540400
2011-06-03,65.559998,65.820000,65.250000,65.430000,52.817360,8579100
2011-06-06,65.360001,65.639999,65.209999,65.500000,52.873878,7668800
2011-06-07,65.459999,65.540001,65.010002,65.059998,52.518684,8892500
2011-06-08,65.040001,65.050003,64.690002,64.849998,52.349174,11292100
2011-06-09,65.029999,65.449997,64.860001,65.010002,52.478336,10219500
2011-06-10,64.919998,65.050003,64.650002,64.699997,52.228081,10509000
2011-06-13,64.650002,65.180000,64.510002,64.769997,52.284595,8873100
2011-06-14,65.029999,65.220001,64.660004,64.760002,52.276516,7240100
2011-06-15,64.510002,64.519997,63.330002,63.759998,51.469280,11790300
2011-06-16,63.869999,64.330002,63.500000,64.260002,51.872906,8894300
2011-06-17,64.650002,65.120003,64.529999,64.690002,52.220005,10057200
2011-06-20,64.510002,65.290001,64.510002,65.089996,52.542904,5911700
2011-06-21,65.239998,65.239998,64.160004,64.220001,51.840614,11024200
2011-06-22,64.080002,64.430000,63.869999,64.059998,51.711456,9107100
2011-06-23,63.730000,63.730000,62.799999,63.459999,51.227123,11693900
2011-06-24,63.450001,63.500000,62.439999,62.590000,50.524830,15278300
2011-06-27,62.759998,63.250000,62.630001,62.820000,50.710484,6705500
2011-06-28,63.110001,63.340000,62.529999,62.720001,50.629765,8551500
2011-06-29,62.869999,62.900002,62.360001,62.549999,50.492535,11386200
2011-06-30,62.730000,63.650002,62.580002,63.570000,51.315918,11807400
2011-07-01,63.470001,64.440002,63.340000,64.269997,51.880981,9700500
2011-07-05,64.099998,64.500000,63.950001,64.260002,51.872906,9224100
2011-07-06,64.529999,64.940002,64.339996,64.699997,52.228081,9334700
2011-07-07,64.980003,65.139999,64.720001,64.949997,52.429893,8973600
2011-07-08,65.040001,65.110001,64.529999,64.930000,52.413757,9227800
2011-07-11,64.290001,64.739998,64.260002,64.720001,52.244232,9206700
2011-07-12,64.480003,65.059998,64.389999,64.529999,52.090855,11583700
2011-07-13,64.839996,65.019997,64.489998,64.639999,52.179657,9154200
2011-07-14,64.550003,64.800003,64.360001,64.599998,52.147358,13269400
2011-07-15,64.680000,64.849998,64.330002,64.830002,52.333027,20588800
2011-07-18,64.690002,64.790001,64.279999,64.550003,52.107002,13343700
2011-07-19,64.599998,64.790001,64.320000,64.610001,52.155437,8393800
2011-07-20,64.260002,64.440002,64.040001,64.199997,52.249023,13089600
2011-07-21,64.349998,64.849998,64.239998,64.489998,52.485039,8564400
2011-07-22,64.459999,64.739998,64.139999,64.250000,52.289719,6047200
2011-07-25,63.959999,63.980000,63.220001,63.310001,51.524704,8801200
2011-07-26,63.470001,63.700001,63.080002,63.090000,51.345654,8715200
2011-07-27,63.029999,63.119999,62.150002,62.200001,50.621334,11165200
2011-07-28,62.160000,62.430000,61.849998,61.919998,50.393444,7535600
2011-07-29,61.680000,62.180000,61.490002,61.490002,50.043503,10380300
2011-08-01,62.160000,62.310001,61.000000,61.430000,49.994671,10103800
2011-08-02,61.130001,61.349998,60.750000,60.869999,49.538910,9609000
2011-08-03,60.759998,60.990002,60.490002,60.730000,49.424980,13107900
2011-08-04,60.369999,61.000000,59.500000,59.580002,48.489044,17790100
2011-08-05,61.060001,61.400002,59.320000,60.590000,49.311028,23699300
2011-08-08,60.119999,61.349998,59.240002,59.290001,48.253044,30994600
2011-08-09,60.520000,60.900002,57.560001,60.220001,49.009907,31875700
2011-08-10,59.970001,60.090000,58.310001,58.509998,47.618225,23417700
2011-08-11,58.720001,61.090000,58.610001,60.450001,49.197094,18713900
2011-08-12,60.779999,61.720001,60.590000,61.139999,49.758659,13520700
2011-08-15,61.869999,61.959999,61.060001,61.880001,50.360901,12111500
2011-08-16,61.470001,61.869999,61.169998,61.619999,50.149288,9420600
2011-08-17,61.779999,62.119999,61.250000,61.669998,50.189987,7973100
2011-08-18,60.820000,61.270000,60.049999,60.860001,49.530777,17846200
2011-08-19,60.509998,61.509998,60.230000,60.959999,49.612167,16297700
2011-08-22,61.740002,61.910000,61.450001,61.709999,50.222542,12676600
2011-08-23,61.950001,63.220001,61.759998,63.020000,51.288685,15222400
2011-08-24,62.720001,63.380001,62.380001,63.310001,51.524704,8417200
2011-08-25,63.250000,63.470001,62.200001,62.529999,50.889900,15063000
2011-08-26,62.240002,62.650002,61.169998,62.570000,50.922443,10374200
2011-08-29,62.779999,63.290001,62.779999,63.090000,51.345654,9147700
2011-08-30,63.090000,63.889999,62.889999,63.500000,51.679333,9181100
2011-08-31,63.459999,63.950001,63.389999,63.680000,51.825825,8972600
2011-09-01,63.619999,64.250000,63.189999,63.259998,51.484009,8871400
2011-09-02,62.799999,63.070000,62.410000,62.549999,50.906181,8817300
2011-09-06,61.180000,62.549999,61.099998,62.380001,50.767826,11458200
2011-09-07,62.750000,63.049999,62.619999,62.720001,51.044529,8874900
2011-09-08,62.590000,63.830002,62.389999,62.910000,51.199162,11124300
2011-09-09,62.410000,62.509998,61.570000,61.840000,50.328346,12286400
2011-09-12,61.250000,61.919998,61.000000,61.830002,50.320206,9865500
2011-09-13,61.770000,62.099998,61.169998,61.939999,50.409729,8329200
2011-09-14,62.119999,62.950001,61.529999,62.340000,50.735268,11547700
2011-09-15,62.450001,62.779999,62.099998,62.779999,51.093361,9161300
2011-09-16,63.220001,64.699997,63.009998,64.330002,52.354832,24690100
2011-09-19,63.639999,64.099998,63.520000,63.810001,51.931629,11022700
2011-09-20,63.849998,64.680000,63.480000,64.080002,52.151363,8215800
2011-09-21,64.370003,64.459999,62.959999,63.020000,51.288685,9649100
2011-09-22,61.580002,61.910000,60.299999,61.169998,49.783066,17381200
2011-09-23,60.939999,61.270000,60.400002,61.250000,49.848190,9122500
2011-09-26,61.669998,62.790001,61.630001,62.540001,50.898041,13364100
2011-09-27,63.080002,63.980000,62.759998,63.259998,51.484009,10732400
2011-09-28,63.360001,63.880001,62.570000,62.730000,51.052681,9031800
2011-09-29,63.540001,64.050003,62.990002,63.700001,51.842102,9798600
2011-09-30,63.400002,64.400002,63.169998,63.180000,51.418907,11358100
2011-10-03,63.689999,64.220001,62.750000,62.840000,51.142189,12323800
2011-10-04,62.299999,63.490002,61.779999,63.369999,51.573536,12800000
2011-10-05,63.250000,63.639999,62.790001,63.340000,51.549118,12023100
2011-10-06,63.060001,63.660000,62.630001,63.610001,51.768860,8691600
2011-10-07,63.970001,64.400002,63.650002,63.910000,52.013016,8902000
2011-10-10,64.370003,64.820000,64.129997,64.800003,52.737339,6663600
2011-10-11,64.239998,64.839996,64.239998,64.570000,52.550148,5705600
2011-10-12,64.720001,65.339996,64.540001,64.889999,52.810577,10206200
2011-10-13,64.510002,64.800003,63.970001,64.650002,52.615269,7305200
2011-10-14,65.000000,65.169998,64.370003,64.889999,52.810577,7485100
2011-10-17,64.839996,65.449997,64.059998,64.260002,52.297859,7165000
2011-10-18,64.160004,65.589996,64.099998,64.919998,52.834999,11796600
2011-10-19,64.330002,65.320000,64.279999,64.750000,53.126266,9099100
2011-10-20,64.900002,65.279999,64.470001,65.089996,53.405228,7728400
2011-10-21,65.610001,66.300003,65.470001,66.260002,54.365189,13026800
2011-10-24,65.750000,65.889999,65.010002,65.370003,53.634972,9819000
2011-10-25,65.089996,65.370003,64.370003,64.510002,52.929352,8919200
2011-10-26,64.900002,65.010002,64.180000,64.949997,53.290367,9401200
2011-10-27,65.370003,65.669998,64.309998,65.260002,53.544716,16764300
2011-10-28,64.830002,65.029999,64.320000,64.730003,53.109863,10656200
2011-10-31,64.550003,64.830002,63.939999,63.990002,52.502701,9438800
2011-11-01,63.369999,63.599998,62.509998,62.709999,51.452480,13462600
2011-11-02,63.400002,63.549999,62.400002,62.860001,51.575558,8783200
2011-11-03,63.310001,63.520000,62.889999,63.209999,51.862720,8532600
2011-11-04,62.889999,63.189999,62.369999,63.029999,51.715038,7758200
2011-11-07,63.029999,63.570000,62.689999,63.459999,52.067844,6559500
2011-11-08,63.480000,64.339996,63.480000,64.209999,52.683208,7422000
2011-11-09,63.799999,63.830002,62.560001,62.720001,51.460686,9701300
2011-11-10,63.509998,63.650002,62.799999,63.240002,51.887337,6143700
2011-11-11,63.750000,64.139999,63.580002,63.889999,52.420650,5731100
2011-11-14,63.439999,63.540001,62.930000,63.049999,51.731445,6832800
2011-11-15,63.380001,63.900002,63.099998,63.560001,52.149899,7673800
2011-11-16,63.110001,63.889999,63.020000,63.279999,51.920166,9228000
2011-11-17,63.150002,63.650002,62.540001,62.939999,51.641193,8525500
2011-11-18,63.110001,63.500000,63.060001,63.240002,51.887337,7624000
2011-11-21,62.540001,62.970001,61.450001,61.660000,50.590973,13254400
2011-11-22,61.520000,62.250000,61.490002,61.689999,50.615589,8321500
2011-11-23,61.310001,61.509998,61.000000,61.060001,50.098686,7488200
2011-11-25,61.200001,61.790001,61.000000,61.000000,50.049461,4734800
2011-11-28,61.650002,62.459999,61.570000,62.240002,51.066864,7673200
2011-11-29,62.480000,62.950001,62.360001,62.529999,51.304798,6442700
2011-11-30,63.230000,64.589996,63.189999,64.570000,52.978600,15034500
2011-12-01,64.580002,64.790001,63.869999,64.080002,52.576542,9387600
2011-12-02,64.680000,64.860001,64.269997,64.660004,53.052429,9952600
2011-12-05,64.889999,64.940002,64.449997,64.839996,53.200111,9820200
2011-12-06,64.650002,65.000000,64.489998,64.839996,53.200111,8315400
2011-12-07,64.790001,65.500000,64.650002,65.230003,53.520096,11144700
2011-12-08,64.870003,65.000000,64.300003,64.470001,52.896534,8352600
2011-12-09,64.660004,65.169998,64.599998,64.970001,53.306770,7647800
2011-12-12,64.580002,64.919998,63.939999,64.309998,52.765244,8793500
2011-12-13,64.540001,65.330002,64.400002,64.730003,53.109863,11126100
2011-12-14,64.470001,64.949997,64.320000,64.449997,52.880116,10326700
2011-12-15,64.830002,65.209999,64.650002,64.989998,53.323177,9654800
2011-12-16,65.430000,65.629997,64.820000,65.139999,53.446251,18291900
2011-12-19,65.349998,65.589996,64.739998,64.949997,53.290367,8172300
2011-12-20,65.239998,65.910004,65.209999,65.790001,53.979588,9797100
2011-12-21,65.500000,66.000000,65.500000,66.000000,54.151863,9479000
2011-12-22,65.839996,66.239998,65.790001,66.190002,54.307770,7666300
2011-12-23,66.209999,66.690002,66.010002,66.669998,54.701599,5209800
2011-12-27,66.129997,66.949997,66.070000,66.790001,54.800060,5604700
2011-12-28,66.910004,66.949997,66.449997,66.540001,54.594936,4152000
2011-12-29,66.730003,66.980003,66.650002,66.970001,54.947739,4425900
2011-12-30,66.879997,66.959999,66.589996,66.709999,54.734413,4062300
2012-01-03,66.300003,67.000000,66.269997,66.830002,54.832870,11565900
2012-01-04,66.629997,66.879997,66.339996,66.800003,54.808258,10595400
2012-01-05,66.440002,66.650002,66.250000,66.519997,54.578522,10085300
2012-01-06,66.510002,66.629997,65.930000,66.360001,54.447243,8421200
2012-01-09,66.250000,66.750000,66.220001,66.639999,54.676983,7836100
2012-01-10,66.849998,66.870003,66.070000,66.330002,54.422630,10318900
2012-01-11,66.099998,66.309998,65.470001,65.680000,53.889309,14676800
2012-01-12,66.000000,66.000000,65.559998,65.809998,53.995975,29758100
2012-01-13,65.559998,65.830002,65.370003,65.809998,53.995975,33539100
2012-01-17,65.959999,66.510002,65.949997,66.260002,54.365189,35728800
2012-01-18,65.900002,66.129997,65.820000,66.029999,54.609173,10386800
2012-01-19,65.959999,66.250000,65.419998,66.080002,54.650528,9346600
2012-01-20,65.629997,66.250000,65.449997,66.230003,54.774578,12190100
2012-01-23,65.910004,65.940002,64.779999,65.000000,53.757320,14828100
2012-01-24,64.639999,64.750000,64.040001,64.500000,53.343807,9742400
2012-01-25,64.379997,65.150002,64.180000,64.980003,53.740788,10913100
2012-01-26,65.099998,65.379997,64.730003,64.800003,53.591911,11932100
2012-01-27,64.309998,64.970001,63.660000,64.300003,53.178402,10979900
2012-01-30,63.799999,63.799999,63.029999,63.209999,52.276932,12492000
2012-01-31,63.419998,63.549999,62.700001,63.040001,52.136330,11358600
2012-02-01,63.419998,63.700001,63.189999,63.209999,52.276932,12900500
2012-02-02,63.349998,63.630001,63.250000,63.320000,52.367905,12613100
2012-02-03,63.360001,63.860001,62.560001,62.770000,51.913036,17440500
2012-02-06,62.860001,63.610001,62.779999,63.509998,52.525032,9851200
2012-02-07,63.560001,63.910000,63.369999,63.700001,52.682175,8901600
2012-02-08,63.720001,63.779999,63.439999,63.639999,52.632557,8174800
2012-02-09,63.840000,64.099998,63.529999,64.040001,52.963379,9152000
2012-02-10,63.599998,63.980000,63.549999,63.880001,52.831043,8295500
2012-02-13,64.150002,64.379997,64.059998,64.230003,53.120510,6899400
2012-02-14,64.099998,64.480003,64.089996,64.480003,53.327271,6997700
2012-02-15,64.820000,64.940002,64.379997,64.550003,53.385162,11651700
2012-02-16,64.779999,65.400002,64.650002,65.199997,53.922729,10823300
2012-02-17,65.489998,65.540001,64.900002,64.910004,53.682896,10281600
2012-02-21,64.989998,65.070000,64.349998,64.419998,53.277634,10037700
2012-02-22,64.239998,64.709999,64.169998,64.440002,53.294182,7029500
2012-02-23,64.349998,66.570000,64.250000,66.419998,54.931713,20163300
2012-02-24,66.739998,66.949997,66.519997,66.709999,55.171562,17777100
2012-02-27,66.570000,67.040001,66.129997,66.699997,55.163288,17903200
2012-02-28,66.589996,67.489998,66.540001,67.389999,55.733929,13468100
2012-02-29,67.410004,67.769997,67.309998,67.620003,55.924149,14742500
2012-03-01,67.440002,67.690002,66.459999,66.660004,55.130207,11967000
2012-03-02,66.720001,66.879997,66.400002,66.669998,55.138481,7022200
2012-03-05,66.610001,66.970001,66.459999,66.949997,55.370033,6933400
2012-03-06,66.500000,67.089996,66.199997,66.839996,55.279068,9827000
2012-03-07,66.820000,67.070000,66.419998,66.580002,55.064045,7470800
2012-03-08,66.949997,67.059998,66.769997,66.900002,55.328690,5811500
2012-03-09,67.059998,67.059998,66.599998,66.930000,55.353508,5710200
2012-03-12,66.769997,67.779999,66.730003,67.709999,55.998596,8825500
2012-03-13,67.849998,67.900002,67.570000,67.900002,56.155727,9056700
2012-03-14,67.730003,67.949997,67.690002,67.849998,56.114372,8056200
2012-03-15,67.690002,67.790001,67.500000,67.680000,55.973774,8611500
2012-03-16,67.830002,67.849998,67.129997,67.250000,55.618153,15713500
2012-03-19,67.029999,67.480003,66.959999,67.209999,55.585064,7038900
2012-03-20,66.959999,67.449997,66.900002,67.209999,55.585064,6139000
2012-03-21,67.209999,67.360001,66.860001,67.199997,55.576805,6120400
2012-03-22,67.000000,67.760002,66.949997,67.519997,55.841454,7321000
2012-03-23,67.510002,67.540001,67.269997,67.430000,55.767021,6006400
2012-03-26,67.540001,67.830002,67.250000,67.459999,55.791828,7818800
2012-03-27,67.510002,67.730003,66.959999,67.150002,55.535458,7936900
2012-03-28,67.120003,67.309998,66.949997,67.190002,55.568542,7534600
2012-03-29,66.980003,67.150002,66.760002,67.010002,55.419666,6917400
2012-03-30,67.150002,67.480003,67.010002,67.209999,55.585064,8670300
2012-04-02,67.430000,67.919998,67.400002,67.559998,55.874527,8595200
2012-04-03,67.430000,67.599998,66.940002,67.089996,55.485821,6954100
2012-04-04,66.709999,67.559998,66.709999,67.260002,55.626427,8372200
2012-04-05,66.919998,67.480003,66.830002,67.309998,55.667767,7696300
2012-04-09,66.720001,67.129997,66.709999,66.809998,55.254257,6890400
2012-04-10,66.739998,66.900002,66.290001,66.349998,54.873821,9436700
2012-04-11,66.739998,66.919998,66.320000,66.440002,54.948246,7593800
2012-04-12,66.169998,66.370003,65.949997,66.089996,54.658791,27847200
2012-04-13,66.040001,66.500000,65.800003,65.809998,54.427223,29792000
2012-04-16,66.010002,67.099998,65.879997,66.779999,55.229450,32810100
2012-04-17,66.910004,67.199997,66.830002,67.019997,55.427933,8894700
2012-04-18,66.930000,67.199997,66.730003,66.750000,55.204647,6081800
2012-04-19,66.879997,66.910004,66.230003,66.570000,55.055771,7721200
2012-04-20,66.709999,67.610001,66.589996,67.510002,55.833183,11092600
2012-04-23,66.910004,67.000000,66.379997,66.650002,55.121941,8420500
2012-04-24,66.830002,67.000000,66.559998,67.000000,55.411396,6962300
2012-04-25,66.669998,66.989998,66.500000,66.889999,55.788376,6994200
2012-04-26,66.639999,67.139999,66.629997,66.870003,55.771702,8415000
2012-04-27,65.099998,65.260002,63.950001,64.440002,53.744999,30719500
2012-04-30,63.580002,64.160004,63.290001,63.639999,53.077770,19195000
2012-05-01,63.340000,63.740002,63.290001,63.570000,53.019394,11899600
2012-05-02,63.660000,64.110001,63.400002,63.980000,53.361343,9689200
2012-05-03,64.290001,64.760002,64.160004,64.510002,53.803383,12079900
2012-05-04,64.529999,64.750000,64.239998,64.279999,53.611549,12006500
2012-05-07,63.459999,64.500000,63.360001,64.250000,53.586529,11124300
2012-05-08,64.129997,64.440002,64.110001,64.160004,53.511467,11481800
2012-05-09,63.930000,64.290001,63.570000,63.669998,53.102798,13842600
2012-05-10,64.000000,64.339996,63.830002,64.139999,53.494785,8109500
2012-05-11,64.059998,64.150002,63.619999,63.680000,53.111130,11318000
2012-05-14,63.500000,63.759998,63.299999,63.580002,53.027729,9902700
2012-05-15,63.720001,64.220001,63.500000,63.720001,53.144493,12824700
2012-05-16,64.339996,64.809998,64.000000,64.290001,53.619892,12375000
2012-05-17,64.120003,64.400002,63.910000,63.959999,53.344673,10261800
2012-05-18,64.190002,64.250000,63.400002,63.520000,52.977699,11583100
2012-05-21,63.660000,63.799999,62.950001,63.389999,52.869267,9553100
2012-05-22,63.430000,63.549999,62.980000,63.150002,52.669102,7535500
2012-05-23,63.000000,63.049999,62.040001,62.389999,52.035229,13765400
2012-05-24,62.490002,62.980000,62.230000,62.570000,52.185352,9178100
2012-05-25,62.580002,63.200001,62.400002,62.490002,52.118637,7377700
2012-05-29,62.639999,63.029999,62.619999,62.950001,52.502296,7401000
2012-05-30,62.639999,62.889999,62.240002,62.320000,51.976849,7493400
2012-05-31,62.599998,62.619999,61.980000,62.290001,51.951832,9268400
2012-06-01,61.759998,61.939999,61.200001,61.549999,51.334633,12728000
2012-06-04,61.689999,61.700001,61.099998,61.400002,51.209538,7768200
2012-06-05,61.209999,61.330002,61.020000,61.169998,51.017723,7855500
2012-06-06,61.270000,61.889999,61.160000,61.799999,51.543159,9622000
2012-06-07,62.080002,62.840000,61.720001,62.759998,52.343830,13904700
2012-06-08,63.040001,63.189999,62.570000,62.750000,52.335484,7697800
2012-06-11,62.990002,63.060001,62.500000,62.540001,52.160343,6345500
2012-06-12,62.500000,62.770000,62.209999,62.759998,52.343830,7814500
2012-06-13,62.610001,62.770000,62.270000,62.570000,52.185352,6838500
2012-06-14,62.759998,63.430000,62.700001,63.180000,52.694122,8389100
2012-06-15,63.529999,63.669998,62.520000,62.880001,52.443909,14126800
2012-06-18,62.560001,62.750000,61.790001,62.290001,51.951832,10289300
2012-06-19,62.410000,62.750000,62.099998,62.209999,51.885101,12844900
2012-06-20,60.889999,60.889999,59.740002,60.389999,50.367168,39133900
2012-06-21,60.360001,60.480000,59.750000,59.750000,49.833393,18876100
2012-06-22,59.770000,60.299999,59.759998,59.830002,49.900112,14395600
2012-06-25,59.540001,59.930000,59.250000,59.310001,49.466427,11745100
2012-06-26,59.450001,59.580002,59.070000,59.270000,49.433056,8794100
2012-06-27,59.240002,60.000000,59.150002,59.980000,50.025219,11454100
2012-06-28,59.700001,60.290001,59.330002,60.290001,50.283772,9207600
2012-06-29,60.650002,61.270000,60.540001,61.250000,51.084442,13301800
2012-07-02,61.040001,61.259998,60.779999,61.189999,51.034389,8914300
2012-07-03,61.130001,61.400002,60.820000,61.360001,51.176178,4817400
2012-07-05,61.439999,61.599998,61.189999,61.349998,51.167839,35413700
2012-07-06,61.220001,61.389999,60.860001,61.279999,51.109459,36773400
2012-07-09,61.119999,61.799999,61.119999,61.549999,51.334633,33492400
2012-07-10,61.709999,61.900002,61.490002,61.730000,51.484772,8651900
2012-07-11,61.770000,61.770000,60.980000,61.400002,51.209538,9975600
2012-07-12,62.840000,64.269997,62.700001,63.700001,53.127811,37140900
2012-07-13,63.930000,65.750000,63.770000,65.089996,54.287117,29170000
2012-07-16,64.620003,65.000000,64.239998,64.809998,54.053585,10675900
2012-07-17,64.639999,65.400002,64.540001,65.349998,54.503963,12565600
2012-07-18,64.830002,65.139999,64.349998,64.820000,54.530880,13387400
2012-07-19,64.949997,65.070000,64.529999,64.919998,54.615013,8077600
2012-07-20,64.519997,64.919998,64.400002,64.730003,54.455173,10121500
2012-07-23,64.400002,64.720001,64.230003,64.389999,54.169140,10711100
2012-07-24,64.480003,64.570000,63.720001,64.019997,53.857872,8271700
2012-07-25,64.120003,64.309998,63.889999,64.019997,53.857872,9424700
2012-07-26,64.589996,65.099998,64.440002,64.559998,54.312157,10472200
2012-07-27,64.680000,65.269997,64.559998,65.089996,54.758026,11141800
2012-07-30,64.889999,65.290001,64.500000,65.099998,54.766438,8388600
2012-07-31,64.790001,64.989998,64.500000,64.540001,54.295338,9327200
2012-08-01,64.870003,64.970001,63.900002,64.010002,53.849472,7782900
2012-08-02,63.660000,63.980000,63.240002,63.509998,53.428825,9462400
2012-08-03,64.709999,65.900002,64.699997,65.500000,55.102951,15279100
2012-08-06,65.230003,66.239998,65.199997,65.809998,55.363735,10034400
2012-08-07,65.919998,66.449997,65.910004,66.220001,55.708652,10463300
2012-08-08,66.010002,66.800003,65.959999,66.720001,56.129303,9673200
2012-08-09,66.589996,66.930000,66.400002,66.730003,56.137711,9677800
2012-08-10,66.680000,66.769997,66.209999,66.769997,56.171349,7293600
2012-08-13,66.559998,66.750000,66.349998,66.480003,55.927399,6633900
2012-08-14,66.529999,66.989998,66.190002,66.730003,56.137711,8887400
2012-08-15,66.860001,66.919998,66.559998,66.639999,56.061985,9873600
2012-08-16,66.580002,67.000000,66.449997,67.000000,56.364853,10165100
2012-08-17,66.870003,67.300003,66.629997,67.000000,56.364853,9394300
2012-08-20,66.930000,67.050003,66.550003,66.750000,56.154530,8938700
2012-08-21,66.760002,67.139999,66.680000,66.769997,56.171349,9145400
2012-08-22,66.570000,66.860001,66.510002,66.849998,56.238663,7749600
2012-08-23,66.800003,66.830002,66.589996,66.680000,56.095634,8006500
2012-08-24,66.599998,67.180000,66.330002,67.019997,56.381672,8580200
2012-08-27,66.930000,67.370003,66.860001,67.110001,56.457394,6419600
2012-08-28,66.870003,67.220001,66.849998,66.989998,56.356430,7605400
2012-08-29,66.970001,67.180000,66.800003,66.870003,56.255482,6752200
2012-08-30,66.639999,66.940002,66.620003,66.879997,56.263893,7285600
2012-08-31,67.139999,67.449997,66.889999,67.190002,56.524696,10088600
2012-09-04,67.220001,67.470001,67.010002,67.400002,56.701351,7628600
2012-09-05,67.209999,67.540001,67.209999,67.290001,56.608818,7741100
2012-09-06,67.680000,68.250000,67.599998,68.239998,57.408009,13200500
2012-09-07,68.160004,68.599998,67.980003,68.519997,57.643578,12656300
2012-09-10,68.410004,68.580002,68.120003,68.510002,57.635151,8920600
2012-09-11,68.430000,68.650002,68.080002,68.260002,57.424847,8840900
2012-09-12,68.349998,68.589996,68.050003,68.099998,57.290241,6896000
2012-09-13,67.889999,68.980003,67.889999,68.910004,57.971672,10495400
2012-09-14,68.809998,69.220001,68.769997,69.160004,58.181995,12269800
2012-09-17,68.879997,69.250000,68.860001,69.250000,58.257698,11274600
2012-09-18,69.190002,69.690002,69.110001,69.220001,58.232464,12833500
2012-09-19,69.099998,69.580002,69.019997,69.260002,58.266113,8682900
2012-09-20,69.110001,69.639999,69.110001,69.559998,58.518486,8652700
2012-09-21,69.699997,69.830002,69.379997,69.419998,58.400700,20290300
2012-09-24,69.339996,69.849998,69.239998,69.760002,58.686741,8361000
2012-09-25,69.699997,69.970001,69.540001,69.589996,58.543720,10026700
2012-09-26,69.489998,69.849998,69.300003,69.300003,58.299770,7698400
2012-09-27,69.410004,69.559998,69.059998,69.300003,58.299770,6773100
2012-09-28,69.250000,69.419998,68.639999,69.360001,58.350224,8955100
2012-10-01,69.330002,69.769997,69.099998,69.449997,58.425945,8588600
2012-10-02,69.529999,69.720001,68.519997,68.790001,57.870720,11241400
2012-10-03,69.019997,69.540001,68.730003,69.169998,58.190407,8869500
2012-10-04,69.360001,69.779999,69.309998,69.379997,58.367058,7792700
2012-10-05,69.779999,69.849998,69.410004,69.629997,58.577374,6907800
2012-10-08,69.480003,69.480003,68.889999,69.099998,58.131508,6577000
2012-10-09,68.919998,69.279999,68.519997,68.699997,57.794998,8200100
2012-10-10,68.790001,68.940002,67.949997,68.139999,57.323895,8937500
2012-10-11,68.330002,68.389999,67.820000,68.000000,57.206108,6600700
2012-10-12,68.230003,68.459999,67.870003,67.940002,57.155643,6537400
2012-10-15,68.269997,68.889999,67.970001,68.709999,57.803417,8359300
2012-10-16,68.959999,69.260002,68.790001,69.000000,58.047386,7702700
2012-10-17,68.550003,69.639999,68.510002,69.470001,58.922707,11061000
2012-10-18,69.449997,69.500000,69.040001,69.470001,58.922707,7358100
2012-10-19,69.360001,69.489998,68.449997,68.570000,58.159332,10125600
2012-10-22,68.349998,68.550003,67.870003,68.500000,58.099964,7516800
2012-10-23,67.980003,68.129997,67.260002,67.440002,57.200897,8030800
2012-10-24,67.370003,68.370003,67.370003,68.080002,57.743729,10209600
2012-10-25,69.750000,70.830002,69.580002,70.070000,59.431591,24479700
2012-10-26,69.739998,70.360001,69.389999,69.440002,58.897266,11945200
2012-10-31,69.510002,69.949997,69.010002,69.239998,58.727596,9095400
2012-11-01,69.160004,69.510002,69.139999,69.250000,58.736092,7703800
2012-11-02,69.739998,69.769997,69.059998,69.190002,58.685204,6963100
2012-11-05,69.220001,69.220001,68.349998,68.669998,58.244144,6525700
2012-11-06,68.599998,69.000000,68.360001,68.930000,58.464680,6639800
2012-11-07,68.820000,68.870003,67.790001,68.059998,57.726768,8849600
2012-11-08,67.980003,68.089996,66.900002,66.910004,56.751362,7917700
2012-11-09,66.830002,67.459999,66.760002,67.010002,56.836193,8147700
2012-11-12,67.150002,67.400002,66.910004,67.080002,56.895554,4371300
2012-11-13,66.769997,67.599998,66.769997,66.849998,56.700474,6769100
2012-11-14,66.889999,67.059998,66.290001,66.529999,56.429062,9680100
2012-11-15,66.760002,67.000000,65.830002,66.320000,56.250950,9290000
2012-11-16,66.360001,66.970001,66.139999,66.820000,56.675030,11354200
2012-11-19,66.989998,67.919998,66.860001,67.919998,57.608013,8741400
2012-11-20,67.809998,68.489998,67.760002,68.300003,57.930321,7611600
2012-11-21,68.160004,68.500000,67.970001,68.470001,58.074516,6201400
2012-11-23,68.750000,69.610001,68.709999,69.589996,59.024467,4598200
2012-11-26,69.139999,69.570000,69.050003,69.480003,58.931168,7493600
2012-11-27,69.199997,69.480003,68.910004,68.989998,58.515560,8154300
2012-11-28,69.000000,69.739998,68.900002,69.440002,58.897266,11255800
2012-11-29,69.410004,69.800003,69.129997,69.500000,58.948143,8783800
2012-11-30,69.370003,69.889999,69.370003,69.830002,59.228027,8886800
2012-12-03,69.839996,69.930000,69.500000,69.580002,59.016003,7404600
2012-12-04,69.500000,69.849998,69.070000,69.309998,58.786995,6634900
2012-12-05,69.480003,69.879997,69.080002,69.410004,58.871792,7623400
2012-12-06,69.480003,70.239998,69.440002,69.949997,59.329823,10686900
2012-12-07,69.849998,70.660004,69.849998,70.290001,59.618214,11590900
2012-12-10,70.120003,70.419998,70.029999,70.220001,59.558826,8124100
2012-12-11,70.290001,70.970001,70.139999,70.660004,59.932030,9298000
2012-12-12,70.760002,70.989998,70.610001,70.760002,60.016842,8405900
2012-12-13,70.550003,70.639999,69.900002,70.129997,59.482471,8478200
2012-12-14,69.919998,70.470001,69.779999,69.930000,59.312851,8997600
2012-12-17,69.949997,70.150002,69.620003,69.930000,59.312851,8791500
2012-12-18,69.889999,70.279999,69.430000,69.970001,59.346786,13568900
2012-12-19,69.760002,69.989998,68.769997,69.339996,58.812424,10304800
2012-12-20,69.300003,70.250000,69.300003,69.820000,59.219563,10218200
2012-12-21,69.430000,69.820000,68.379997,68.720001,58.286556,17746900
2012-12-24,68.669998,68.690002,68.239998,68.519997,58.116913,3578800
2012-12-26,68.570000,68.589996,67.699997,68.000000,57.675884,6937000
2012-12-27,67.879997,68.160004,67.410004,67.970001,57.650429,7648800
2012-12-28,67.730003,67.910004,67.059998,67.150002,56.954937,6463300
2012-12-31,67.000000,67.970001,66.830002,67.889999,57.582573,9061900
2013-01-02,68.650002,69.389999,68.349998,69.389999,58.854836,9987000
2013-01-03,69.440002,69.500000,68.940002,68.949997,58.481640,7741900
2013-01-04,69.010002,69.169998,68.680000,69.089996,58.600380,5853700
2013-01-07,68.919998,68.919998,68.379997,68.620003,58.201748,5269800
2013-01-08,68.519997,68.730003,68.400002,68.510002,58.108444,7362000
2013-01-09,68.769997,69.110001,68.610001,68.879997,58.422260,5762900
2013-01-10,68.980003,69.290001,68.680000,69.269997,58.753071,12855000
2013-01-11,69.300003,69.300003,69.010002,69.220001,58.710655,12193500
2013-01-14,69.309998,69.970001,69.230003,69.629997,59.058388,11570700
2013-01-15,69.160004,69.959999,69.150002,69.879997,59.270439,7563400
2013-01-16,69.419998,69.699997,69.110001,69.339996,59.289257,7061000
2013-01-17,69.559998,69.959999,69.339996,69.669998,59.571438,6263300
2013-01-18,69.690002,70.000000,69.669998,69.940002,59.802288,10610800
2013-01-22,69.860001,69.980003,69.750000,69.949997,59.810825,8313600
2013-01-23,69.839996,70.699997,69.800003,70.690002,60.443573,10588600
2013-01-24,70.680000,70.849998,70.199997,70.419998,60.212711,8877200
2013-01-25,71.750000,73.250000,71.750000,73.250000,62.632507,28760300
2013-01-28,73.730003,74.230003,73.190002,73.769997,63.077110,14010000
2013-01-29,73.550003,75.309998,73.519997,75.000000,64.128853,17576700
2013-01-30,74.750000,75.480003,74.669998,75.080002,64.197258,12677800
2013-01-31,74.830002,75.260002,74.669998,75.160004,64.265663,11661500
2013-02-01,75.300003,75.970001,75.169998,75.919998,64.915489,12204000
2013-02-04,75.690002,75.800003,74.949997,75.250000,64.342613,11086000
2013-02-05,75.440002,76.690002,75.320000,75.699997,64.727371,14851700
2013-02-06,75.320000,76.190002,75.040001,76.150002,65.112152,17015800
2013-02-07,75.980003,76.419998,75.790001,76.150002,65.112152,9897000
2013-02-08,76.150002,76.480003,75.559998,75.750000,64.770126,9130700
2013-02-11,75.410004,75.919998,75.120003,75.809998,64.821434,6928200
2013-02-12,75.959999,76.309998,75.809998,75.980003,64.966812,6281000
2013-02-13,76.010002,76.580002,75.980003,76.559998,65.462723,7113300
2013-02-14,76.300003,76.970001,76.250000,76.779999,65.650826,10049400
2013-02-15,76.720001,76.959999,76.209999,76.540001,65.445625,11165600
2013-02-19,76.559998,77.769997,76.489998,77.379997,66.163864,11783500
2013-02-20,77.269997,77.519997,76.919998,77.080002,65.907356,9275400
2013-02-21,76.279999,77.199997,75.900002,77.040001,65.873146,10305200
2013-02-22,77.050003,77.190002,76.750000,76.989998,65.830383,8433200
2013-02-25,77.070000,77.669998,75.919998,75.919998,64.915489,9970400
2013-02-26,75.989998,76.379997,75.769997,76.080002,65.052307,8378900
2013-02-27,75.949997,76.949997,75.699997,76.750000,65.625191,7567800
2013-02-28,76.660004,76.910004,76.169998,76.180000,65.137810,10466900
2013-03-01,75.699997,76.720001,75.559998,76.489998,65.402870,9599700
2013-03-04,76.250000,76.680000,75.970001,76.680000,65.565323,7631000
2013-03-05,76.779999,77.389999,76.720001,77.050003,65.881691,9716200
2013-03-06,77.010002,77.449997,76.809998,77.199997,66.009964,7194700
2013-03-07,77.220001,77.489998,76.779999,76.900002,65.753441,7111400
2013-03-08,77.010002,77.199997,76.459999,77.180000,65.992844,7252800
2013-03-11,77.019997,77.389999,76.900002,77.349998,66.138214,6621000
2013-03-12,77.190002,77.449997,77.000000,77.169998,65.984299,7016700
2013-03-13,77.070000,77.099998,76.519997,76.800003,65.667938,6340300
2013-03-14,76.870003,77.470001,76.830002,77.389999,66.172424,8079100
2013-03-15,77.080002,77.379997,76.339996,76.339996,65.274605,15237000
2013-03-18,75.900002,76.550003,75.800003,76.160004,65.120712,7081800
2013-03-19,76.139999,77.180000,76.110001,77.110001,65.933006,9326400
2013-03-20,77.290001,77.820000,77.269997,77.580002,66.334892,8615800
2013-03-21,77.419998,77.669998,77.139999,77.209999,66.018501,6319500
2013-03-22,77.180000,77.449997,77.000000,77.269997,66.069817,5868400
2013-03-25,77.269997,77.620003,76.440002,76.680000,65.565323,6843600
2013-03-26,77.019997,77.500000,76.889999,77.400002,66.180977,5386000
2013-03-27,76.980003,77.110001,76.570000,77.059998,65.890251,5274600
2013-03-28,76.949997,77.160004,76.660004,77.059998,65.890251,8016700
2013-04-01,76.849998,77.849998,76.730003,77.699997,66.437477,7266000
2013-04-02,77.839996,79.150002,77.650002,78.959999,67.514854,13373600
2013-04-03,78.879997,79.080002,77.839996,78.120003,66.796608,8426700
2013-04-04,78.320000,78.980003,78.250000,78.540001,67.155731,8770600
2013-04-05,77.879997,78.389999,77.830002,78.230003,66.890656,6562600
2013-04-08,78.120003,78.879997,77.879997,78.790001,67.369492,6284500
2013-04-09,78.820000,78.889999,78.070000,78.260002,66.916313,6760600
2013-04-10,78.489998,79.489998,78.430000,79.239998,67.754250,7947600
2013-04-11,79.370003,80.129997,79.330002,79.669998,68.121956,11831600
2013-04-12,79.510002,80.660004,79.470001,80.080002,68.472504,9383400
2013-04-15,79.790001,80.839996,79.599998,79.650002,68.104836,10877200
2013-04-16,79.830002,80.209999,79.370003,80.099998,68.489616,9365600
2013-04-17,79.980003,80.139999,78.849998,79.059998,67.600349,10964600
2013-04-18,79.089996,80.180000,79.059998,79.870003,68.292961,10896200
2013-04-19,80.370003,81.699997,80.199997,81.430000,69.626816,13147600
2013-04-22,81.309998,81.589996,81.120003,81.400002,69.601173,7530300
2013-04-23,81.459999,82.540001,80.510002,82.540001,70.575951,12684800
2013-04-24,79.489998,79.610001,76.930000,77.120003,66.426048,25708200
2013-04-25,77.669998,77.669998,76.349998,76.580002,65.960907,14702300
2013-04-26,76.720001,77.220001,76.580002,77.099998,66.408813,8769100
2013-04-29,77.559998,77.980003,77.230003,77.680000,66.908379,6638100
2013-04-30,77.860001,77.889999,76.599998,76.769997,66.124573,9653800
2013-05-01,76.830002,77.769997,76.720001,76.989998,66.314056,8388800
2013-05-02,77.389999,78.279999,77.139999,77.760002,66.977280,7288200
2013-05-03,78.099998,78.459999,77.660004,78.190002,67.347687,7884000
2013-05-06,78.029999,78.400002,77.519997,77.750000,66.968658,7204200
2013-05-07,77.980003,78.199997,77.269997,77.940002,67.132332,9574200
2013-05-08,77.900002,78.510002,77.230003,78.440002,67.562996,12067300
2013-05-09,78.570000,78.889999,78.019997,78.209999,67.364883,7189400
2013-05-10,78.410004,78.790001,78.230003,78.760002,67.838631,6162500
2013-05-13,78.510002,78.970001,78.419998,78.589996,67.692177,5420200
2013-05-14,78.930000,79.470001,78.739998,79.470001,68.450165,6867400
2013-05-15,79.470001,81.000000,79.470001,80.680000,69.492378,11154400
2013-05-16,80.489998,80.739998,79.889999,80.199997,69.078934,8065600
2013-05-17,79.910004,80.180000,79.309998,80.019997,68.923889,8549900
2013-05-20,79.980003,79.980003,78.779999,79.089996,68.122864,7307300
2013-05-21,79.169998,79.220001,78.220001,78.800003,67.873062,7377700
2013-05-22,78.839996,79.680000,78.620003,78.820000,67.890297,8873300
2013-05-23,78.269997,79.110001,78.230003,78.699997,67.786934,7141200
2013-05-24,81.879997,82.349998,81.440002,81.879997,70.525963,25580900
2013-05-28,82.050003,82.129997,80.769997,80.860001,69.647423,14372700
2013-05-29,80.160004,80.250000,78.870003,78.900002,67.959213,9992500
2013-05-30,78.900002,79.879997,78.900002,79.089996,68.122864,14761500
2013-05-31,78.790001,78.809998,76.750000,76.760002,66.115959,16461900
2013-06-03,76.870003,77.699997,76.120003,77.660004,66.891151,11720600
2013-06-04,77.709999,78.470001,76.750000,77.370003,66.641357,11379300
2013-06-05,77.080002,77.209999,76.629997,76.660004,66.029823,8826900
2013-06-06,76.559998,76.970001,75.830002,76.820000,66.167641,11099900
2013-06-07,77.440002,78.279999,77.269997,77.750000,66.968658,7839500
2013-06-10,77.690002,78.220001,77.260002,78.070000,67.244308,8966400
2013-06-11,77.680000,78.750000,77.449997,78.120003,67.287376,6781200
2013-06-12,78.639999,78.889999,77.480003,77.599998,66.839470,7834200
2013-06-13,77.540001,78.690002,77.139999,78.430000,67.554367,6927700
2013-06-14,78.489998,78.790001,77.669998,78.029999,67.209839,6825900
2013-06-17,78.260002,79.470001,78.250000,78.959999,68.010880,7359900
2013-06-18,78.949997,79.230003,78.699997,79.040001,68.079796,6051400
2013-06-19,79.050003,79.470001,77.589996,77.610001,66.848083,7424500
2013-06-20,77.209999,77.330002,75.099998,75.250000,64.815338,15555700
2013-06-21,76.250000,77.529999,75.690002,77.430000,66.693047,20055700
2013-06-24,76.949997,77.430000,75.629997,76.580002,65.960907,12563300
2013-06-25,77.099998,77.239998,76.290001,76.690002,66.055656,7909400
2013-06-26,77.230003,77.589996,77.019997,77.400002,66.667213,7326500
2013-06-27,77.959999,78.379997,77.570000,77.669998,66.899773,14731500
2013-06-28,77.620003,77.940002,76.900002,76.989998,66.314056,9865300
2013-07-01,77.019997,78.449997,77.000000,78.019997,67.201241,6699200
2013-07-02,77.949997,78.610001,77.709999,78.440002,67.562996,10228500
2013-07-03,78.279999,78.750000,77.430000,78.570000,67.674973,5339900
2013-07-05,78.889999,79.019997,77.779999,78.339996,67.476860,7264700
2013-07-08,78.540001,79.080002,78.500000,78.760002,67.838631,11141400
2013-07-09,79.070000,79.900002,79.070000,79.570000,68.536293,11456200
2013-07-10,79.650002,80.099998,79.300003,79.800003,68.734413,6862800
2013-07-11,80.550003,80.989998,80.290001,80.769997,69.569908,9185400
2013-07-12,80.669998,81.639999,80.669998,81.550003,70.241753,12586300
2013-07-15,81.370003,81.589996,80.849998,81.510002,70.207283,10024700
2013-07-16,81.320000,81.370003,80.910004,80.970001,69.742172,11208600
2013-07-17,80.489998,80.849998,80.010002,80.089996,69.500916,7644300
2013-07-18,80.029999,80.750000,80.029999,80.300003,69.683167,5526000
2013-07-19,80.360001,81.410004,80.050003,81.370003,70.611687,7862600
2013-07-22,81.230003,81.449997,80.900002,81.220001,70.481514,4813600
2013-07-23,81.220001,81.400002,80.779999,80.949997,70.247208,4311700
2013-07-24,80.949997,81.000000,80.129997,80.269997,69.657112,5606600
2013-07-25,80.010002,80.570000,79.839996,80.410004,69.778618,6239900
2013-07-26,80.019997,80.419998,79.389999,80.389999,69.761253,6543500
2013-07-29,80.099998,80.449997,80.050003,80.089996,69.500916,4389400
2013-07-30,80.489998,80.900002,80.160004,80.440002,69.804665,6434100
2013-07-31,80.440002,81.410004,80.160004,80.300003,69.683167,11857000
2013-08-01,81.620003,82.230003,81.209999,81.639999,70.845985,10724800
2013-08-02,81.419998,81.500000,80.559998,81.290001,70.542267,6626300
2013-08-05,81.050003,81.650002,80.959999,81.400002,70.637718,4662800
2013-08-06,81.300003,81.970001,81.300003,81.739998,70.932762,6212500
2013-08-07,81.410004,82.209999,81.379997,81.959999,71.123680,5828500
2013-08-08,82.110001,82.400002,81.510002,82.169998,71.305901,6207900
2013-08-09,81.919998,82.059998,81.190002,81.639999,70.845985,6127200
2013-08-12,81.230003,81.730003,81.040001,81.620003,70.828636,4922200
2013-08-13,81.779999,81.989998,81.330002,81.660004,70.863350,4936400
2013-08-14,81.669998,81.779999,81.190002,81.250000,70.507553,5167500
2013-08-15,80.959999,81.080002,80.169998,80.480003,69.839355,7415300
2013-08-16,80.269997,80.480003,79.059998,79.900002,69.336037,9451600
2013-08-19,79.639999,80.089996,79.419998,79.589996,69.067032,5959400
2013-08-20,79.720001,80.099998,79.279999,79.529999,69.014977,5172500
2013-08-21,79.500000,80.120003,79.050003,79.379997,68.884781,7390900
2013-08-22,79.300003,80.050003,78.870003,79.769997,69.223221,6274400
2013-08-23,79.870003,80.070000,79.589996,80.010002,69.431488,5219600
2013-08-26,79.919998,79.980003,78.529999,78.540001,68.155853,6385400
2013-08-27,77.870003,78.360001,77.330002,77.970001,67.661217,7052200
2013-08-28,77.860001,77.860001,76.849998,76.849998,66.689293,9008500
2013-08-29,76.760002,77.839996,76.419998,77.309998,67.088478,5961000
2013-08-30,77.529999,78.070000,73.610001,77.889999,67.591797,9039100
2013-09-03,78.269997,78.419998,77.440002,77.750000,67.470322,6743800
2013-09-04,77.519997,77.750000,77.120003,77.489998,67.244675,6031300
2013-09-05,77.580002,77.629997,76.830002,77.139999,66.940948,7163200
2013-09-06,77.120003,77.610001,76.400002,77.150002,66.949638,6977400
2013-09-09,77.370003,78.199997,77.370003,78.160004,67.826111,6089300
2013-09-10,78.500000,78.639999,77.779999,77.949997,67.643867,6650200
2013-09-11,77.260002,78.269997,77.250000,78.269997,67.921547,7049800
2013-09-12,78.400002,78.800003,78.169998,78.260002,67.912888,6944900
2013-09-13,78.440002,79.180000,78.410004,79.050003,68.598419,4894100
2013-09-16,79.720001,80.209999,79.709999,80.160004,69.561668,7512800
2013-09-17,79.959999,80.250000,79.639999,79.830002,69.275307,5457700
2013-09-18,79.059998,80.480003,78.529999,80.300003,69.683167,10372100
2013-09-19,80.500000,80.529999,79.779999,80.120003,69.526947,8157300
2013-09-20,80.089996,80.180000,79.389999,79.389999,68.893456,11146100
2013-09-23,79.199997,79.580002,78.669998,79.279999,68.798019,6304900
2013-09-24,78.970001,79.480003,78.589996,78.620003,68.225288,7692100
2013-09-25,78.839996,79.000000,77.709999,77.720001,67.444267,7589300
2013-09-26,77.910004,78.139999,77.620003,78.050003,67.730652,4632600
2013-09-27,77.750000,77.750000,76.769997,77.209999,67.001694,6551300
2013-09-30,76.800003,77.160004,75.349998,75.589996,65.595901,15028300
2013-10-01,75.519997,76.500000,75.440002,76.160004,66.090530,8076100
2013-10-02,75.910004,76.139999,75.419998,75.930000,65.890945,8522900
2013-10-03,75.889999,76.139999,75.199997,75.839996,65.812828,9251600
2013-10-04,75.980003,76.120003,75.510002,76.019997,65.969040,4984700
2013-10-07,75.660004,76.099998,75.480003,75.650002,65.647957,6373300
2013-10-08,76.389999,77.000000,76.050003,76.330002,66.238045,9656600
2013-10-09,76.580002,77.160004,76.099998,76.949997,66.776093,8470700
2013-10-10,77.410004,77.919998,77.150002,77.889999,67.591797,10121900
2013-10-11,78.000000,78.489998,77.809998,78.480003,68.103798,6082200
2013-10-14,78.010002,78.800003,77.930000,78.739998,68.329414,6326100
2013-10-15,78.379997,78.610001,77.440002,77.599998,67.340126,11192500
2013-10-16,77.349998,78.489998,77.260002,78.339996,68.513802,6562600
2013-10-17,78.190002,79.470001,77.980003,79.419998,69.458359,8671300
2013-10-18,79.389999,79.570000,78.779999,79.410004,69.449593,7958500
2013-10-21,79.269997,79.320000,78.440002,78.970001,69.064789,6478700
2013-10-22,79.309998,80.610001,79.279999,80.379997,70.297928,9572300
2013-10-23,80.339996,81.250000,80.250000,80.910004,70.761452,8960700
2013-10-24,80.769997,80.949997,80.250000,80.610001,70.499092,7521100
2013-10-25,80.550003,80.720001,79.510002,80.000000,69.965599,9606500
2013-10-28,80.110001,81.860001,79.949997,81.300003,71.102547,9820900
2013-10-29,81.459999,82.620003,81.099998,82.459999,72.117027,9482900
2013-10-30,82.529999,82.559998,81.230003,81.519997,71.294945,6490000
2013-10-31,81.199997,81.599998,80.720001,80.750000,70.621513,7786800
2013-11-01,80.680000,81.330002,80.639999,81.150002,70.971352,6802300
2013-11-04,81.459999,81.730003,80.910004,81.330002,71.128792,5460100
2013-11-05,81.129997,81.739998,80.849998,81.430000,71.216232,4949300
2013-11-06,81.639999,83.099998,81.330002,82.809998,72.423141,9526400
2013-11-07,82.910004,83.099998,82.110001,82.320000,71.994598,10087700
2013-11-08,82.279999,82.570000,81.669998,82.510002,72.160751,9768400
2013-11-11,82.349998,82.680000,82.019997,82.260002,71.942123,6173600
2013-11-12,82.230003,83.040001,82.120003,82.800003,72.414398,8201700
2013-11-13,82.570000,83.500000,82.459999,83.500000,73.026604,7581600
2013-11-14,83.430000,84.459999,83.430000,84.320000,73.743744,7580500
2013-11-15,84.169998,84.919998,84.160004,84.839996,74.198517,9664700
2013-11-18,84.790001,84.940002,84.180000,84.570000,73.962372,8507300
2013-11-19,84.309998,84.589996,84.209999,84.339996,73.761215,7924200
2013-11-20,84.309998,84.980003,84.239998,84.690002,74.067329,7680900
2013-11-21,84.839996,84.889999,84.510002,84.669998,74.049843,7287700
2013-11-22,84.529999,85.000000,84.230003,84.949997,74.294716,7436200
2013-11-25,84.959999,85.820000,84.849998,85.410004,74.697014,9670500
2013-11-26,85.199997,85.760002,84.639999,84.639999,74.023613,7111600
2013-11-27,84.879997,84.889999,84.019997,84.279999,73.708755,4905000
2013-11-29,84.769997,85.209999,84.150002,84.220001,73.656281,4954500
2013-12-02,84.040001,84.150002,83.099998,83.339996,72.886650,7497500
2013-12-03,83.300003,84.000000,83.230003,83.830002,73.315201,7533200
2013-12-04,83.379997,83.489998,82.589996,83.349998,72.895393,6807200
2013-12-05,83.389999,83.449997,82.300003,82.690002,72.318184,8186600
2013-12-06,83.230003,84.529999,83.169998,84.519997,73.918655,7189400
2013-12-09,84.480003,84.940002,84.339996,84.779999,74.146027,7395300
2013-12-10,84.410004,84.430000,83.430000,83.650002,73.157791,7373300
2013-12-11,83.739998,84.500000,83.610001,84.019997,73.481369,9787900
2013-12-12,83.820000,83.870003,81.930000,82.300003,71.977119,10176300
2013-12-13,82.320000,82.459999,81.559998,82.370003,72.038322,7441600
2013-12-16,82.720001,83.070000,81.599998,81.690002,71.443626,8849700
2013-12-17,81.790001,81.849998,80.690002,80.910004,70.761452,11416400
2013-12-18,81.209999,82.419998,80.480003,82.379997,72.047066,12036100
2013-12-19,81.980003,82.290001,81.510002,81.900002,71.627274,6442600
2013-12-20,81.980003,82.540001,81.820000,81.839996,71.574791,13206100
2013-12-23,82.139999,82.139999,81.010002,81.309998,71.111282,8653600
2013-12-24,81.330002,81.610001,81.250000,81.309998,71.111282,2899100
2013-12-26,81.489998,81.889999,81.290001,81.760002,71.504837,5347000
2013-12-27,82.089996,82.480003,81.860001,82.010002,71.723480,4006000
2013-12-30,82.000000,82.050003,81.570000,82.000000,71.714737,4145600
2013-12-31,81.830002,82.000000,81.089996,81.410004,71.198746,5765300
2014-01-02,81.330002,81.360001,80.320000,80.540001,70.437851,6981700
2014-01-03,80.760002,80.849998,80.190002,80.449997,70.359138,6925600
2014-01-06,80.610001,80.980003,80.300003,80.639999,70.525314,7208200
2014-01-07,80.709999,81.580002,80.620003,81.419998,71.207481,7158200
2014-01-08,80.970001,81.150002,80.050003,80.239998,70.175484,13458800
2014-01-09,80.540001,80.800003,80.029999,80.419998,70.332924,10833900
2014-01-10,80.589996,80.889999,80.199997,80.300003,70.227974,8448300
2014-01-13,80.010002,80.500000,79.690002,80.010002,69.974350,9360800
2014-01-14,80.059998,80.919998,80.019997,80.870003,70.726486,8737100
2014-01-15,80.699997,81.180000,80.250000,80.790001,70.656502,8221900
2014-01-16,80.650002,80.830002,80.260002,80.559998,70.455360,11673300
2014-01-17,80.419998,80.639999,79.800003,79.879997,69.860657,13629800
2014-01-21,80.589996,80.720001,79.540001,80.180000,70.123024,13216400
2014-01-22,79.570000,79.879997,79.050003,79.230003,69.816376,8455600
2014-01-23,78.709999,78.970001,78.120003,78.239998,68.943993,12667700
2014-01-24,79.330002,81.699997,78.779999,79.180000,69.772293,20163200
2014-01-27,79.239998,79.300003,78.419998,78.470001,69.146667,10395400
2014-01-28,78.669998,79.519997,78.430000,79.110001,69.710609,10060800
2014-01-29,78.800003,78.800003,77.379997,77.639999,68.415283,13443100
2014-01-30,78.050003,78.050003,76.769997,76.870003,67.736771,9450500
2014-01-31,76.029999,77.190002,75.260002,76.620003,67.516472,12988800
2014-02-03,76.690002,76.760002,75.599998,75.699997,66.705772,14292700
2014-02-04,76.000000,76.389999,75.400002,76.089996,67.049431,12055400
2014-02-05,75.940002,76.800003,75.669998,76.449997,67.366669,9734100
2014-02-06,76.529999,76.989998,76.480003,76.900002,67.763199,7819700
2014-02-07,76.989998,77.389999,76.750000,77.309998,68.124481,7259200
2014-02-10,77.430000,78.089996,77.190002,78.029999,68.758949,8959700
2014-02-11,78.099998,79.110001,77.639999,78.839996,69.472710,10500800
2014-02-12,78.129997,78.529999,77.059998,77.489998,68.283096,11019700
2014-02-13,77.089996,77.919998,77.000000,77.800003,68.556290,7420600
2014-02-14,77.690002,79.750000,77.250000,79.400002,69.966164,10791900
2014-02-18,79.480003,79.629997,77.559998,77.970001,68.706062,15750700
2014-02-19,77.639999,78.959999,77.550003,78.139999,68.855873,8740000
2014-02-20,77.959999,78.440002,77.500000,77.919998,68.662003,8275200
2014-02-21,78.050003,78.889999,77.910004,77.970001,68.706062,8089200
2014-02-24,78.029999,78.769997,77.610001,77.860001,68.609131,7838700
2014-02-25,77.730003,78.309998,77.400002,78.120003,68.838249,8177500
2014-02-26,78.230003,78.769997,77.820000,77.860001,68.609131,7764700
2014-02-27,77.769997,78.230003,77.559998,78.190002,68.899933,6549800
2014-02-28,78.239998,78.910004,78.010002,78.660004,69.314095,8489600
2014-03-03,78.260002,78.410004,77.349998,77.480003,68.274292,8598600
2014-03-04,78.089996,78.720001,77.900002,78.449997,69.129044,8306900
2014-03-05,78.320000,78.410004,77.550003,77.820000,68.573875,8542300
2014-03-06,78.040001,78.440002,77.839996,78.059998,68.785378,6475600
2014-03-07,78.410004,78.599998,78.110001,78.379997,69.067352,5865400
2014-03-10,78.290001,78.570000,78.199997,78.529999,69.199516,5229900
2014-03-11,78.589996,79.389999,78.570000,78.949997,69.569618,6595800
2014-03-12,78.660004,79.449997,78.620003,79.239998,69.825188,7469300
2014-03-13,79.320000,79.760002,79.190002,79.190002,69.781120,9676600
2014-03-14,79.099998,79.230003,78.669998,78.980003,69.596069,14850700
2014-03-17,79.019997,79.949997,79.019997,79.839996,70.353874,8452100
2014-03-18,79.839996,80.080002,79.510002,79.769997,70.292191,7703200
2014-03-19,79.680000,79.910004,78.510002,78.779999,69.419846,8607200
2014-03-20,78.699997,78.930000,78.150002,78.320000,69.014473,8659500
2014-03-21,79.040001,79.750000,77.879997,77.879997,68.626755,21244400
2014-03-24,78.500000,79.830002,78.470001,79.300003,69.878036,11221600
2014-03-25,79.519997,79.989998,79.440002,79.809998,70.327446,8892500
2014-03-26,80.029999,80.180000,79.330002,79.500000,70.054298,8269800
2014-03-27,79.550003,80.430000,79.379997,79.650002,70.186470,8134100
2014-03-28,79.940002,80.320000,79.519997,79.760002,70.283386,6413500
2014-03-31,80.000000,80.830002,79.550003,80.599998,71.023590,8492800
2014-04-01,80.599998,80.839996,80.209999,80.339996,70.794472,8222300
2014-04-02,80.190002,80.330002,79.800003,80.129997,70.609428,6741800
2014-04-03,80.279999,80.580002,79.930000,80.099998,70.583000,5646000
2014-04-04,80.470001,80.559998,79.750000,79.769997,70.292191,8649600
2014-04-07,80.019997,81.070000,79.930000,80.489998,70.926651,13229000
2014-04-08,80.510002,81.379997,80.019997,81.349998,71.684471,11880700
2014-04-09,81.800003,82.239998,81.320000,81.489998,71.807854,11550700
2014-04-10,81.580002,82.129997,80.889999,81.089996,71.455376,12194300
2014-04-11,80.980003,81.660004,80.500000,80.760002,71.164574,11831400
2014-04-14,81.000000,81.199997,80.510002,80.809998,71.208656,7105600
2014-04-15,80.790001,81.089996,80.519997,80.839996,71.235069,9000800
2014-04-16,81.279999,81.879997,81.029999,81.650002,71.948845,8300700
2014-04-17,81.470001,81.889999,81.339996,81.760002,72.045769,8374700
2014-04-21,81.809998,81.809998,81.290001,81.559998,71.869522,6391000
2014-04-22,81.540001,81.669998,81.150002,81.250000,71.596352,9259100
2014-04-23,80.720001,80.720001,79.379997,80.360001,71.377861,9577500
2014-04-24,80.260002,81.379997,80.010002,81.150002,72.079559,9523200
2014-04-25,81.199997,81.580002,80.970001,81.410004,72.310501,7497400
2014-04-28,81.540001,82.980003,81.510002,82.940002,73.669479,11595100
2014-04-29,82.750000,82.949997,82.360001,82.440002,73.225357,7214300
2014-04-30,82.389999,82.750000,82.239998,82.550003,73.323082,6243300
2014-05-01,82.389999,82.470001,81.760002,82.339996,73.136536,5305000
2014-05-02,82.220001,82.599998,81.750000,81.919998,72.763496,6629200
2014-05-05,81.639999,81.879997,81.470001,81.699997,72.568069,4563600
2014-05-06,81.760002,81.760002,81.120003,81.129997,72.061783,4591300
2014-05-07,81.449997,82.139999,81.419998,82.089996,72.914482,6639500
2014-05-08,82.059998,82.320000,81.820000,82.160004,72.976662,4631200
2014-05-09,82.199997,82.800003,82.139999,82.389999,73.180954,7303500
2014-05-12,82.610001,82.709999,81.709999,81.730003,72.594742,7859000
2014-05-13,81.940002,81.980003,81.419998,81.610001,72.488136,6540200
2014-05-14,81.739998,81.910004,81.120003,81.169998,72.097321,6867200
2014-05-15,81.250000,81.370003,80.440002,80.529999,71.528862,9402100
2014-05-16,80.629997,80.760002,80.000000,80.330002,71.351212,11558900
2014-05-19,80.010002,80.050003,79.540001,79.930000,70.995911,6068100
2014-05-20,80.019997,80.580002,79.970001,80.230003,71.262383,7057200
2014-05-21,80.339996,80.669998,80.019997,80.489998,71.493317,6339800
2014-05-22,80.370003,80.669998,80.050003,80.650002,71.635445,5561100
2014-05-23,80.510002,80.849998,80.400002,80.519997,71.519966,4472600
2014-05-27,80.550003,80.580002,80.050003,80.080002,71.129158,7003800
2014-05-28,80.029999,80.279999,80.019997,80.099998,71.146927,4201400
2014-05-29,80.099998,80.400002,80.080002,80.400002,71.413391,3886800
2014-05-30,80.250000,80.849998,80.169998,80.790001,71.759789,7433000
2014-06-02,80.660004,80.669998,80.290001,80.360001,71.377861,4331700
2014-06-03,80.040001,80.300003,79.599998,79.930000,70.995911,6970600
2014-06-04,80.000000,80.220001,79.639999,79.860001,70.933739,5427700
2014-06-05,80.110001,80.309998,79.970001,80.110001,71.155792,5787700
2014-06-06,80.089996,80.239998,79.820000,80.029999,71.084740,5520500
2014-06-09,79.910004,80.239998,79.849998,80.089996,71.138031,6352500
2014-06-10,80.029999,80.300003,80.000000,80.150002,71.191345,5658400
2014-06-11,80.050003,80.300003,79.879997,80.059998,71.111397,7453700
2014-06-12,79.820000,80.029999,79.690002,79.760002,70.844925,6526800
2014-06-13,79.730003,79.940002,79.500000,79.639999,70.738350,5214000
2014-06-16,79.519997,79.940002,79.110001,79.690002,70.782753,5334600
2014-06-17,79.610001,79.790001,79.349998,79.580002,70.685036,5337300
2014-06-18,79.440002,79.940002,79.129997,79.790001,70.871567,9614200
2014-06-19,79.849998,80.570000,79.800003,80.239998,71.271271,12485100
2014-06-20,80.440002,80.500000,79.830002,79.930000,70.995911,11659900
2014-06-23,80.059998,80.059998,79.360001,79.519997,70.631744,6938900
2014-06-24,79.419998,79.440002,78.919998,79.010002,70.178757,8157300
2014-06-25,79.040001,79.360001,78.650002,79.320000,70.454102,12569300
2014-06-26,79.239998,79.290001,78.589996,78.620003,69.832336,7258800
2014-06-27,78.599998,79.190002,78.519997,79.019997,70.187637,8974900
2014-06-30,79.010002,79.459999,78.430000,78.589996,69.805695,10297700
2014-07-01,78.870003,79.410004,78.510002,79.279999,70.418571,8421200
2014-07-02,79.559998,79.860001,79.440002,79.559998,70.667290,6276600
2014-07-03,79.930000,80.139999,79.639999,79.980003,71.040337,5501100
2014-07-07,79.750000,80.199997,79.660004,80.190002,71.226852,6673600
2014-07-08,80.029999,80.849998,79.910004,80.559998,71.555504,9150200
2014-07-09,80.660004,81.800003,80.500000,81.669998,72.541435,12113100
2014-07-10,81.269997,81.910004,81.190002,81.610001,72.488136,8786500
2014-07-11,81.059998,81.570000,81.000000,81.160004,72.088448,7519300
2014-07-14,81.360001,81.739998,81.300003,81.320000,72.230560,6802000
2014-07-15,81.510002,81.519997,81.089996,81.260002,72.177261,9637600
2014-07-16,80.900002,81.199997,80.750000,80.940002,72.467346,8940500
2014-07-17,80.989998,81.220001,80.389999,80.400002,71.983864,5844700
2014-07-18,80.550003,80.750000,80.160004,80.550003,72.118172,6502400
2014-07-21,80.330002,80.400002,79.949997,80.279999,71.876427,4434300
2014-07-22,80.290001,80.580002,79.769997,80.099998,71.715263,6073200
2014-07-23,80.330002,80.500000,79.820000,79.989998,71.616783,5891200
2014-07-24,80.120003,80.320000,79.849998,80.260002,71.858521,6273100
2014-07-25,80.019997,80.160004,79.370003,79.559998,71.231781,6293400
2014-07-28,79.410004,79.620003,78.849998,79.260002,70.963203,6757300
2014-07-29,79.089996,79.500000,78.650002,78.650002,70.417068,6419600
2014-07-30,78.699997,79.010002,78.139999,78.160004,69.978355,8296500
2014-07-31,77.760002,78.010002,77.290001,77.320000,69.226265,11235600
2014-08-01,79.250000,80.669998,78.830002,79.650002,71.312386,18110700
2014-08-04,79.459999,79.459999,78.660004,79.220001,70.927391,12075300
2014-08-05,78.989998,79.739998,78.980003,79.410004,71.097519,7995900
2014-08-06,79.400002,81.300003,79.269997,81.089996,72.601639,12839000
2014-08-07,81.019997,81.180000,80.010002,80.139999,71.751083,7904000
2014-08-08,80.050003,81.029999,80.040001,80.949997,72.476288,6215600
2014-08-11,81.230003,81.870003,81.029999,81.480003,72.950813,8188000
2014-08-12,81.500000,81.860001,81.209999,81.419998,72.897087,6591200
2014-08-13,81.639999,81.800003,81.110001,81.480003,72.950813,5472200
2014-08-14,81.589996,82.040001,81.440002,81.949997,73.371613,5930700
2014-08-15,82.230003,82.230003,81.180000,81.779999,73.219406,7418400
2014-08-18,81.989998,82.849998,81.809998,82.440002,73.810349,8450500
2014-08-19,82.349998,82.870003,82.120003,82.690002,74.034157,6867700
2014-08-20,82.459999,82.940002,82.459999,82.809998,74.141594,4581800
2014-08-21,82.800003,83.470001,82.690002,83.279999,74.562378,7099800
2014-08-22,83.160004,83.660004,83.139999,83.389999,74.660881,6978500
2014-08-25,83.739998,83.820000,83.309998,83.540001,74.795174,5586800
2014-08-26,83.610001,83.830002,83.330002,83.379997,74.651932,5188400
2014-08-27,83.430000,83.599998,83.160004,83.309998,74.589272,4248300
2014-08-28,83.019997,83.220001,82.760002,83.029999,74.338570,4278700
2014-08-29,83.089996,83.129997,82.599998,83.110001,74.410194,4901300
2014-09-02,83.209999,83.489998,82.709999,82.980003,74.293800,5528900
2014-09-03,83.260002,83.480003,82.769997,82.900002,74.222176,5851800
2014-09-04,82.919998,83.750000,82.779999,83.699997,74.938423,7444200
2014-09-05,83.440002,83.800003,83.070000,83.769997,75.001099,5888900
2014-09-08,83.570000,83.599998,83.129997,83.320000,74.598206,4899600
2014-09-09,83.050003,83.290001,82.830002,82.989998,74.302742,5202900
2014-09-10,83.199997,83.959999,83.150002,83.639999,74.884689,6715300
2014-09-11,83.610001,83.750000,83.370003,83.489998,74.750404,6341600
2014-09-12,83.209999,83.379997,82.860001,83.260002,74.544487,6358500
2014-09-15,83.180000,84.250000,83.139999,83.870003,75.090652,7004700
2014-09-16,83.580002,84.449997,83.559998,84.080002,75.278664,7143800
2014-09-17,84.019997,84.500000,83.930000,84.160004,75.350296,8273800
2014-09-18,84.180000,84.440002,84.070000,84.190002,75.377144,5309200
2014-09-19,84.519997,84.769997,84.180000,84.470001,75.627831,11377700
2014-09-22,84.639999,84.949997,84.489998,84.809998,75.932243,8397100
2014-09-23,84.650002,84.919998,84.440002,84.440002,75.600983,7723500
2014-09-24,84.330002,85.400002,84.330002,85.239998,76.317230,11694700
2014-09-25,85.019997,85.129997,84.330002,84.330002,75.502487,8212300
2014-09-26,84.540001,84.739998,83.860001,84.580002,75.726311,5478000
2014-09-29,84.110001,84.470001,83.660004,84.440002,75.600983,6360000
2014-09-30,84.339996,84.360001,83.680000,83.739998,74.974243,8074700
2014-10-01,84.019997,84.040001,83.029999,83.139999,74.437050,9024700
2014-10-02,83.099998,83.970001,82.949997,83.050003,74.356468,8858400
2014-10-03,83.440002,83.949997,82.879997,83.790001,75.019012,6701500
2014-10-06,83.570000,83.940002,83.190002,83.570000,74.822029,5656500
2014-10-07,83.379997,83.919998,83.120003,83.160004,74.454964,7378200
2014-10-08,83.339996,84.279999,83.209999,84.180000,75.368179,8107100
2014-10-09,84.209999,84.879997,83.529999,83.660004,74.902626,7765700
2014-10-10,83.949997,85.279999,83.910004,84.690002,75.824799,13732400
2014-10-13,84.309998,84.470001,83.309998,83.370003,74.642975,10066100
2014-10-14,83.910004,83.910004,83.029999,83.550003,74.804131,8210300
2014-10-15,82.589996,83.580002,81.760002,82.949997,74.266945,13283200
2014-10-16,81.650002,82.800003,81.570000,82.239998,73.631248,11310200
2014-10-17,82.949997,83.480003,82.029999,83.269997,74.553429,11786600
2014-10-20,83.250000,84.330002,82.830002,84.180000,75.368179,8558100
2014-10-21,84.470001,84.639999,83.660004,84.610001,75.753174,12389600
2014-10-22,84.059998,84.589996,83.919998,84.230003,75.991356,9747600
2014-10-23,84.260002,84.330002,82.300003,83.230003,75.089157,14292100
2014-10-24,85.099998,85.970001,84.910004,85.160004,76.830391,13465600
2014-10-27,84.959999,86.480003,84.830002,85.949997,77.543114,10316600
2014-10-28,86.199997,86.650002,86.169998,86.470001,78.012253,9437700
2014-10-29,86.669998,86.669998,85.910004,86.540001,78.075424,6880600
2014-10-30,86.160004,87.000000,85.669998,86.940002,78.436287,5560300
2014-10-31,87.080002,87.360001,86.709999,87.269997,78.734001,9359800
2014-11-03,86.660004,87.389999,86.199997,87.379997,78.833244,7789500
2014-11-04,87.489998,88.870003,87.440002,88.639999,79.970009,10594800
2014-11-05,88.739998,89.489998,88.360001,89.000000,80.294800,8462000
2014-11-06,89.080002,89.199997,88.570000,88.900002,80.204567,6628900
2014-11-07,88.739998,89.199997,88.250000,89.129997,80.412071,5975700
2014-11-10,88.919998,89.500000,88.260002,89.449997,80.700768,5927100
2014-11-11,89.379997,89.790001,89.169998,89.669998,80.899254,6343900
2014-11-12,89.599998,89.879997,89.419998,89.480003,80.727844,6298700
2014-11-13,88.940002,89.839996,88.459999,88.599998,79.933907,10191600
2014-11-14,88.699997,88.889999,87.930000,88.110001,79.491837,7559400
2014-11-17,88.000000,88.180000,87.370003,87.839996,79.248245,9475800
2014-11-18,88.019997,88.180000,87.489998,87.949997,79.347496,6419400
2014-11-19,88.239998,88.870003,87.930000,88.730003,80.051208,6570400
2014-11-20,88.330002,88.800003,88.330002,88.470001,79.816620,5527600
2014-11-21,89.260002,89.430000,88.459999,88.599998,79.933907,8984100
2014-11-24,88.879997,88.889999,87.860001,88.110001,79.491837,5569200
2014-11-25,88.360001,88.820000,88.080002,88.800003,80.114365,6439700
2014-11-26,88.830002,88.879997,88.449997,88.879997,80.186523,4420000
2014-11-28,89.089996,90.559998,88.970001,90.430000,81.584923,7661800
2014-12-01,90.169998,90.669998,89.519997,90.080002,81.269157,6745100
2014-12-02,90.440002,91.169998,90.120003,91.070000,82.162315,7432900
2014-12-03,90.839996,90.970001,89.639999,90.000000,81.196960,6465600
2014-12-04,90.500000,90.940002,90.099998,90.580002,81.720238,6406700
2014-12-05,90.320000,90.419998,89.209999,90.379997,81.539810,6383400
2014-12-08,90.339996,91.000000,90.320000,90.760002,81.882645,4721900
2014-12-09,90.470001,90.779999,89.870003,90.709999,81.837532,5704000
2014-12-10,90.949997,91.099998,89.959999,90.000000,81.196960,6293300
2014-12-11,90.000000,91.279999,89.980003,90.410004,81.566864,6468700
2014-12-12,90.010002,90.970001,89.529999,89.550003,80.790993,6574600
2014-12-15,89.699997,90.599998,89.029999,89.199997,80.475220,6511900
2014-12-16,89.139999,90.959999,88.379997,89.360001,80.619576,8773800
2014-12-17,89.559998,91.160004,89.400002,90.699997,81.828506,7412700
2014-12-18,91.010002,92.000000,90.550003,92.000000,83.001366,8724500
2014-12-19,92.150002,92.730003,91.760002,92.050003,83.046478,14037800
2014-12-22,92.099998,92.730003,92.000000,92.599998,83.542671,7157100
2014-12-23,92.739998,93.480003,92.699997,93.290001,84.165184,5610600
2014-12-24,93.500000,93.889999,93.139999,93.139999,84.029846,2403000
2014-12-26,93.150002,93.809998,93.059998,93.459999,84.318558,3148700
2014-12-29,93.120003,93.430000,92.500000,92.639999,83.578758,4657700
2014-12-30,92.250000,92.820000,92.099998,92.400002,83.362221,4730000
2014-12-31,92.040001,92.550003,91.029999,91.089996,82.180359,5712100
2015-01-02,90.839996,91.000000,89.919998,90.440002,81.593941,7251400
2015-01-05,90.230003,91.000000,89.849998,90.010002,81.206001,8626100
2015-01-06,90.309998,90.559998,89.260002,89.599998,80.836098,7791200
2015-01-07,89.940002,90.370003,89.559998,90.070000,81.260124,5986600
2015-01-08,90.480003,91.230003,90.129997,91.099998,82.189384,6823300
2015-01-09,91.180000,91.180000,90.120003,90.250000,81.422531,4872800
2015-01-12,90.480003,90.620003,89.510002,89.919998,81.124794,5247600
2015-01-13,90.779999,91.500000,89.769997,90.300003,81.467644,6727100
2015-01-14,89.730003,90.160004,89.430000,89.989998,81.187965,6418200
2015-01-15,89.989998,90.500000,89.339996,89.860001,81.070671,6768200
2015-01-16,89.949997,91.339996,89.870003,91.250000,82.324699,8815700
2015-01-20,91.250000,91.790001,90.500000,91.190002,82.270592,9869900
2015-01-21,90.400002,91.190002,89.629997,90.730003,82.437759,6974500
2015-01-22,91.040001,91.690002,89.870003,91.620003,83.246429,7211200
2015-01-23,91.169998,91.190002,89.949997,90.080002,81.847191,6738200
2015-01-26,89.949997,89.949997,88.739998,89.580002,81.392860,9371700
2015-01-27,87.099998,87.209999,86.019997,86.489998,78.585289,14417400
2015-01-28,86.629997,86.910004,85.010002,85.150002,77.367752,14033400
2015-01-29,85.779999,86.110001,85.150002,85.669998,77.840210,12054500
2015-01-30,85.089996,85.220001,84.250000,84.290001,76.586357,14685300
2015-02-02,84.580002,85.139999,83.680000,85.120003,77.340492,10278700
2015-02-03,85.949997,86.000000,85.120003,85.949997,78.094635,10746700
2015-02-04,85.889999,86.480003,85.550003,85.790001,77.949249,9212800
2015-02-05,86.239998,86.779999,86.099998,86.699997,78.776093,6531300
2015-02-06,86.559998,86.610001,85.150002,85.610001,77.785698,8330800
2015-02-09,85.309998,85.430000,84.589996,85.050003,77.276894,8811500
2015-02-10,85.330002,85.570000,84.820000,85.389999,77.585815,7059300
2015-02-11,85.949997,86.199997,85.150002,85.639999,77.812973,7184600
2015-02-12,86.059998,86.150002,85.410004,86.029999,78.167328,6074600
2015-02-13,86.029999,86.150002,85.500000,85.900002,78.049202,6272000
2015-02-17,86.059998,86.059998,85.000000,85.489998,77.676659,10310400
2015-02-18,85.760002,86.389999,85.519997,86.260002,78.376312,7515600
2015-02-19,86.110001,86.300003,85.050003,85.209999,77.422279,7271600
2015-02-20,84.949997,85.050003,84.190002,84.870003,77.113342,9581300
2015-02-23,84.959999,85.500000,84.650002,85.389999,77.585815,7919200
2015-02-24,85.510002,85.739998,85.010002,85.500000,77.685768,6418100
2015-02-25,85.699997,85.800003,85.239998,85.459999,77.649422,5975800
2015-02-26,85.419998,85.760002,84.889999,85.169998,77.385925,7964500
2015-02-27,85.019997,85.379997,84.570000,85.129997,77.349571,7685000
2015-03-02,85.129997,85.410004,84.839996,85.410004,77.603996,7235200
2015-03-03,85.349998,85.440002,84.540001,85.160004,77.376839,6095600
2015-03-04,85.040001,85.239998,84.209999,84.349998,76.640862,7341700
2015-03-05,84.620003,84.760002,84.089996,84.629997,76.895279,5914200
2015-03-06,84.339996,84.370003,82.370003,82.660004,75.105331,11338700
2015-03-09,82.790001,83.209999,82.680000,83.089996,75.496025,7326700
2015-03-10,82.470001,82.879997,81.540001,81.540001,74.087700,9627900
2015-03-11,81.529999,81.779999,80.809998,81.389999,73.951401,10066600
2015-03-12,81.589996,82.120003,81.510002,82.089996,74.587418,6951100
2015-03-13,81.980003,82.279999,81.150002,81.830002,74.351189,7492500
2015-03-16,82.080002,83.949997,81.989998,83.559998,75.923058,15618300
2015-03-17,83.360001,83.370003,82.430000,82.849998,75.277939,7455000
2015-03-18,82.860001,84.050003,82.019997,83.750000,76.095711,12602400
2015-03-19,83.459999,83.750000,83.120003,83.379997,75.759514,9257500
2015-03-20,83.989998,84.790001,83.769997,84.739998,76.995239,22580300
2015-03-23,84.370003,85.050003,84.360001,84.860001,77.104256,9828300
2015-03-24,84.889999,85.110001,83.870003,83.919998,76.250160,7478800
2015-03-25,84.370003,84.370003,82.860001,83.010002,75.423332,8482200
2015-03-26,82.580002,82.610001,81.949997,82.150002,74.641930,7311600
2015-03-27,82.080002,82.540001,81.989998,82.309998,74.787292,6440600
2015-03-30,82.629997,82.949997,82.150002,82.720001,75.159836,6416800
2015-03-31,82.760002,82.930000,81.940002,81.940002,74.451134,8649700
2015-04-01,82.440002,82.449997,81.449997,82.320000,74.796402,7371800
2015-04-02,82.169998,82.589996,81.919998,82.430000,74.896355,6169800
2015-04-06,81.919998,83.230003,81.510002,83.040001,75.450592,6856300
2015-04-07,82.930000,83.290001,82.330002,82.389999,74.860008,6329900
2015-04-08,82.300003,83.180000,82.269997,82.769997,75.205261,6523400
2015-04-09,82.629997,82.949997,82.010002,82.889999,75.314293,6185000
2015-04-10,82.800003,83.629997,82.720001,83.349998,75.732269,7001700
2015-04-13,83.000000,83.949997,82.940002,83.430000,75.804947,8290500
2015-04-14,83.389999,83.879997,83.050003,83.599998,75.959412,6170500
2015-04-15,83.849998,84.199997,83.480003,83.510002,75.877640,7006400
2015-04-16,83.559998,84.070000,83.349998,83.500000,75.868546,7615900
2015-04-17,83.000000,83.220001,82.029999,82.529999,74.987198,9533800
2015-04-20,83.089996,83.980003,82.800003,82.870003,75.296135,7414000
2015-04-21,83.389999,83.800003,82.900002,83.080002,75.486946,7696400
2015-04-22,83.220001,83.339996,82.599998,83.089996,75.496025,6753100
2015-04-23,81.419998,82.099998,80.900002,80.949997,74.143211,14569500
2015-04-24,81.040001,81.529999,80.900002,81.000000,74.189026,8785500
2015-04-27,80.910004,81.199997,80.470001,80.599998,73.822662,9192300
2015-04-28,80.730003,80.820000,80.190002,80.419998,73.657768,8395500
2015-04-29,80.000000,80.309998,79.720001,79.849998,73.135704,11858500
2015-04-30,79.949997,80.150002,79.070000,79.510002,72.824310,9409300
2015-05-01,79.760002,80.320000,79.629997,80.290001,73.538712,8193000
2015-05-04,80.480003,80.970001,80.300003,80.349998,73.593674,7203800
2015-05-05,80.500000,80.650002,79.779999,80.070000,73.337212,6589400
2015-05-06,80.339996,80.580002,79.519997,80.400002,73.639481,7335700
2015-05-07,80.370003,80.550003,80.000000,80.199997,73.456276,7224300
2015-05-08,80.889999,81.209999,80.820000,80.959999,74.152359,6929400
2015-05-11,80.949997,80.989998,80.260002,80.269997,73.520393,5237800
2015-05-12,80.029999,80.290001,79.360001,79.949997,73.227310,6305800
2015-05-13,80.160004,80.589996,79.550003,79.699997,72.998314,6459900
2015-05-14,80.110001,80.690002,80.089996,80.570000,73.795174,5634200
2015-05-15,80.830002,81.120003,80.730003,81.050003,74.234818,7454800
2015-05-18,80.970001,81.129997,80.500000,80.739998,73.950882,5578900
2015-05-19,80.750000,80.949997,80.330002,80.830002,74.033318,5729500
2015-05-20,80.930000,81.000000,80.449997,80.480003,73.712730,5487000
2015-05-21,80.169998,80.580002,79.839996,80.410004,73.648643,6054700
2015-05-22,80.239998,80.400002,79.919998,79.949997,73.227310,6003600
2015-05-26,79.970001,80.070000,78.940002,79.139999,72.485428,6698300
2015-05-27,79.220001,79.940002,79.089996,79.389999,72.714386,8094600
2015-05-28,79.430000,79.449997,79.019997,79.330002,72.659447,5803400
2015-05-29,79.180000,79.239998,78.190002,78.389999,71.798470,12491400
2015-06-01,78.650002,79.070000,78.269997,78.849998,72.219803,7588000
2015-06-02,78.459999,78.720001,78.169998,78.540001,71.935875,7352800
2015-06-03,78.910004,78.930000,78.269997,78.559998,71.954185,5985800
2015-06-04,78.410004,78.839996,78.059998,78.150002,71.578659,7714600
2015-06-05,78.040001,78.120003,77.370003,77.430000,70.919197,9439700
2015-06-08,77.480003,77.980003,77.099998,77.709999,71.175659,10885800
2015-06-09,77.970001,79.330002,77.820000,78.900002,72.265587,11528900
2015-06-10,79.230003,79.790001,79.010002,79.540001,72.851784,9483500
2015-06-11,79.930000,79.930000,79.239998,79.410004,72.732712,7633300
2015-06-12,79.169998,79.320000,78.570000,78.870003,72.238121,6508600
2015-06-15,78.330002,78.459999,77.930000,78.120003,71.551178,7527900
2015-06-16,79.599998,79.599998,78.540001,79.099998,72.448769,8285700
2015-06-17,79.199997,80.190002,79.160004,80.080002,73.346382,9305800
2015-06-18,80.330002,81.220001,80.300003,80.820000,74.024139,10712500
2015-06-19,80.709999,81.199997,80.480003,80.540001,73.767708,15598800
2015-06-22,80.919998,81.180000,80.330002,80.449997,73.685249,6907900
2015-06-23,80.330002,80.449997,79.620003,79.790001,73.080765,7190600
2015-06-24,79.800003,79.849998,79.500000,79.510002,72.824310,8843700
2015-06-25,79.709999,79.900002,79.389999,79.389999,72.714386,5855700
2015-06-26,79.540001,79.739998,79.279999,79.339996,72.668587,7703200
2015-06-29,78.949997,79.370003,78.260002,78.320000,71.734360,7966200
2015-06-30,78.919998,79.010002,78.129997,78.239998,71.661095,8451400
2015-07-01,78.389999,79.769997,78.120003,79.720001,73.016640,8868000
2015-07-02,80.010002,80.349998,79.769997,79.930000,73.208992,6602500
2015-07-06,79.610001,80.220001,79.500000,80.050003,73.318886,6601200
2015-07-07,80.059998,81.830002,80.059998,81.720001,74.848473,11690400
2015-07-08,81.209999,81.690002,80.889999,80.989998,74.179848,6724700
2015-07-09,81.750000,82.000000,80.519997,80.660004,73.877602,10419800
2015-07-10,81.230003,81.360001,80.760002,80.949997,74.143211,6892500
2015-07-13,81.519997,82.040001,81.339996,81.910004,75.022507,7332900
2015-07-14,82.040001,82.459999,81.980003,82.040001,75.141571,6119500
2015-07-15,81.910004,82.320000,81.839996,82.150002,75.242317,6673700
2015-07-16,82.449997,82.550003,82.099998,82.300003,75.379707,6623400
2015-07-17,81.889999,82.379997,81.599998,82.239998,75.324745,5827300
2015-07-20,82.089996,82.349998,82.000000,82.190002,75.278938,4952100
2015-07-21,82.010002,82.129997,81.370003,81.629997,74.766037,7512400
2015-07-22,81.029999,81.300003,80.669998,80.830002,74.639534,6106400
2015-07-23,80.830002,80.889999,80.139999,80.699997,74.519478,5380900
2015-07-24,80.510002,80.730003,80.230003,80.290001,74.140892,5660800
2015-07-27,79.830002,80.070000,79.430000,79.970001,73.845398,8613600
2015-07-28,80.139999,80.660004,79.910004,80.230003,74.085487,8649900
2015-07-29,80.260002,80.989998,80.160004,80.620003,74.445618,8921500
2015-07-30,79.400002,79.480003,77.150002,77.389999,71.462990,22067800
2015-07-31,77.629997,77.739998,76.660004,76.699997,70.825821,11877200
2015-08-03,76.510002,77.089996,76.010002,76.400002,70.548820,9511300
2015-08-04,76.029999,76.339996,75.750000,75.910004,70.096336,13369100
2015-08-05,76.050003,76.540001,75.750000,75.769997,69.967049,10895400
2015-08-06,76.010002,76.010002,75.250000,75.739998,69.939346,9353300
2015-08-07,75.589996,75.720001,75.339996,75.480003,69.699265,10045400
2015-08-10,75.949997,76.500000,75.800003,76.379997,70.530334,9165900
2015-08-11,76.040001,76.449997,75.809998,76.220001,70.382607,7462000
2015-08-12,75.889999,76.430000,75.339996,76.389999,70.539581,10397700
2015-08-13,76.489998,76.510002,75.629997,75.779999,69.976303,5948000
2015-08-14,75.739998,75.809998,75.379997,75.620003,69.828545,5580600
2015-08-17,75.809998,75.809998,74.750000,75.529999,69.745445,8683900
2015-08-18,75.580002,75.800003,75.000000,75.129997,69.376068,7445900
2015-08-19,74.930000,74.930000,74.019997,74.120003,68.443428,9865300
2015-08-20,73.750000,74.720001,73.459999,73.910004,68.249512,10696500
2015-08-21,73.550003,73.900002,71.830002,71.839996,66.338036,15763900
2015-08-24,68.570000,71.070000,65.019997,69.139999,63.844822,23696300
2015-08-25,72.180000,72.230003,68.300003,68.419998,63.179958,21476900
2015-08-26,69.900002,71.000000,68.949997,70.900002,65.470032,17464700
2015-08-27,71.400002,71.750000,70.019997,71.480003,66.005615,13434000
2015-08-28,71.169998,71.269997,70.589996,71.209999,65.756287,10020000
2015-08-31,71.000000,71.000000,70.300003,70.669998,65.257645,9351800
2015-09-01,69.370003,69.879997,68.519997,68.900002,63.623215,15437700
2015-09-02,69.650002,69.849998,69.220001,69.809998,64.463524,8903700
2015-09-03,70.180000,70.459999,69.699997,69.930000,64.574318,8468300
2015-09-04,69.279999,69.279999,68.500000,68.760002,63.493927,11497500
2015-09-08,70.309998,70.440002,69.559998,69.980003,64.620506,9182300
2015-09-09,70.440002,70.540001,68.370003,68.480003,63.235382,10968000
2015-09-10,68.120003,68.949997,67.750000,68.320000,63.087624,12591100
2015-09-11,68.059998,68.510002,67.730003,68.419998,63.179958,11291400
2015-09-14,68.230003,68.300003,67.330002,68.059998,62.847534,9712800
2015-09-15,68.019997,69.739998,67.900002,69.449997,64.131088,10974500
2015-09-16,70.120003,70.360001,69.699997,70.099998,64.731300,8704200
2015-09-17,70.000000,71.269997,69.860001,70.239998,64.860580,11029600
2015-09-18,69.440002,70.779999,69.370003,69.940002,64.583557,18003300
2015-09-21,70.150002,70.879997,70.010002,70.650002,65.239182,7742800
2015-09-22,70.059998,70.650002,69.980003,70.190002,64.814407,10207800
2015-09-23,70.180000,70.489998,69.959999,70.260002,64.879059,6294200
2015-09-24,69.820000,71.580002,69.739998,71.360001,65.894814,13423500
2015-09-25,72.389999,73.379997,71.949997,72.669998,67.104469,15080700
2015-09-28,72.309998,72.669998,71.750000,71.769997,66.273392,9207300
2015-09-29,71.769997,72.410004,71.349998,72.279999,66.744339,9033300
2015-09-30,72.860001,73.059998,71.550003,71.940002,66.430374,10860500
2015-10-01,71.760002,72.180000,71.400002,71.949997,66.439613,8547600
2015-10-02,71.360001,72.419998,71.290001,72.419998,66.873627,9085600
2015-10-05,72.970001,73.430000,72.500000,73.220001,67.612350,9187700
2015-10-06,73.339996,73.779999,72.589996,73.400002,67.778557,8851500
2015-10-07,73.720001,73.870003,73.320000,73.720001,68.074074,8013200
2015-10-08,73.680000,74.440002,73.489998,74.400002,68.701988,6856600
2015-10-09,74.589996,74.910004,74.320000,74.480003,68.775856,6880100
2015-10-12,74.690002,74.760002,73.910004,74.330002,68.637352,6255900
2015-10-13,74.239998,74.279999,73.660004,74.110001,68.434189,8390200
2015-10-14,74.209999,74.610001,73.900002,74.209999,68.526527,8479200
2015-10-15,74.639999,74.839996,74.029999,74.269997,68.581917,8607400
2015-10-16,74.720001,75.040001,74.339996,74.900002,69.163689,9578900
2015-10-19,74.650002,75.190002,74.529999,75.160004,69.403778,7292200
2015-10-20,74.870003,75.050003,74.160004,74.430000,68.729691,8507100
2015-10-21,73.750000,74.540001,73.500000,73.589996,68.564758,8302100
2015-10-22,73.860001,75.610001,73.610001,74.849998,69.738716,14080900
2015-10-23,76.760002,78.449997,76.309998,77.029999,71.769867,16451200
2015-10-26,77.000000,77.900002,77.000000,77.489998,72.198448,11464700
2015-10-27,77.120003,77.360001,76.809998,77.290001,72.012115,9423400
2015-10-28,77.389999,77.540001,75.690002,76.510002,71.285378,10178400
2015-10-29,76.750000,77.190002,76.239998,77.019997,71.760529,8214600
2015-10-30,76.980003,77.139999,76.379997,76.379997,71.164246,9547700
2015-11-02,76.570000,76.769997,76.050003,76.599998,71.369225,7152900
2015-11-03,76.300003,77.419998,75.959999,77.050003,71.788506,8013200
2015-11-04,77.029999,77.139999,76.510002,77.059998,71.797798,6375400
2015-11-05,77.089996,77.260002,75.959999,76.389999,71.173569,6860900
2015-11-06,75.879997,76.000000,74.690002,75.570000,70.409569,9483500
2015-11-09,75.190002,75.629997,74.930000,75.400002,70.251167,8607200
2015-11-10,75.379997,76.239998,75.230003,75.769997,70.595894,6551000
2015-11-11,76.019997,76.430000,75.919998,75.959999,70.772934,5295900
2015-11-12,75.669998,76.010002,74.660004,74.660004,69.561699,7678600
2015-11-13,74.639999,74.980003,73.949997,73.959999,68.909492,8468800
2015-11-16,74.250000,75.330002,74.010002,75.300003,70.157997,7410600
2015-11-17,75.330002,76.010002,74.870003,75.070000,69.943710,8761800
2015-11-18,74.980003,75.959999,74.809998,75.900002,70.717041,6447100
2015-11-19,76.139999,76.959999,76.019997,76.220001,71.015175,7899500
2015-11-20,76.550003,76.860001,75.680000,75.820000,70.642487,9533200
2015-11-23,75.820000,76.059998,75.400002,75.970001,70.782257,9421300
2015-11-24,75.620003,76.690002,75.610001,76.449997,71.229477,7086800
2015-11-25,76.529999,76.739998,75.879997,75.900002,70.717041,4266500
2015-11-27,75.889999,76.370003,75.500000,75.699997,70.530678,2390100
2015-11-30,75.580002,75.809998,74.839996,74.839996,69.729408,8935700
2015-12-01,74.870003,76.220001,74.870003,75.940002,70.754303,8391700
2015-12-02,75.730003,76.459999,75.650002,75.790001,70.614540,8104200
2015-12-03,75.830002,76.199997,75.169998,75.739998,70.567947,11177800
2015-12-04,75.980003,77.900002,75.919998,77.830002,72.515228,11961000
2015-12-07,77.540001,78.500000,77.540001,78.370003,73.018364,9460000
2015-12-08,77.680000,78.500000,77.349998,77.750000,72.440704,8312700
2015-12-09,77.599998,78.989998,77.440002,77.699997,72.394104,10081900
2015-12-10,77.910004,78.540001,77.570000,77.790001,72.477966,8915900
2015-12-11,77.510002,78.330002,77.110001,77.779999,72.468658,12280500
2015-12-14,77.629997,78.529999,77.440002,78.290001,72.943817,12098800
2015-12-15,78.709999,80.000000,78.480003,79.680000,74.238907,14113400
2015-12-16,79.980003,81.230003,79.800003,80.989998,75.459450,14102600
2015-12-17,80.980003,81.029999,80.199997,80.290001,74.807251,9864200
2015-12-18,79.949997,80.120003,78.129997,78.129997,72.794746,21342100
2015-12-21,78.629997,78.980003,78.150002,78.949997,73.558746,9105800
2015-12-22,79.160004,79.750000,78.879997,79.599998,74.164368,9837500
2015-12-23,79.949997,80.430000,79.500000,79.919998,74.462509,8254600
2015-12-24,79.660004,80.150002,79.599998,79.790001,74.341385,2498000
2015-12-28,79.739998,79.970001,79.470001,79.919998,74.462509,4144400
2015-12-29,80.220001,80.610001,79.849998,80.360001,74.872475,4406100
2015-12-30,80.459999,80.500000,80.000000,80.070000,74.602272,3793200
2015-12-31,79.910004,80.040001,79.309998,79.410004,73.987350,5077700
2016-01-04,78.360001,78.500000,77.540001,78.370003,73.018364,11529800
2016-01-05,78.440002,78.959999,78.209999,78.620003,73.251297,8133700
2016-01-06,77.669998,78.290001,77.120003,77.860001,72.543182,9551000
2016-01-07,76.849998,77.599998,76.070000,77.180000,71.909615,11973900
2016-01-08,77.360001,77.480003,75.669998,75.970001,70.782257,9676400
2016-01-11,76.169998,77.040001,75.599998,76.669998,71.434441,10191500
2016-01-12,77.000000,77.019997,75.750000,76.510002,71.285378,8774700
2016-01-13,76.970001,76.989998,75.790001,75.849998,70.670441,9310100
2016-01-14,76.099998,76.949997,75.879997,76.150002,70.949959,12835100
2016-01-15,74.500000,75.680000,74.470001,74.980003,69.859848,17023900
2016-01-19,75.800003,76.910004,75.720001,76.730003,71.490341,13457300
2016-01-20,75.290001,76.089996,74.459999,75.830002,71.267624,17795000
2016-01-21,76.019997,77.180000,75.410004,76.720001,72.104065,12712900
2016-01-22,77.400002,77.970001,76.550003,77.360001,72.705559,9465800
2016-01-25,77.199997,77.360001,76.559998,76.849998,72.226242,9870400
2016-01-26,78.000000,79.580002,77.540001,78.809998,74.068306,16253100
2016-01-27,78.529999,79.849998,78.150002,78.800003,74.058922,10816100
2016-01-28,79.400002,80.000000,78.610001,79.820000,75.017548,9895100
2016-01-29,79.980003,82.000000,79.830002,81.690002,76.775047,19895000
2016-02-01,81.209999,81.400002,80.529999,81.120003,76.239334,9657200
2016-02-02,80.089996,80.540001,79.809998,80.220001,75.393486,9116400
2016-02-03,80.480003,81.239998,80.019997,81.099998,76.220535,10149600
2016-02-04,80.849998,81.099998,80.330002,80.699997,75.844597,8111500
2016-02-05,80.580002,81.199997,80.570000,81.199997,76.314507,9957600
2016-02-08,80.290001,82.720001,80.290001,82.620003,77.649094,16530200
2016-02-09,81.830002,83.000000,81.019997,82.639999,77.667862,14092800
2016-02-10,82.910004,83.000000,81.459999,81.620003,76.709251,10585400
2016-02-11,80.389999,80.989998,79.629997,79.900002,75.092743,12343900
2016-02-12,80.360001,81.019997,79.790001,80.989998,76.117157,9306100
2016-02-16,81.989998,81.989998,80.839996,81.470001,76.568268,9352600
2016-02-17,81.650002,82.830002,81.510002,82.449997,77.489319,10892900
2016-02-18,82.230003,82.320000,81.209999,81.980003,77.047592,7702600
2016-02-19,81.959999,82.260002,81.400002,81.790001,76.869026,7709600
2016-02-22,81.790001,82.669998,81.709999,82.129997,77.188553,6916500
2016-02-23,82.000000,82.459999,81.610001,81.809998,76.887817,5840600
2016-02-24,81.260002,81.639999,80.660004,81.559998,76.652878,6759800
2016-02-25,81.699997,82.339996,81.470001,82.339996,77.385925,6588600
2016-02-26,82.519997,82.650002,80.949997,81.099998,76.220535,9281100
2016-02-29,81.099998,81.349998,80.209999,80.290001,75.459267,11065300
2016-03-01,80.540001,81.360001,80.529999,81.230003,76.342720,9483900
2016-03-02,81.580002,82.660004,80.849998,82.550003,77.583298,12096600
2016-03-03,82.540001,82.930000,82.180000,82.839996,77.855843,8735000
2016-03-04,82.620003,83.739998,82.260002,83.489998,78.466736,9406700
2016-03-07,83.180000,83.699997,83.000000,83.099998,78.100189,6792400
2016-03-08,82.970001,83.750000,82.669998,83.059998,78.062599,7788400
2016-03-09,83.300003,83.690002,82.680000,82.959999,77.968620,8954800
2016-03-10,83.129997,83.230003,81.750000,82.279999,77.329544,10384000
2016-03-11,82.750000,82.800003,81.440002,81.750000,76.831421,11109500
2016-03-14,81.570000,81.849998,80.680000,81.169998,76.286324,12389300
2016-03-15,81.000000,81.459999,80.760002,81.309998,76.417892,9297800
2016-03-16,81.309998,81.800003,80.480003,81.339996,76.446091,9490300
2016-03-17,81.290001,83.230003,81.279999,82.750000,77.771271,12061500
2016-03-18,82.860001,83.500000,82.440002,83.150002,78.147186,33635200
2016-03-21,83.120003,83.870003,82.910004,83.320000,78.306961,8625600
2016-03-22,83.279999,83.320000,82.489998,82.739998,77.761856,7205900
2016-03-23,82.720001,83.489998,82.580002,82.820000,77.837051,5594600
2016-03-24,82.459999,83.120003,82.430000,82.889999,77.902832,6645700
2016-03-28,82.989998,83.449997,82.519997,82.620003,77.649094,4988500
2016-03-29,82.660004,83.089996,82.160004,82.800003,77.818253,6696100
2016-03-30,83.089996,83.360001,82.650002,82.680000,77.705475,6925400
2016-03-31,82.750000,83.000000,82.150002,82.309998,77.357727,6819200
2016-04-01,82.000000,83.620003,81.930000,83.529999,78.504333,8028600
2016-04-04,83.650002,83.650002,83.029999,83.209999,78.203583,5593400
2016-04-05,83.160004,83.559998,82.989998,83.160004,78.156586,5259100
2016-04-06,83.139999,83.839996,83.080002,83.809998,78.767487,6244400
2016-04-07,83.239998,83.680000,82.870003,83.239998,78.231773,6655900
2016-04-08,83.440002,83.449997,82.769997,83.199997,78.194183,5453000
2016-04-11,83.029999,83.339996,82.660004,82.730003,77.752457,7081500
2016-04-12,82.709999,83.209999,82.449997,82.830002,77.846451,6994200
2016-04-13,83.050003,83.430000,81.839996,82.459999,77.498703,11738600
2016-04-14,81.949997,82.370003,81.540001,82.010002,77.707161,6892600
2016-04-15,82.050003,82.430000,81.849998,82.300003,77.981956,7299300
2016-04-18,82.300003,82.989998,82.019997,82.830002,78.484138,5545000
2016-04-19,82.910004,83.699997,82.849998,83.279999,78.910530,6606100
2016-04-20,83.290001,83.339996,81.480003,81.550003,77.271294,9124200
2016-04-21,81.040001,81.309998,80.550003,80.800003,76.560654,8802100
2016-04-22,80.400002,80.949997,79.910004,80.949997,76.702774,8027700
2016-04-25,80.919998,81.480003,80.419998,81.410004,77.138649,7672800
2016-04-26,81.500000,81.500000,79.209999,79.550003,75.376244,13742300
2016-04-27,79.470001,80.150002,79.099998,79.889999,75.698387,7689700
2016-04-28,79.480003,80.269997,79.389999,79.760002,75.575218,7615900
2016-04-29,79.669998,80.150002,79.370003,80.120003,75.916328,9391000
2016-05-02,80.019997,81.300003,80.019997,80.970001,76.721725,7862600
2016-05-03,80.800003,81.699997,80.690002,81.099998,76.844910,7617500
2016-05-04,80.870003,81.769997,80.870003,81.599998,77.318672,7365900
2016-05-05,81.599998,82.089996,80.919998,81.300003,77.034416,6399500
2016-05-06,81.419998,82.250000,81.169998,82.129997,77.820869,6297200
2016-05-09,82.209999,82.730003,81.970001,82.120003,77.811394,6718800
2016-05-10,82.150002,82.680000,82.120003,82.480003,78.152512,6222400
2016-05-11,82.500000,82.889999,82.129997,82.150002,77.839828,5975000
2016-05-12,82.480003,82.739998,82.110001,82.410004,78.086182,4925000
2016-05-13,82.419998,82.419998,81.000000,81.230003,76.968094,6579000
2016-05-16,81.010002,81.889999,80.750000,81.629997,77.347099,6497200
2016-05-17,81.639999,82.059998,80.330002,80.620003,76.390091,10188200
2016-05-18,80.589996,80.769997,79.410004,79.849998,75.660492,8344100
2016-05-19,79.639999,80.220001,79.449997,80.190002,75.982651,6242500
2016-05-20,80.440002,80.500000,79.790001,80.019997,75.821571,6526800
2016-05-23,80.050003,80.330002,79.849998,80.199997,75.992119,5617000
2016-05-24,80.300003,81.379997,80.300003,80.970001,76.721725,6293300
2016-05-25,81.080002,81.769997,81.010002,81.480003,77.204979,6049800
2016-05-26,81.480003,81.599998,81.089996,81.220001,76.958618,4560400
2016-05-27,81.269997,81.660004,81.160004,81.430000,77.157593,4322200
2016-05-31,81.580002,81.820000,80.739998,81.040001,76.788071,6705000
2016-06-01,80.949997,81.800003,80.860001,81.790001,77.498703,6184100
2016-06-02,81.529999,81.949997,81.330002,81.949997,77.650307,5184500
2016-06-03,81.930000,82.489998,81.779999,82.470001,78.143036,6306700
2016-06-06,82.400002,82.830002,82.230003,82.769997,78.427284,5292300
2016-06-07,82.760002,82.889999,82.250000,82.320000,78.000900,6327500
2016-06-08,82.370003,82.750000,82.019997,82.650002,78.313576,4712600
2016-06-09,82.580002,83.260002,82.430000,83.169998,78.806290,6144900
2016-06-10,82.769997,83.339996,82.610001,83.199997,78.834717,6840800
2016-06-13,82.959999,83.400002,82.529999,82.570000,78.237785,6167400
2016-06-14,82.550003,83.370003,82.269997,83.349998,78.976860,6868600
2016-06-15,83.400002,83.500000,82.820000,82.949997,78.597847,7082200
2016-06-16,82.669998,83.610001,82.660004,83.410004,79.033722,6630100
2016-06-17,83.309998,83.440002,82.349998,83.129997,78.768402,11741700
2016-06-20,83.519997,83.699997,83.029999,83.040001,78.683128,6164300
2016-06-21,83.089996,83.779999,83.089996,83.410004,79.033722,6594700
2016-06-22,83.500000,83.760002,83.290001,83.570000,79.185310,4940100
2016-06-23,83.809998,84.209999,83.570000,84.209999,79.791725,7361300
2016-06-24,82.610001,83.820000,81.989998,82.260002,77.944054,12401100
2016-06-27,81.830002,81.889999,81.000000,81.230003,76.968094,9601800
2016-06-28,81.440002,82.489998,80.949997,82.459999,78.133553,9257100
2016-06-29,82.959999,83.910004,82.910004,83.910004,79.507469,7927500
2016-06-30,83.910004,84.800003,83.820000,84.669998,80.227608,10969300
2016-07-01,84.519997,84.989998,84.510002,84.779999,80.331841,9531100
2016-07-05,84.480003,85.949997,84.449997,85.440002,80.957214,11403100
2016-07-06,85.370003,85.500000,84.739998,85.029999,80.568710,8356500
2016-07-07,85.230003,85.239998,84.529999,84.830002,80.379211,7905700
2016-07-08,84.980003,85.900002,84.769997,85.769997,81.269882,6827300
2016-07-11,85.610001,85.949997,84.910004,85.750000,81.250931,6156800
2016-07-12,85.489998,85.940002,85.190002,85.750000,81.250931,6649800
2016-07-13,85.809998,86.150002,85.410004,85.889999,81.383598,7572100
2016-07-14,86.440002,86.889999,85.849998,85.870003,81.364639,11342600
2016-07-15,86.250000,86.480003,85.790001,86.010002,81.497292,8491300
2016-07-18,86.019997,86.050003,85.699997,85.930000,81.421501,4781300
2016-07-19,85.669998,86.180000,85.559998,86.169998,81.648895,6078200
2016-07-20,85.379997,85.730003,85.129997,85.320000,81.477005,6289000
2016-07-21,85.019997,85.370003,84.879997,85.260002,81.419708,5407000
2016-07-22,85.500000,85.980003,85.449997,85.720001,81.858994,6165600
2016-07-25,85.529999,85.800003,85.150002,85.800003,81.935394,5605300
2016-07-26,85.680000,86.080002,85.169998,85.269997,81.429253,5379300
2016-07-27,85.239998,85.300003,84.320000,84.459999,80.655739,7734600
2016-07-28,84.419998,84.980003,84.400002,84.809998,80.989983,5911600
2016-07-29,84.889999,85.790001,84.800003,85.589996,81.734848,7520900
2016-08-01,85.440002,86.580002,85.419998,86.410004,82.517906,10420600
2016-08-02,87.019997,87.150002,86.239998,86.760002,82.852150,13083200
2016-08-03,86.510002,86.720001,85.459999,85.970001,82.097725,8192100
2016-08-04,86.120003,86.529999,85.800003,86.050003,82.174133,5557700
2016-08-05,86.080002,86.440002,85.529999,85.779999,81.916290,6729700
2016-08-08,85.610001,85.900002,85.129997,85.760002,81.897179,5388200
2016-08-09,85.860001,86.339996,85.680000,85.989998,82.116829,4158800
2016-08-10,86.260002,86.820000,86.000000,86.309998,82.422424,5981400
2016-08-11,86.699997,87.000000,86.400002,86.730003,82.823502,7350200
2016-08-12,86.919998,87.449997,86.779999,87.040001,83.119530,8063400
2016-08-15,87.519997,87.570000,86.989998,87.019997,83.100433,6871200
2016-08-16,86.980003,87.400002,86.470001,86.580002,82.680244,8071100
2016-08-17,86.449997,87.110001,85.970001,86.959999,83.043137,6762100
2016-08-18,86.940002,87.459999,86.940002,87.440002,83.501526,7082800
2016-08-19,87.199997,87.410004,87.050003,87.309998,83.377357,6199900
2016-08-22,87.139999,87.209999,86.580002,86.849998,82.938080,5921100
2016-08-23,87.129997,87.500000,87.040001,87.400002,83.463318,5420100
2016-08-24,87.320000,87.449997,86.559998,87.309998,83.377357,5713300
2016-08-25,87.300003,87.940002,87.040001,87.900002,83.940796,10595500
2016-08-26,87.870003,88.500000,87.169998,87.580002,83.635216,16408200
2016-08-29,87.389999,88.400002,87.320000,88.300003,84.322784,8875500
2016-08-30,87.720001,88.300003,87.459999,87.540001,83.597015,11619400
2016-08-31,87.750000,87.849998,87.029999,87.309998,83.377357,11407800
2016-09-01,87.360001,88.309998,86.980003,88.309998,84.332321,29793300
2016-09-02,88.480003,88.870003,88.040001,88.199997,84.227287,17470400
2016-09-06,88.250000,88.639999,87.879997,88.639999,84.647461,14472100
2016-09-07,88.309998,88.410004,87.709999,87.949997,83.988548,17556400
2016-09-08,87.949997,88.180000,87.629997,87.779999,83.826195,23437800
2016-09-09,87.099998,87.169998,86.239998,86.239998,82.355568,21955000
2016-09-12,86.040001,88.379997,85.959999,88.250000,84.275032,16105700
2016-09-13,87.550003,87.910004,87.010002,87.050003,83.129074,19682700
2016-09-14,87.120003,87.599998,86.870003,87.010002,83.090897,25397900
2016-09-15,86.750000,88.269997,86.750000,88.059998,84.093597,13833600
2016-09-16,87.620003,88.110001,87.300003,88.050003,84.084045,23518300
2016-09-19,87.919998,88.949997,87.250000,88.370003,84.389641,18986600
2016-09-20,88.500000,88.949997,88.180000,88.580002,84.590164,33986500
2016-09-21,88.540001,88.790001,86.440002,87.800003,83.845306,55409800
2016-09-22,87.769997,89.300003,87.769997,88.989998,84.981697,52692700
2016-09-23,88.629997,88.940002,87.489998,87.760002,83.807106,48281400
2016-09-26,87.419998,88.430000,86.610001,87.849998,83.893051,60276600
2016-09-27,88.059998,88.809998,87.660004,88.360001,84.380081,65150800
2016-09-28,88.980003,89.730003,88.470001,89.459999,85.430527,89806000
2016-09-29,89.160004,89.269997,87.540001,88.230003,84.255928,74587500
2016-09-30,88.300003,90.220001,88.290001,89.750000,85.707466,123735700
2016-10-03,89.349998,89.449997,88.410004,88.660004,84.666565,26789500
2016-10-04,88.290001,88.680000,87.949997,88.349998,84.370529,23317600
2016-10-05,88.480003,89.000000,88.209999,88.849998,84.848007,64580300
2016-10-06,88.610001,89.730003,88.470001,89.220001,85.201340,61462800
2016-10-07,89.010002,90.050003,88.300003,90.000000,85.946205,20518800
2016-10-10,90.190002,90.330002,88.779999,89.059998,85.048546,14155100
2016-10-11,88.830002,89.120003,88.199997,88.540001,84.551971,11723100
2016-10-12,88.739998,89.010002,88.330002,88.570000,84.580620,17118000
2016-10-13,88.050003,88.570000,87.599998,88.239998,84.265472,11158100
2016-10-14,88.500000,88.959999,88.220001,88.430000,84.446930,7369000
2016-10-17,88.430000,88.650002,87.709999,87.830002,83.873947,7610600
2016-10-18,88.209999,88.269997,87.440002,87.449997,83.511070,10649000
2016-10-19,86.650002,86.820000,85.440002,85.540001,82.317772,12788800
2016-10-20,85.379997,85.519997,84.790001,84.930000,81.730751,10175100
2016-10-21,84.410004,84.860001,84.239998,84.330002,81.153358,13974100
2016-10-24,84.389999,84.699997,84.059998,84.099998,80.932022,10573200
2016-10-25,87.489998,88.080002,86.970001,86.970001,83.693909,20761200
2016-10-26,86.910004,87.739998,86.779999,87.400002,84.107719,8464100
2016-10-27,87.510002,87.599998,86.449997,86.580002,83.318611,6598300
2016-10-28,86.870003,87.230003,86.449997,86.839996,83.568802,7021100
2016-10-31,87.010002,87.470001,86.690002,86.800003,83.530319,8207100
2016-11-01,86.580002,86.989998,86.480003,86.849998,83.578423,8564500
2016-11-02,86.769997,87.410004,86.559998,86.739998,83.472572,7773200
2016-11-03,86.800003,86.980003,86.470001,86.599998,83.337852,6899900
2016-11-04,86.690002,86.730003,85.070000,85.080002,81.875107,9378100
2016-11-07,86.019997,86.570000,85.599998,86.559998,83.299347,8878500
2016-11-08,86.769997,87.690002,86.589996,87.459999,84.165451,7657000
2016-11-09,85.260002,86.540001,84.309998,85.930000,82.693092,11972500
2016-11-10,85.510002,85.699997,82.180000,82.959999,79.834961,22095000
2016-11-11,82.669998,84.059998,82.650002,83.580002,80.431610,8905700
2016-11-14,83.559998,83.779999,82.760002,83.000000,79.873451,12294000
2016-11-15,84.580002,84.580002,82.879997,83.620003,80.470100,9464000
2016-11-16,83.980003,84.199997,83.169998,83.190002,80.056305,8532600
2016-11-17,83.269997,83.500000,82.930000,83.070000,79.940819,9083700
2016-11-18,82.919998,83.099998,81.989998,82.000000,78.911133,14565500
2016-11-21,82.000000,82.750000,81.709999,82.639999,79.527016,11482100
2016-11-22,83.010002,83.180000,82.660004,82.760002,79.642502,7426500
2016-11-23,82.589996,82.930000,82.519997,82.680000,79.565514,7693300
2016-11-25,82.989998,83.459999,82.949997,83.459999,80.316124,3882900
2016-11-28,83.129997,83.360001,82.760002,83.070000,79.940819,6990100
2016-11-29,83.419998,83.480003,82.690002,82.889999,79.767601,6183100
2016-11-30,82.519997,82.830002,82.260002,82.459999,79.353798,12115500
2016-12-01,82.209999,82.320000,81.180000,81.860001,78.776398,12516900
2016-12-02,82.349998,82.680000,82.070000,82.400002,79.296059,9079400
2016-12-05,82.559998,83.080002,82.480003,82.989998,79.863831,8597500
2016-12-06,83.239998,83.250000,82.610001,82.910004,79.786842,7327200
2016-12-07,82.739998,84.279999,82.709999,84.180000,81.009003,8567700
2016-12-08,83.790001,84.180000,83.500000,83.500000,80.354622,7522800
2016-12-09,83.519997,84.400002,83.470001,84.370003,81.191849,8004500
2016-12-12,84.209999,85.180000,84.209999,85.129997,81.923218,7494100
2016-12-13,84.669998,85.360001,84.529999,85.180000,81.971336,11795900
2016-12-14,85.290001,85.739998,84.169998,84.370003,81.191849,12292200
2016-12-15,84.150002,84.800003,83.610001,84.680000,81.490166,8768100
2016-12-16,84.900002,85.120003,84.150002,84.680000,81.490166,18095400
2016-12-19,84.750000,84.980003,84.320000,84.709999,81.519043,6431200
2016-12-20,84.570000,84.709999,84.190002,84.570000,81.384315,7485400
2016-12-21,84.190002,84.730003,84.120003,84.279999,81.105240,6099300
2016-12-22,84.000000,84.610001,83.870003,84.470001,81.288078,7864800
2016-12-23,84.680000,85.180000,84.550003,84.959999,81.759621,5271700
2016-12-27,84.900002,84.940002,84.419998,84.599998,81.413177,3782600
2016-12-28,84.400002,84.629997,83.949997,84.070000,80.903152,4298800
2016-12-29,84.239998,84.489998,84.099998,84.349998,81.172592,3684900
2016-12-30,84.169998,84.449997,83.919998,84.080002,80.912773,6209800
2017-01-03,83.879997,84.389999,83.500000,84.199997,81.028259,8792700
2017-01-04,84.449997,84.599998,84.239998,84.500000,81.316956,8096700
2017-01-05,84.410004,85.430000,84.379997,85.059998,81.855858,6852400
2017-01-06,84.940002,85.250000,84.620003,85.029999,81.826988,4799900
2017-01-09,84.059998,84.660004,83.750000,84.400002,81.220726,10981100
2017-01-10,84.339996,84.430000,83.239998,83.489998,80.344994,10918200
2017-01-11,83.389999,83.750000,83.279999,83.750000,80.595200,9572300
2017-01-12,83.709999,83.879997,83.370003,83.839996,80.681808,6545400
2017-01-13,83.849998,84.019997,83.440002,84.010002,80.845406,6762800
2017-01-17,83.900002,85.580002,83.879997,85.209999,82.000206,13097600
2017-01-18,84.800003,85.300003,84.589996,84.930000,82.378487,10520400
2017-01-19,84.629997,85.000000,84.279999,84.699997,82.155396,14074500
2017-01-20,86.889999,87.980003,86.419998,87.449997,84.822777,22944400
2017-01-23,87.089996,87.349998,86.849998,86.959999,84.347504,9408900
2017-01-24,87.220001,87.949997,87.220001,87.860001,85.220467,8704700
2017-01-25,87.839996,87.900002,87.059998,87.160004,84.541496,8082900
2017-01-26,87.120003,87.230003,86.589996,86.599998,83.998322,6542300
2017-01-27,86.449997,86.849998,86.019997,86.720001,84.114723,9332300
2017-01-30,86.779999,86.860001,86.500000,86.750000,84.143806,7350000
2017-01-31,86.629997,87.660004,86.529999,87.599998,84.968285,9712400
2017-02-01,87.029999,87.589996,86.750000,87.330002,84.706390,8291000
2017-02-02,87.610001,88.349998,87.250000,87.760002,85.123474,8997200
2017-02-03,88.120003,88.169998,87.389999,87.410004,84.783989,7161900
2017-02-06,87.500000,87.790001,87.129997,87.400002,84.774284,7483000
2017-02-07,87.639999,88.279999,87.480003,88.010002,85.365952,6646100
2017-02-08,88.070000,88.339996,87.809998,88.330002,85.676346,6815800
2017-02-09,88.330002,88.779999,88.029999,88.669998,86.006134,9914100
2017-02-10,88.559998,88.730003,87.970001,87.970001,85.327164,11057600
2017-02-13,88.040001,88.360001,87.639999,88.309998,85.656944,6905100
2017-02-14,88.000000,88.220001,87.230003,87.860001,85.220467,17199500
2017-02-15,89.809998,91.150002,89.809998,91.120003,88.382530,25847700
2017-02-16,90.919998,91.120003,90.540001,90.790001,88.062439,12408500
2017-02-17,90.610001,91.360001,90.449997,91.089996,88.353432,12152400
2017-02-21,90.580002,91.800003,90.580002,91.669998,88.916000,9018700
2017-02-22,91.449997,91.800003,91.250000,91.440002,88.692917,6749900
2017-02-23,91.610001,91.800003,90.910004,91.129997,88.392220,7611600
2017-02-24,90.970001,91.339996,90.669998,91.050003,88.314629,6643400
2017-02-27,90.529999,90.910004,90.059998,90.889999,88.159439,11840300
2017-02-28,90.900002,91.790001,90.650002,91.070000,88.334030,10535600
2017-03-01,91.050003,91.889999,90.709999,91.660004,88.906319,8792200
2017-03-02,91.400002,91.589996,90.879997,90.910004,88.178848,7031200
2017-03-03,90.910004,90.910004,89.889999,90.500000,87.781151,8334900
2017-03-06,89.889999,90.510002,89.589996,90.370003,87.655067,9533800
2017-03-07,90.139999,90.489998,90.059998,90.290001,87.577461,5363000
2017-03-08,90.019997,90.349998,89.760002,90.139999,87.431976,5503700
2017-03-09,90.139999,90.489998,90.099998,90.339996,87.625961,5587400
2017-03-10,90.800003,91.160004,90.650002,91.070000,88.334030,6797800
2017-03-13,91.059998,91.489998,90.849998,91.309998,88.566818,7397500
2017-03-14,91.260002,91.589996,90.820000,91.000000,88.266129,6686400
2017-03-15,91.000000,91.779999,90.730003,91.400002,88.654121,7855300
2017-03-16,91.440002,91.720001,91.099998,91.440002,88.692917,6601200
2017-03-17,91.449997,92.000000,90.919998,91.000000,88.266129,37010100
2017-03-20,90.959999,91.410004,90.940002,91.220001,88.479523,7772900
2017-03-21,91.300003,91.750000,91.029999,91.190002,88.450424,8211000
2017-03-22,91.309998,91.800003,90.750000,90.989998,88.256432,7798000
2017-03-23,90.910004,91.459999,90.599998,90.769997,88.043037,6831400
2017-03-24,90.769997,90.919998,90.209999,90.570000,87.849045,9252000
2017-03-27,90.449997,90.720001,90.180000,90.489998,87.771454,10072000
2017-03-28,90.169998,91.059998,90.129997,90.760002,88.033348,11855800
2017-03-29,90.559998,90.870003,90.389999,90.599998,87.878151,4252800
2017-03-30,90.500000,90.570000,90.099998,90.199997,87.490166,3691900
2017-03-31,90.029999,90.339996,89.839996,89.849998,87.150681,6942400
2017-04-03,89.860001,90.059998,89.449997,89.680000,86.985786,6967400
2017-04-04,89.750000,89.959999,89.419998,89.910004,87.208885,5680800
2017-04-05,90.000000,90.500000,89.760002,89.970001,87.267082,6320100
2017-04-06,89.769997,89.809998,89.309998,89.400002,86.714203,7231500
2017-04-07,89.459999,89.610001,89.180000,89.230003,86.549309,4739100
2017-04-10,89.129997,89.680000,88.750000,89.489998,86.801498,5956000
2017-04-11,89.660004,89.820000,89.290001,89.800003,87.102180,5186000
2017-04-12,89.699997,90.419998,89.559998,90.309998,87.596863,6286300
2017-04-13,90.050003,90.540001,89.790001,90.029999,87.325264,5040100
2017-04-17,90.230003,90.589996,90.129997,90.389999,87.674461,6931700
2017-04-18,90.400002,91.129997,90.339996,90.800003,88.072136,7087800
2017-04-19,90.099998,90.449997,89.500000,89.599998,87.573669,6919000
2017-04-20,89.699997,89.699997,89.309998,89.330002,87.309784,6983500
2017-04-21,89.169998,89.279999,88.610001,88.620003,86.615837,9061200
2017-04-24,89.120003,89.660004,89.010002,89.550003,87.524811,8338500
2017-04-25,89.580002,90.250000,89.470001,90.000000,87.964638,9088400
2017-04-26,89.849998,90.000000,87.610001,87.739998,85.755737,11951300
2017-04-27,87.580002,88.239998,87.230003,87.690002,85.706871,8517500
2017-04-28,87.519997,87.589996,87.150002,87.330002,85.355011,8245400
2017-05-01,87.379997,87.599998,87.080002,87.089996,85.120438,4546600
2017-05-02,87.290001,87.290001,86.019997,86.220001,84.270111,13197500
2017-05-03,86.300003,86.629997,85.900002,86.430000,84.475365,6122000
2017-05-04,86.849998,87.239998,86.300003,86.449997,84.494911,5986200
2017-05-05,86.540001,86.610001,86.129997,86.500000,84.543785,4506200
2017-05-08,86.330002,86.620003,86.239998,86.550003,84.592659,4634600
2017-05-09,86.800003,86.820000,86.220001,86.400002,84.446045,9577600
2017-05-10,86.480003,86.790001,86.389999,86.489998,84.534012,6178500
2017-05-11,86.610001,86.629997,85.879997,86.169998,84.221237,6064700
2017-05-12,86.239998,86.320000,85.919998,86.190002,84.240799,5892400
2017-05-15,86.650002,86.709999,86.250000,86.330002,84.377632,5820700
2017-05-16,86.879997,87.000000,86.190002,86.239998,84.289665,6554500
2017-05-17,86.239998,86.629997,85.930000,86.260002,84.309212,7805800
2017-05-18,86.180000,86.220001,85.519997,85.870003,83.928024,6985600
2017-05-19,86.000000,86.379997,85.669998,86.239998,84.289665,7320700
2017-05-22,86.250000,86.400002,86.029999,86.209999,84.260345,4260000
2017-05-23,86.279999,86.540001,85.980003,86.080002,84.133278,4394200
2017-05-24,86.449997,86.650002,86.209999,86.500000,84.543785,4878800
2017-05-25,86.580002,86.980003,86.550003,86.860001,84.895638,4368000
2017-05-26,86.930000,87.379997,86.820000,87.250000,85.276817,4337000
2017-05-30,87.250000,87.610001,87.099998,87.400002,85.423431,4594500
2017-05-31,87.669998,88.349998,87.449997,88.089996,86.097816,10146600
2017-06-01,88.019997,88.139999,87.370003,88.129997,86.136917,6251300
2017-06-02,88.400002,88.680000,88.010002,88.589996,86.586510,6136400
2017-06-05,88.300003,88.760002,88.000000,88.739998,86.733116,4115300
2017-06-06,88.760002,88.970001,88.449997,88.800003,86.791771,6503000
2017-06-07,88.680000,88.889999,88.400002,88.769997,86.762444,4781600
2017-06-08,88.769997,88.800003,87.360001,87.849998,85.863243,7611400
2017-06-09,87.849998,88.209999,87.550003,88.160004,86.166245,9696900
2017-06-12,88.160004,88.660004,88.089996,88.239998,86.244431,7867700
2017-06-13,88.360001,88.400002,87.769997,88.059998,86.068497,6419300
2017-06-14,88.489998,88.750000,88.059998,88.440002,86.439911,6183900
2017-06-15,88.230003,89.620003,88.230003,89.379997,87.358643,7047500
2017-06-16,89.720001,89.769997,88.809998,89.660004,87.632317,13855000
2017-06-19,89.599998,89.860001,89.199997,89.860001,87.827789,5246200
2017-06-20,89.769997,90.209999,89.610001,89.629997,87.602989,5674200
2017-06-21,89.620003,89.949997,89.290001,89.400002,87.378204,4164500
2017-06-22,89.269997,89.410004,88.900002,89.029999,87.016563,4536700
2017-06-23,89.029999,89.800003,88.900002,89.419998,87.397743,8782100
2017-06-26,89.629997,89.680000,89.269997,89.360001,87.339111,4373300
2017-06-27,89.360001,89.360001,88.610001,88.610001,86.606064,5180400
2017-06-28,89.080002,89.209999,88.260002,88.370003,86.371498,4875000
2017-06-29,88.019997,88.220001,86.930000,86.989998,85.022697,8123500
2017-06-30,87.050003,87.470001,87.000000,87.150002,85.179077,6070300
2017-07-03,87.400002,88.000000,87.180000,87.739998,85.755737,3607400
2017-07-05,87.860001,88.000000,87.489998,87.669998,85.687317,4974300
2017-07-06,87.650002,87.949997,87.360001,87.370003,85.394112,6038900
2017-07-07,87.690002,87.820000,87.279999,87.650002,85.667778,5142200
2017-07-10,87.629997,87.870003,86.889999,87.089996,85.120438,5356400
2017-07-11,87.230003,87.449997,86.309998,86.769997,84.807671,5838600
2017-07-12,87.239998,87.470001,86.830002,86.959999,84.993378,4374200
2017-07-13,86.769997,87.050003,86.500000,86.699997,84.739258,5448900
2017-07-14,86.959999,87.290001,86.730003,87.099998,85.130211,4577700
2017-07-17,87.070000,87.910004,86.739998,87.550003,85.570030,5227800
2017-07-18,87.610001,88.760002,87.459999,88.639999,86.635384,7492300
2017-07-19,87.870003,88.410004,87.599998,88.349998,87.029404,6008500
2017-07-20,88.320000,89.309998,88.309998,88.599998,87.275665,7285000
2017-07-21,88.160004,88.680000,87.809998,88.610001,87.285522,5714800
2017-07-24,88.550003,88.599998,87.970001,88.180000,86.861946,6202000
2017-07-25,88.669998,89.199997,88.540001,89.139999,87.807602,6766700
2017-07-26,89.000000,89.419998,88.870003,89.300003,87.965210,6987000
2017-07-27,90.290001,90.750000,89.000000,90.680000,89.324585,11089200
2017-07-28,90.559998,91.000000,89.959999,90.209999,88.861603,6137500
2017-07-31,90.209999,91.070000,90.209999,90.820000,89.462486,7835700
2017-08-01,91.029999,91.730003,90.720001,91.099998,89.738297,8662100
2017-08-02,90.970001,91.300003,90.529999,91.040001,89.679199,7167700
2017-08-03,90.860001,91.750000,90.820000,90.860001,89.501892,6413200
2017-08-04,90.690002,91.080002,90.529999,90.669998,89.314728,5824400
2017-08-07,90.669998,91.559998,90.519997,91.440002,90.073227,5011300
2017-08-08,91.400002,91.940002,91.230003,91.580002,90.211128,5623400
2017-08-09,91.519997,91.940002,91.519997,91.919998,90.546043,5572800
2017-08-10,91.860001,92.000000,91.690002,91.739998,90.368729,6338200
2017-08-11,91.940002,92.080002,91.290001,91.339996,89.974709,7094200
2017-08-14,91.540001,91.949997,91.250000,91.650002,90.280083,5339900
2017-08-15,91.910004,92.360001,91.879997,92.199997,90.821861,5293400
2017-08-16,92.290001,92.949997,92.190002,92.440002,91.058273,7965500
2017-08-17,92.400002,92.669998,92.070000,92.070000,90.693810,5711400
2017-08-18,91.980003,92.779999,91.849998,92.470001,91.087830,6815000
2017-08-21,92.379997,92.959999,92.360001,92.860001,91.471992,4334300
2017-08-22,92.910004,92.959999,92.589996,92.790001,91.403046,4731500
2017-08-23,92.500000,92.660004,92.279999,92.440002,91.058273,3631900
2017-08-24,92.440002,92.570000,92.040001,92.269997,90.890816,5173700
2017-08-25,92.650002,92.860001,92.410004,92.510002,91.127228,4933000
2017-08-28,92.519997,92.709999,91.980003,92.470001,91.087830,5386500
2017-08-29,92.480003,92.690002,92.239998,92.320000,90.940071,3676300
2017-08-30,92.080002,92.080002,91.660004,91.870003,90.496796,4709600
2017-08-31,91.889999,92.389999,91.839996,92.269997,90.890816,5864400
2017-09-01,92.419998,92.660004,92.260002,92.529999,91.146927,4960700
2017-09-05,92.180000,92.739998,92.040001,92.720001,91.334091,6532100
2017-09-06,92.790001,92.910004,92.360001,92.720001,91.334091,6747200
2017-09-07,92.739998,93.360001,92.330002,92.970001,91.580353,7735400
2017-09-08,92.760002,93.150002,92.510002,92.839996,91.452293,6070100
2017-09-11,93.089996,94.190002,92.900002,93.989998,92.585106,10177300
2017-09-12,93.720001,93.980003,93.209999,93.510002,92.112282,5804000
2017-09-13,93.500000,93.769997,93.449997,93.550003,92.151688,5369300
2017-09-14,93.230003,93.650002,93.180000,93.550003,92.151688,5492300
2017-09-15,93.820000,93.820000,92.820000,93.269997,91.875862,12428800
2017-09-18,93.169998,93.500000,92.860001,93.150002,91.757668,6177700
2017-09-19,93.339996,94.449997,93.339996,94.169998,92.762413,6587200
2017-09-20,94.169998,94.669998,93.830002,94.400002,92.988976,5941500
2017-09-21,94.150002,94.500000,92.449997,92.639999,91.255287,9376700
2017-09-22,92.550003,93.000000,92.080002,92.239998,90.861259,6837700
2017-09-25,92.430000,93.089996,92.330002,92.720001,91.334091,6436200
2017-09-26,92.820000,92.849998,92.199997,92.650002,91.265137,4885200
2017-09-27,92.519997,92.519997,90.339996,90.870003,89.511742,9631200
2017-09-28,90.860001,91.120003,90.629997,90.889999,89.531441,4999800
2017-09-29,90.970001,91.430000,90.699997,90.980003,89.620094,6634500
2017-10-02,91.260002,92.400002,91.239998,91.769997,90.398285,7302400
2017-10-03,91.959999,92.339996,91.559998,92.120003,90.743057,5909900
2017-10-04,92.120003,92.800003,92.019997,92.419998,91.038567,6140700
2017-10-05,92.489998,92.650002,91.940002,92.029999,90.654404,6912800
2017-10-06,92.000000,92.349998,91.879997,92.330002,90.949921,5241900
2017-10-09,92.400002,92.620003,91.930000,92.120003,90.743057,5149000
2017-10-10,92.370003,93.040001,89.860001,91.620003,90.250534,17125600
2017-10-11,91.089996,91.730003,91.070000,91.459999,90.092918,7115400
2017-10-12,91.410004,92.309998,91.389999,92.150002,90.772614,5984900
2017-10-13,92.699997,93.510002,92.589996,93.040001,91.649307,6956700
2017-10-16,92.970001,93.370003,92.709999,93.139999,91.747803,4159100
2017-10-17,93.040001,93.089996,92.400002,92.800003,91.412895,5316100
2017-10-18,92.779999,92.949997,92.010002,92.769997,91.383339,7399700
2017-10-19,91.699997,91.989998,91.139999,91.589996,90.897041,8585000
2017-10-20,89.720001,89.959999,87.589996,88.250000,87.582321,19997800
2017-10-23,88.629997,88.860001,86.870003,87.300003,86.639511,13358200
2017-10-24,87.370003,87.419998,86.779999,86.980003,86.321930,11519000
2017-10-25,86.900002,87.110001,86.279999,86.860001,86.202835,9024300
2017-10-26,87.190002,87.769997,87.099998,87.500000,86.837990,6233800
2017-10-27,87.529999,87.529999,86.449997,87.040001,86.381477,7433800
2017-10-30,86.910004,87.080002,86.160004,86.269997,85.617294,5387100
2017-10-31,86.489998,86.500000,85.720001,86.339996,85.686768,7119000
2017-11-01,86.330002,87.139999,86.110001,86.889999,86.232605,4884100
2017-11-02,86.779999,87.040001,86.230003,86.510002,85.855484,5021200
2017-11-03,86.779999,87.160004,86.459999,86.580002,85.924957,5106500
2017-11-06,86.550003,86.639999,86.029999,86.050003,85.398964,5186700
2017-11-07,86.040001,87.000000,85.419998,86.980003,86.321930,6875100
2017-11-08,86.989998,87.599998,86.800003,87.580002,86.917389,6910000
2017-11-09,87.349998,88.169998,87.300003,87.779999,87.115875,5280000
2017-11-10,87.989998,88.389999,87.779999,88.160004,87.493004,7227300
2017-11-13,88.669998,89.410004,88.629997,89.000000,88.326645,6873500
2017-11-14,88.739998,89.050003,88.470001,88.870003,88.197632,5035500
2017-11-15,88.730003,88.940002,88.000000,88.230003,87.562469,6688100
2017-11-16,89.839996,89.900002,88.769997,89.250000,88.574753,7205100
2017-11-17,88.949997,89.089996,88.080002,88.430000,87.760956,5941800
2017-11-20,88.430000,88.559998,87.709999,88.269997,87.602165,4926200
2017-11-21,88.180000,89.209999,88.019997,88.720001,88.048767,6196400
2017-11-22,88.500000,88.910004,88.059998,88.330002,87.661713,6006900
2017-11-24,88.589996,88.959999,88.419998,88.449997,87.780800,2196700
2017-11-27,88.330002,89.099998,88.150002,88.959999,88.286949,6199700
2017-11-28,89.480003,89.519997,88.910004,89.400002,88.723618,4841300
2017-11-29,89.400002,89.809998,89.029999,89.379997,88.703766,5158900
2017-11-30,89.349998,90.370003,89.209999,89.989998,89.309151,9789900
2017-12-01,90.180000,90.529999,89.120003,90.360001,89.676353,7953200
2017-12-04,91.760002,91.910004,89.830002,91.410004,90.718414,9003700
2017-12-05,91.519997,91.839996,91.070000,91.400002,90.708488,8683000
2017-12-06,91.389999,91.779999,91.070000,91.250000,90.559624,6737400
2017-12-07,91.050003,91.070000,89.889999,90.099998,89.418320,7273600
2017-12-08,90.019997,90.370003,89.580002,90.370003,89.686279,5883400
2017-12-11,90.230003,90.330002,89.750000,90.230003,89.547340,4856000
2017-12-12,90.449997,90.510002,89.820000,89.849998,89.170212,6558900
2017-12-13,90.019997,91.410004,89.970001,90.879997,90.192421,7141000
2017-12-14,90.940002,91.430000,90.900002,91.000000,90.311516,5853500
2017-12-15,91.570000,92.269997,91.480003,91.889999,91.194778,15924000
2017-12-18,91.980003,93.139999,91.809998,91.879997,91.184853,7405700
2017-12-19,92.000000,92.129997,91.580002,91.680000,90.986366,5644400
2017-12-20,91.800003,91.970001,91.349998,91.529999,90.837502,6938500
2017-12-21,91.660004,92.080002,91.529999,91.669998,90.976440,4860400
2017-12-22,91.879997,92.430000,91.720001,92.129997,91.432961,4919400
2017-12-26,92.349998,92.769997,92.150002,92.480003,91.780319,3431900
2017-12-27,92.489998,92.750000,91.930000,92.099998,91.403191,4276700
2017-12-28,92.300003,92.540001,91.910004,92.070000,91.373413,3005400
2017-12-29,92.239998,92.459999,91.879997,91.879997,91.184853,4346700
